OrderID,CustomerID,EmployeeID,OrderDate,RequiredDate,ShippedDate,Shipvia,Freight,ShipName,ShipAddress,ShipCity,ShipRegion,ShipPostalCode,ShipCountry,OrderYear,OrderMonth,OrderMonthName,OrderMonthDate,ProductID,UnitPrice_order,Quantity,Discount,ProductName,SupplierID,CategoryID,QuantityPerUnit,UnitPrice_product,UnitsInStock,UnitsOnOrder,ReorderLevel,Discontinued,CategoryName,BuyingCost,SellingPrice,Revenue,COGS,GrossProfit,GrossMargin,Month,DiscountBand
10248,VINET,5,1996-07-04,1996-08-01,1996-07-16,3,32.38,Vins et alcools Chevalier,59 rue de l'Abbaye,Reims,,51100,France,1996,7,July,1996-07,11,14.0,12,0.0,Queso Cabrales,5,4,1 kg pkg.,10.5,22,30,30,0,Dairy Products,10.5,14.0,168.0,126.0,42.0,0.25,1996-07,0%
10248,VINET,5,1996-07-04,1996-08-01,1996-07-16,3,32.38,Vins et alcools Chevalier,59 rue de l'Abbaye,Reims,,51100,France,1996,7,July,1996-07,42,9.8,10,0.0,Singaporean Hokkien Fried Mee,20,5,32 - 1 kg pkgs.,7.0,26,0,0,1,Grains/Cereals,7.0,9.8,98.0,70.0,28.0,0.2857142857142857,1996-07,0%
10248,VINET,5,1996-07-04,1996-08-01,1996-07-16,3,32.38,Vins et alcools Chevalier,59 rue de l'Abbaye,Reims,,51100,France,1996,7,July,1996-07,72,34.8,5,0.0,Mozzarella di Giovanni,14,4,24 - 200 g pkgs.,17.4,14,0,0,0,Dairy Products,17.4,34.8,174.0,87.0,87.0,0.5,1996-07,0%
10249,TOMSP,6,1996-07-05,1996-08-16,1996-07-10,1,11.61,Toms Spezialitהten,Luisenstr. 48,Mnster,,44087,Germany,1996,7,July,1996-07,14,18.6,9,0.0,Tofu,6,7,40 - 100 g pkgs.,11.625,35,0,0,0,Produce,11.625,18.6,167.4,104.625,62.775000000000006,0.375,1996-07,0%
10249,TOMSP,6,1996-07-05,1996-08-16,1996-07-10,1,11.61,Toms Spezialitהten,Luisenstr. 48,Mnster,,44087,Germany,1996,7,July,1996-07,51,42.4,40,0.0,Manjimup Dried Apples,24,7,50 - 300 g pkgs.,26.5,20,0,10,0,Produce,26.5,42.4,1696.0,1060.0,636.0,0.375,1996-07,0%
10250,HANAR,4,1996-07-08,1996-08-05,1996-07-12,2,65.83,Hanari Carnes,"Rua do Paחo, 67",Rio de Janeiro,RJ,05454-876,Brazil,1996,7,July,1996-07,41,7.7,10,0.0,Jack's New England Clam Chowder,19,8,12 - 12 oz cans,4.825,85,0,10,0,Seafood,4.825,7.7,77.0,48.25,28.75,0.37337662337662336,1996-07,0%
10250,HANAR,4,1996-07-08,1996-08-05,1996-07-12,2,65.83,Hanari Carnes,"Rua do Paחo, 67",Rio de Janeiro,RJ,05454-876,Brazil,1996,7,July,1996-07,51,42.4,35,0.15,Manjimup Dried Apples,24,7,50 - 300 g pkgs.,26.5,20,0,10,0,Produce,26.5,42.4,1261.3999999999999,927.5,333.89999999999986,0.2647058823529411,1996-07,10-20%
10250,HANAR,4,1996-07-08,1996-08-05,1996-07-12,2,65.83,Hanari Carnes,"Rua do Paחo, 67",Rio de Janeiro,RJ,05454-876,Brazil,1996,7,July,1996-07,65,16.8,15,0.15,Louisiana Fiery Hot Pepper Sauce,2,2,32 - 8 oz bottles,10.525,76,0,0,0,Condiments,10.525,16.8,214.2,157.875,56.32499999999999,0.2629551820728291,1996-07,10-20%
10251,VICTE,3,1996-07-08,1996-08-05,1996-07-15,1,41.34,Victuailles en stock,"2, rue du Commerce",Lyon,,69004,France,1996,7,July,1996-07,22,16.8,6,0.05,Gustaf's Knהckebrצd,9,5,24 - 500 g pkgs.,10.5,104,0,25,0,Grains/Cereals,10.5,16.8,95.76,63.0,32.760000000000005,0.34210526315789475,1996-07,0-5%
10251,VICTE,3,1996-07-08,1996-08-05,1996-07-15,1,41.34,Victuailles en stock,"2, rue du Commerce",Lyon,,69004,France,1996,7,July,1996-07,57,15.6,15,0.05,Ravioli Angelo,26,5,24 - 250 g pkgs.,9.75,36,0,20,0,Grains/Cereals,9.75,15.6,222.29999999999998,146.25,76.04999999999998,0.3421052631578947,1996-07,0-5%
10251,VICTE,3,1996-07-08,1996-08-05,1996-07-15,1,41.34,Victuailles en stock,"2, rue du Commerce",Lyon,,69004,France,1996,7,July,1996-07,65,16.8,20,0.0,Louisiana Fiery Hot Pepper Sauce,2,2,32 - 8 oz bottles,10.525,76,0,0,0,Condiments,10.525,16.8,336.0,210.5,125.5,0.37351190476190477,1996-07,0%
10252,SUPRD,4,1996-07-09,1996-08-06,1996-07-11,2,51.3,Suprךmes dיlices,"Boulevard Tirou, 255",Charleroi,,B-6000,Belgium,1996,7,July,1996-07,20,64.8,40,0.05,Sir Rodney's Marmalade,8,3,30 gift boxes,40.5,40,0,0,0,Confections,40.5,64.8,2462.4,1620.0,842.4000000000001,0.34210526315789475,1996-07,0-5%
10252,SUPRD,4,1996-07-09,1996-08-06,1996-07-11,2,51.3,Suprךmes dיlices,"Boulevard Tirou, 255",Charleroi,,B-6000,Belgium,1996,7,July,1996-07,33,2.0,25,0.05,Geitost,15,4,500 g,1.25,112,0,20,0,Dairy Products,1.25,2.0,47.5,31.25,16.25,0.34210526315789475,1996-07,0-5%
10252,SUPRD,4,1996-07-09,1996-08-06,1996-07-11,2,51.3,Suprךmes dיlices,"Boulevard Tirou, 255",Charleroi,,B-6000,Belgium,1996,7,July,1996-07,60,27.2,40,0.0,Camembert Pierrot,28,4,15 - 300 g rounds,17.0,19,0,0,0,Dairy Products,17.0,27.2,1088.0,680.0,408.0,0.375,1996-07,0%
10253,HANAR,3,1996-07-10,1996-07-24,1996-07-16,2,58.17,Hanari Carnes,"Rua do Paחo, 67",Rio de Janeiro,RJ,05454-876,Brazil,1996,7,July,1996-07,31,10.0,20,0.0,Gorgonzola Telino,14,4,12 - 100 g pkgs,6.25,0,70,20,0,Dairy Products,6.25,10.0,200.0,125.0,75.0,0.375,1996-07,0%
10253,HANAR,3,1996-07-10,1996-07-24,1996-07-16,2,58.17,Hanari Carnes,"Rua do Paחo, 67",Rio de Janeiro,RJ,05454-876,Brazil,1996,7,July,1996-07,39,14.4,42,0.0,Chartreuse verte,18,1,750 cc per bottle,9.0,69,0,5,0,Beverages,9.0,14.4,604.8000000000001,378.0,226.80000000000007,0.37500000000000006,1996-07,0%
10253,HANAR,3,1996-07-10,1996-07-24,1996-07-16,2,58.17,Hanari Carnes,"Rua do Paחo, 67",Rio de Janeiro,RJ,05454-876,Brazil,1996,7,July,1996-07,49,16.0,40,0.0,Maxilaku,23,3,24 - 50 g pkgs.,10.0,10,60,15,0,Confections,10.0,16.0,640.0,400.0,240.0,0.375,1996-07,0%
10254,CHOPS,5,1996-07-11,1996-08-08,1996-07-23,2,22.98,Chop-suey Chinese,Hauptstr. 31,Bern,,3012,Switzerland,1996,7,July,1996-07,24,3.6,15,0.15,Guaranב Fantבstica,10,1,12 - 355 ml cans,2.25,20,0,0,1,Beverages,2.25,3.6,45.9,33.75,12.149999999999999,0.2647058823529412,1996-07,10-20%
10254,CHOPS,5,1996-07-11,1996-08-08,1996-07-23,2,22.98,Chop-suey Chinese,Hauptstr. 31,Bern,,3012,Switzerland,1996,7,July,1996-07,55,19.2,21,0.15,Pגtי chinois,25,6,24 boxes x 2 pies,12.0,115,0,20,0,Meat/Poultry,12.0,19.2,342.71999999999997,252.0,90.71999999999997,0.2647058823529411,1996-07,10-20%
10254,CHOPS,5,1996-07-11,1996-08-08,1996-07-23,2,22.98,Chop-suey Chinese,Hauptstr. 31,Bern,,3012,Switzerland,1996,7,July,1996-07,74,8.0,21,0.0,Longlife Tofu,4,7,5 kg pkg.,5.0,4,20,5,0,Produce,5.0,8.0,168.0,105.0,63.0,0.375,1996-07,0%
10255,RICSU,9,1996-07-12,1996-08-09,1996-07-15,3,148.33,Richter Supermarkt,Starenweg 5,Genטve,,1204,Switzerland,1996,7,July,1996-07,2,15.2,20,0.0,Chang,1,1,24 - 12 oz bottles,9.5,17,40,25,0,Beverages,9.5,15.2,304.0,190.0,114.0,0.375,1996-07,0%
10255,RICSU,9,1996-07-12,1996-08-09,1996-07-15,3,148.33,Richter Supermarkt,Starenweg 5,Genטve,,1204,Switzerland,1996,7,July,1996-07,16,13.9,35,0.0,Pavlova,7,3,32 - 500 g boxes,8.725,29,0,10,0,Confections,8.725,13.9,486.5,305.375,181.125,0.3723021582733813,1996-07,0%
10255,RICSU,9,1996-07-12,1996-08-09,1996-07-15,3,148.33,Richter Supermarkt,Starenweg 5,Genטve,,1204,Switzerland,1996,7,July,1996-07,36,15.2,25,0.0,Inlagd Sill,17,8,24 - 250 g  jars,9.5,112,0,20,0,Seafood,9.5,15.2,380.0,237.5,142.5,0.375,1996-07,0%
10255,RICSU,9,1996-07-12,1996-08-09,1996-07-15,3,148.33,Richter Supermarkt,Starenweg 5,Genטve,,1204,Switzerland,1996,7,July,1996-07,59,44.0,30,0.0,Raclette Courdavault,28,4,5 kg pkg.,27.5,79,0,0,0,Dairy Products,27.5,44.0,1320.0,825.0,495.0,0.375,1996-07,0%
10256,WELLI,3,1996-07-15,1996-08-12,1996-07-17,2,13.97,Wellington Importadora,"Rua do Mercado, 12",Resende,SP,08737-363,Brazil,1996,7,July,1996-07,53,26.2,15,0.0,Perth Pasties,24,6,48 pieces,16.4,0,0,0,1,Meat/Poultry,16.4,26.2,393.0,245.99999999999997,147.00000000000003,0.3740458015267176,1996-07,0%
10256,WELLI,3,1996-07-15,1996-08-12,1996-07-17,2,13.97,Wellington Importadora,"Rua do Mercado, 12",Resende,SP,08737-363,Brazil,1996,7,July,1996-07,77,10.4,12,0.0,Original Frankfurter grne Soe,12,2,12 boxes,6.5,32,0,15,0,Condiments,6.5,10.4,124.80000000000001,78.0,46.80000000000001,0.37500000000000006,1996-07,0%
10257,HILAA,4,1996-07-16,1996-08-13,1996-07-22,3,81.91,HILARION-Abastos,Carrera 22 con Ave. Carlos Soublette #8-35,San Cristףbal,Tבchira,5022,Venezuela,1996,7,July,1996-07,27,35.1,25,0.0,Schoggi Schokolade,11,3,100 - 100 g pieces,21.95,49,0,30,0,Confections,21.95,35.1,877.5,548.75,328.75,0.37464387464387466,1996-07,0%
10257,HILAA,4,1996-07-16,1996-08-13,1996-07-22,3,81.91,HILARION-Abastos,Carrera 22 con Ave. Carlos Soublette #8-35,San Cristףbal,Tבchira,5022,Venezuela,1996,7,July,1996-07,39,14.4,6,0.0,Chartreuse verte,18,1,750 cc per bottle,9.0,69,0,5,0,Beverages,9.0,14.4,86.4,54.0,32.400000000000006,0.37500000000000006,1996-07,0%
10257,HILAA,4,1996-07-16,1996-08-13,1996-07-22,3,81.91,HILARION-Abastos,Carrera 22 con Ave. Carlos Soublette #8-35,San Cristףbal,Tבchira,5022,Venezuela,1996,7,July,1996-07,77,10.4,15,0.0,Original Frankfurter grne Soe,12,2,12 boxes,6.5,32,0,15,0,Condiments,6.5,10.4,156.0,97.5,58.5,0.375,1996-07,0%
10258,ERNSH,1,1996-07-17,1996-08-14,1996-07-23,1,140.51,Ernst Handel,Kirchgasse 6,Graz,,8010,Austria,1996,7,July,1996-07,2,15.2,50,0.2,Chang,1,1,24 - 12 oz bottles,9.5,17,40,25,0,Beverages,9.5,15.2,608.0,475.0,133.0,0.21875,1996-07,10-20%
10258,ERNSH,1,1996-07-17,1996-08-14,1996-07-23,1,140.51,Ernst Handel,Kirchgasse 6,Graz,,8010,Austria,1996,7,July,1996-07,5,17.0,65,0.2,Chef Anton's Gumbo Mix,2,2,36 boxes,10.675,0,0,0,1,Condiments,10.675,17.0,884.0,693.875,190.125,0.21507352941176472,1996-07,10-20%
10258,ERNSH,1,1996-07-17,1996-08-14,1996-07-23,1,140.51,Ernst Handel,Kirchgasse 6,Graz,,8010,Austria,1996,7,July,1996-07,32,25.6,6,0.2,Mascarpone Fabioli,14,4,24 - 200 g pkgs.,16.0,9,40,25,0,Dairy Products,16.0,25.6,122.88000000000002,96.0,26.880000000000024,0.21875000000000014,1996-07,10-20%
10259,CENTC,4,1996-07-18,1996-08-15,1996-07-25,3,3.25,Centro comercial Moctezuma,Sierras de Granada 9993,Mיxico D.F.,,5022,Mexico,1996,7,July,1996-07,21,8.0,10,0.0,Sir Rodney's Scones,8,3,24 pkgs. x 4 pieces,5.0,3,40,5,0,Confections,5.0,8.0,80.0,50.0,30.0,0.375,1996-07,0%
10259,CENTC,4,1996-07-18,1996-08-15,1996-07-25,3,3.25,Centro comercial Moctezuma,Sierras de Granada 9993,Mיxico D.F.,,5022,Mexico,1996,7,July,1996-07,37,20.8,1,0.0,Gravad lax,17,8,12 - 500 g pkgs.,13.0,11,50,25,0,Seafood,13.0,20.8,20.8,13.0,7.800000000000001,0.375,1996-07,0%
10260,OTTIK,4,1996-07-19,1996-08-16,1996-07-29,1,55.09,Ottilies Kהseladen,Mehrheimerstr. 369,Kצln,,50739,Germany,1996,7,July,1996-07,41,7.7,16,0.25,Jack's New England Clam Chowder,19,8,12 - 12 oz cans,4.825,85,0,10,0,Seafood,4.825,7.7,92.4,77.2,15.200000000000003,0.1645021645021645,1996-07,20%+
10260,OTTIK,4,1996-07-19,1996-08-16,1996-07-29,1,55.09,Ottilies Kהseladen,Mehrheimerstr. 369,Kצln,,50739,Germany,1996,7,July,1996-07,57,15.6,50,0.0,Ravioli Angelo,26,5,24 - 250 g pkgs.,9.75,36,0,20,0,Grains/Cereals,9.75,15.6,780.0,487.5,292.5,0.375,1996-07,0%
10260,OTTIK,4,1996-07-19,1996-08-16,1996-07-29,1,55.09,Ottilies Kהseladen,Mehrheimerstr. 369,Kצln,,50739,Germany,1996,7,July,1996-07,62,39.4,15,0.25,Tarte au sucre,29,3,48 pies,24.65,17,0,0,0,Confections,24.65,39.4,443.25,369.75,73.5,0.1658206429780034,1996-07,20%+
10260,OTTIK,4,1996-07-19,1996-08-16,1996-07-29,1,55.09,Ottilies Kהseladen,Mehrheimerstr. 369,Kצln,,50739,Germany,1996,7,July,1996-07,70,12.0,21,0.25,Outback Lager,7,1,24 - 355 ml bottles,7.5,15,10,30,0,Beverages,7.5,12.0,189.0,157.5,31.5,0.16666666666666666,1996-07,20%+
10261,QUEDE,4,1996-07-19,1996-08-16,1996-07-30,2,3.05,Que Delםcia,"Rua da Panificadora, 12",Rio de Janeiro,RJ,02389-673,Brazil,1996,7,July,1996-07,21,8.0,20,0.0,Sir Rodney's Scones,8,3,24 pkgs. x 4 pieces,5.0,3,40,5,0,Confections,5.0,8.0,160.0,100.0,60.0,0.375,1996-07,0%
10261,QUEDE,4,1996-07-19,1996-08-16,1996-07-30,2,3.05,Que Delםcia,"Rua da Panificadora, 12",Rio de Janeiro,RJ,02389-673,Brazil,1996,7,July,1996-07,35,14.4,20,0.0,Steeleye Stout,16,1,24 - 12 oz bottles,9.0,20,0,15,0,Beverages,9.0,14.4,288.0,180.0,108.0,0.375,1996-07,0%
10262,RATTC,8,1996-07-22,1996-08-19,1996-07-25,3,48.29,Rattlesnake Canyon Grocery,2817 Milton Dr.,Albuquerque,NM,87110,USA,1996,7,July,1996-07,5,17.0,12,0.2,Chef Anton's Gumbo Mix,2,2,36 boxes,10.675,0,0,0,1,Condiments,10.675,17.0,163.20000000000002,128.10000000000002,35.099999999999994,0.21507352941176464,1996-07,10-20%
10262,RATTC,8,1996-07-22,1996-08-19,1996-07-25,3,48.29,Rattlesnake Canyon Grocery,2817 Milton Dr.,Albuquerque,NM,87110,USA,1996,7,July,1996-07,7,24.0,15,0.0,Uncle Bob's Organic Dried Pears,3,7,12 - 1 lb pkgs.,15.0,15,0,10,0,Produce,15.0,24.0,360.0,225.0,135.0,0.375,1996-07,0%
10262,RATTC,8,1996-07-22,1996-08-19,1996-07-25,3,48.29,Rattlesnake Canyon Grocery,2817 Milton Dr.,Albuquerque,NM,87110,USA,1996,7,July,1996-07,56,30.4,2,0.0,Gnocchi di nonna Alice,26,5,24 - 250 g pkgs.,19.0,21,10,30,0,Grains/Cereals,19.0,30.4,60.8,38.0,22.799999999999997,0.37499999999999994,1996-07,0%
10263,ERNSH,9,1996-07-23,1996-08-20,1996-07-31,3,146.06,Ernst Handel,Kirchgasse 6,Graz,,8010,Austria,1996,7,July,1996-07,16,13.9,60,0.25,Pavlova,7,3,32 - 500 g boxes,8.725,29,0,10,0,Confections,8.725,13.9,625.5,523.5,102.0,0.1630695443645084,1996-07,20%+
10263,ERNSH,9,1996-07-23,1996-08-20,1996-07-31,3,146.06,Ernst Handel,Kirchgasse 6,Graz,,8010,Austria,1996,7,July,1996-07,24,3.6,28,0.0,Guaranב Fantבstica,10,1,12 - 355 ml cans,2.25,20,0,0,1,Beverages,2.25,3.6,100.8,63.0,37.8,0.375,1996-07,0%
10263,ERNSH,9,1996-07-23,1996-08-20,1996-07-31,3,146.06,Ernst Handel,Kirchgasse 6,Graz,,8010,Austria,1996,7,July,1996-07,30,20.7,60,0.25,Nord-Ost Matjeshering,13,8,10 - 200 g glasses,12.945,10,0,15,0,Seafood,12.945,20.7,931.5,776.7,154.79999999999995,0.166183574879227,1996-07,20%+
10263,ERNSH,9,1996-07-23,1996-08-20,1996-07-31,3,146.06,Ernst Handel,Kirchgasse 6,Graz,,8010,Austria,1996,7,July,1996-07,74,8.0,36,0.25,Longlife Tofu,4,7,5 kg pkg.,5.0,4,20,5,0,Produce,5.0,8.0,216.0,180.0,36.0,0.16666666666666666,1996-07,20%+
10264,FOLKO,6,1996-07-24,1996-08-21,1996-08-23,3,3.67,Folk och fה HB,ֵkergatan 24,Brהcke,,S-844 67,Sweden,1996,7,July,1996-07,2,15.2,35,0.0,Chang,1,1,24 - 12 oz bottles,9.5,17,40,25,0,Beverages,9.5,15.2,532.0,332.5,199.5,0.375,1996-07,0%
10264,FOLKO,6,1996-07-24,1996-08-21,1996-08-23,3,3.67,Folk och fה HB,ֵkergatan 24,Brהcke,,S-844 67,Sweden,1996,7,July,1996-07,41,7.7,25,0.15,Jack's New England Clam Chowder,19,8,12 - 12 oz cans,4.825,85,0,10,0,Seafood,4.825,7.7,163.625,120.625,43.0,0.26279602750190983,1996-07,10-20%
10265,BLONP,2,1996-07-25,1996-08-22,1996-08-12,1,55.28,Blondel pטre et fils,"24, place Klיber",Strasbourg,,67000,France,1996,7,July,1996-07,17,31.2,30,0.0,Alice Mutton,7,6,20 - 1 kg tins,19.5,0,0,0,1,Meat/Poultry,19.5,31.2,936.0,585.0,351.0,0.375,1996-07,0%
10265,BLONP,2,1996-07-25,1996-08-22,1996-08-12,1,55.28,Blondel pטre et fils,"24, place Klיber",Strasbourg,,67000,France,1996,7,July,1996-07,70,12.0,20,0.0,Outback Lager,7,1,24 - 355 ml bottles,7.5,15,10,30,0,Beverages,7.5,12.0,240.0,150.0,90.0,0.375,1996-07,0%
10266,WARTH,3,1996-07-26,1996-09-06,1996-07-31,3,25.73,Wartian Herkku,Torikatu 38,Oulu,,90110,Finland,1996,7,July,1996-07,12,30.4,12,0.05,Queso Manchego La Pastora,5,4,10 - 500 g pkgs.,19.0,86,0,0,0,Dairy Products,19.0,30.4,346.55999999999995,228.0,118.55999999999995,0.34210526315789463,1996-07,0-5%
10267,FRANK,4,1996-07-29,1996-08-26,1996-08-06,1,208.58,Frankenversand,Berliner Platz 43,Mnchen,,80805,Germany,1996,7,July,1996-07,40,14.7,50,0.0,Boston Crab Meat,19,8,24 - 4 oz tins,9.2,123,0,30,0,Seafood,9.2,14.7,735.0,459.99999999999994,275.00000000000006,0.37414965986394566,1996-07,0%
10267,FRANK,4,1996-07-29,1996-08-26,1996-08-06,1,208.58,Frankenversand,Berliner Platz 43,Mnchen,,80805,Germany,1996,7,July,1996-07,59,44.0,70,0.15,Raclette Courdavault,28,4,5 kg pkg.,27.5,79,0,0,0,Dairy Products,27.5,44.0,2618.0,1925.0,693.0,0.2647058823529412,1996-07,10-20%
10267,FRANK,4,1996-07-29,1996-08-26,1996-08-06,1,208.58,Frankenversand,Berliner Platz 43,Mnchen,,80805,Germany,1996,7,July,1996-07,76,14.4,15,0.15,Lakkalikצצri,23,1,500 ml,9.0,57,0,20,0,Beverages,9.0,14.4,183.6,135.0,48.599999999999994,0.2647058823529412,1996-07,10-20%
10268,GROSR,8,1996-07-30,1996-08-27,1996-08-02,3,66.29,GROSELLA-Restaurante,5× Ave. Los Palos Grandes,Caracas,DF,1081,Venezuela,1996,7,July,1996-07,29,99.0,10,0.0,Thringer Rostbratwurst,12,6,50 bags x 30 sausgs.,61.895,0,0,0,1,Meat/Poultry,61.895,99.0,990.0,618.95,371.04999999999995,0.37479797979797974,1996-07,0%
10268,GROSR,8,1996-07-30,1996-08-27,1996-08-02,3,66.29,GROSELLA-Restaurante,5× Ave. Los Palos Grandes,Caracas,DF,1081,Venezuela,1996,7,July,1996-07,72,27.8,4,0.0,Mozzarella di Giovanni,14,4,24 - 200 g pkgs.,17.4,14,0,0,0,Dairy Products,17.4,27.8,111.2,69.6,41.60000000000001,0.3741007194244605,1996-07,0%
10269,WHITC,5,1996-07-31,1996-08-14,1996-08-09,1,4.56,White Clover Markets,1029 - 12th Ave. S.,Seattle,WA,98124,USA,1996,7,July,1996-07,33,2.0,60,0.05,Geitost,15,4,500 g,1.25,112,0,20,0,Dairy Products,1.25,2.0,114.0,75.0,39.0,0.34210526315789475,1996-07,0-5%
10269,WHITC,5,1996-07-31,1996-08-14,1996-08-09,1,4.56,White Clover Markets,1029 - 12th Ave. S.,Seattle,WA,98124,USA,1996,7,July,1996-07,72,27.8,20,0.05,Mozzarella di Giovanni,14,4,24 - 200 g pkgs.,17.4,14,0,0,0,Dairy Products,17.4,27.8,528.1999999999999,348.0,180.19999999999993,0.34115865202574774,1996-07,0-5%
10270,WARTH,1,1996-08-01,1996-08-29,1996-08-02,1,136.54,Wartian Herkku,Torikatu 38,Oulu,,90110,Finland,1996,8,August,1996-08,36,15.2,30,0.0,Inlagd Sill,17,8,24 - 250 g  jars,9.5,112,0,20,0,Seafood,9.5,15.2,456.0,285.0,171.0,0.375,1996-08,0%
10270,WARTH,1,1996-08-01,1996-08-29,1996-08-02,1,136.54,Wartian Herkku,Torikatu 38,Oulu,,90110,Finland,1996,8,August,1996-08,43,36.8,25,0.0,Ipoh Coffee,20,1,16 - 500 g tins,23.0,17,10,25,0,Beverages,23.0,36.8,919.9999999999999,575.0,344.9999999999999,0.37499999999999994,1996-08,0%
10271,SPLIR,6,1996-08-01,1996-08-29,1996-08-30,2,4.54,Split Rail Beer & Ale,P.O. Box 555,Lander,WY,82520,USA,1996,8,August,1996-08,33,2.0,24,0.0,Geitost,15,4,500 g,1.25,112,0,20,0,Dairy Products,1.25,2.0,48.0,30.0,18.0,0.375,1996-08,0%
10272,RATTC,6,1996-08-02,1996-08-30,1996-08-06,2,98.03,Rattlesnake Canyon Grocery,2817 Milton Dr.,Albuquerque,NM,87110,USA,1996,8,August,1996-08,20,64.8,6,0.0,Sir Rodney's Marmalade,8,3,30 gift boxes,40.5,40,0,0,0,Confections,40.5,64.8,388.79999999999995,243.0,145.79999999999995,0.37499999999999994,1996-08,0%
10272,RATTC,6,1996-08-02,1996-08-30,1996-08-06,2,98.03,Rattlesnake Canyon Grocery,2817 Milton Dr.,Albuquerque,NM,87110,USA,1996,8,August,1996-08,31,10.0,40,0.0,Gorgonzola Telino,14,4,12 - 100 g pkgs,6.25,0,70,20,0,Dairy Products,6.25,10.0,400.0,250.0,150.0,0.375,1996-08,0%
10272,RATTC,6,1996-08-02,1996-08-30,1996-08-06,2,98.03,Rattlesnake Canyon Grocery,2817 Milton Dr.,Albuquerque,NM,87110,USA,1996,8,August,1996-08,72,27.8,24,0.0,Mozzarella di Giovanni,14,4,24 - 200 g pkgs.,17.4,14,0,0,0,Dairy Products,17.4,27.8,667.2,417.59999999999997,249.60000000000008,0.37410071942446055,1996-08,0%
10273,QUICK,3,1996-08-05,1996-09-02,1996-08-12,3,76.07,QUICK-Stop,Taucherstrae 10,Cunewalde,,1307,Germany,1996,8,August,1996-08,10,24.8,24,0.05,Ikura,4,8,12 - 200 ml jars,15.5,31,0,0,0,Seafood,15.5,24.8,565.44,372.0,193.44000000000005,0.3421052631578948,1996-08,0-5%
10273,QUICK,3,1996-08-05,1996-09-02,1996-08-12,3,76.07,QUICK-Stop,Taucherstrae 10,Cunewalde,,1307,Germany,1996,8,August,1996-08,31,10.0,15,0.05,Gorgonzola Telino,14,4,12 - 100 g pkgs,6.25,0,70,20,0,Dairy Products,6.25,10.0,142.5,93.75,48.75,0.34210526315789475,1996-08,0-5%
10273,QUICK,3,1996-08-05,1996-09-02,1996-08-12,3,76.07,QUICK-Stop,Taucherstrae 10,Cunewalde,,1307,Germany,1996,8,August,1996-08,33,2.0,20,0.0,Geitost,15,4,500 g,1.25,112,0,20,0,Dairy Products,1.25,2.0,40.0,25.0,15.0,0.375,1996-08,0%
10273,QUICK,3,1996-08-05,1996-09-02,1996-08-12,3,76.07,QUICK-Stop,Taucherstrae 10,Cunewalde,,1307,Germany,1996,8,August,1996-08,40,14.7,60,0.05,Boston Crab Meat,19,8,24 - 4 oz tins,9.2,123,0,30,0,Seafood,9.2,14.7,837.9,552.0,285.9,0.34121016827783746,1996-08,0-5%
10273,QUICK,3,1996-08-05,1996-09-02,1996-08-12,3,76.07,QUICK-Stop,Taucherstrae 10,Cunewalde,,1307,Germany,1996,8,August,1996-08,76,14.4,33,0.05,Lakkalikצצri,23,1,500 ml,9.0,57,0,20,0,Beverages,9.0,14.4,451.43999999999994,297.0,154.43999999999994,0.34210526315789463,1996-08,0-5%
10274,VINET,6,1996-08-06,1996-09-03,1996-08-16,1,6.01,Vins et alcools Chevalier,59 rue de l'Abbaye,Reims,,51100,France,1996,8,August,1996-08,71,17.2,20,0.0,Flotemysost,15,4,10 - 500 g pkgs.,10.75,26,0,0,0,Dairy Products,10.75,17.2,344.0,215.0,129.0,0.375,1996-08,0%
10274,VINET,6,1996-08-06,1996-09-03,1996-08-16,1,6.01,Vins et alcools Chevalier,59 rue de l'Abbaye,Reims,,51100,France,1996,8,August,1996-08,72,27.8,7,0.0,Mozzarella di Giovanni,14,4,24 - 200 g pkgs.,17.4,14,0,0,0,Dairy Products,17.4,27.8,194.6,121.79999999999998,72.80000000000001,0.3741007194244605,1996-08,0%
10275,MAGAA,1,1996-08-07,1996-09-04,1996-08-09,1,26.93,Magazzini Alimentari Riuniti,Via Ludovico il Moro 22,Bergamo,,24100,Italy,1996,8,August,1996-08,24,3.6,12,0.05,Guaranב Fantבstica,10,1,12 - 355 ml cans,2.25,20,0,0,1,Beverages,2.25,3.6,41.04,27.0,14.04,0.34210526315789475,1996-08,0-5%
10275,MAGAA,1,1996-08-07,1996-09-04,1996-08-09,1,26.93,Magazzini Alimentari Riuniti,Via Ludovico il Moro 22,Bergamo,,24100,Italy,1996,8,August,1996-08,59,44.0,6,0.05,Raclette Courdavault,28,4,5 kg pkg.,27.5,79,0,0,0,Dairy Products,27.5,44.0,250.79999999999998,165.0,85.79999999999998,0.3421052631578947,1996-08,0-5%
10276,TORTU,8,1996-08-08,1996-08-22,1996-08-14,3,13.84,Tortuga Restaurante,Avda. Azteca 123,Mיxico D.F.,,5033,Mexico,1996,8,August,1996-08,10,24.8,15,0.0,Ikura,4,8,12 - 200 ml jars,15.5,31,0,0,0,Seafood,15.5,24.8,372.0,232.5,139.5,0.375,1996-08,0%
10276,TORTU,8,1996-08-08,1996-08-22,1996-08-14,3,13.84,Tortuga Restaurante,Avda. Azteca 123,Mיxico D.F.,,5033,Mexico,1996,8,August,1996-08,13,4.8,10,0.0,Konbu,6,8,2 kg box,3.0,24,0,5,0,Seafood,3.0,4.8,48.0,30.0,18.0,0.375,1996-08,0%
10277,MORGK,2,1996-08-09,1996-09-06,1996-08-13,3,125.77,Morgenstern Gesundkost,Heerstr. 22,Leipzig,,4179,Germany,1996,8,August,1996-08,28,36.4,20,0.0,Rצssle Sauerkraut,12,7,25 - 825 g cans,22.8,26,0,0,1,Produce,22.8,36.4,728.0,456.0,272.0,0.37362637362637363,1996-08,0%
10277,MORGK,2,1996-08-09,1996-09-06,1996-08-13,3,125.77,Morgenstern Gesundkost,Heerstr. 22,Leipzig,,4179,Germany,1996,8,August,1996-08,62,39.4,12,0.0,Tarte au sucre,29,3,48 pies,24.65,17,0,0,0,Confections,24.65,39.4,472.79999999999995,295.79999999999995,177.0,0.3743654822335026,1996-08,0%
10278,BERGS,8,1996-08-12,1996-09-09,1996-08-16,2,92.69,Berglunds snabbkצp,Berguvsvהgen  8,Luleו,,S-958 22,Sweden,1996,8,August,1996-08,44,15.5,16,0.0,Gula Malacca,20,2,20 - 2 kg bags,9.725,27,0,15,0,Condiments,9.725,15.5,248.0,155.6,92.4,0.37258064516129036,1996-08,0%
10278,BERGS,8,1996-08-12,1996-09-09,1996-08-16,2,92.69,Berglunds snabbkצp,Berguvsvהgen  8,Luleו,,S-958 22,Sweden,1996,8,August,1996-08,59,44.0,15,0.0,Raclette Courdavault,28,4,5 kg pkg.,27.5,79,0,0,0,Dairy Products,27.5,44.0,660.0,412.5,247.5,0.375,1996-08,0%
10278,BERGS,8,1996-08-12,1996-09-09,1996-08-16,2,92.69,Berglunds snabbkצp,Berguvsvהgen  8,Luleו,,S-958 22,Sweden,1996,8,August,1996-08,63,35.1,8,0.0,Vegie-spread,7,2,15 - 625 g jars,21.95,24,0,5,0,Condiments,21.95,35.1,280.8,175.6,105.20000000000002,0.37464387464387466,1996-08,0%
10278,BERGS,8,1996-08-12,1996-09-09,1996-08-16,2,92.69,Berglunds snabbkצp,Berguvsvהgen  8,Luleו,,S-958 22,Sweden,1996,8,August,1996-08,73,12.0,25,0.0,Rצd Kaviar,17,8,24 - 150 g jars,7.5,101,0,5,0,Seafood,7.5,12.0,300.0,187.5,112.5,0.375,1996-08,0%
10279,LEHMS,8,1996-08-13,1996-09-10,1996-08-16,2,25.83,Lehmanns Marktstand,Magazinweg 7,Frankfurt a.M.,,60528,Germany,1996,8,August,1996-08,17,31.2,15,0.25,Alice Mutton,7,6,20 - 1 kg tins,19.5,0,0,0,1,Meat/Poultry,19.5,31.2,351.0,292.5,58.5,0.16666666666666666,1996-08,20%+
10280,BERGS,2,1996-08-14,1996-09-11,1996-09-12,1,8.98,Berglunds snabbkצp,Berguvsvהgen  8,Luleו,,S-958 22,Sweden,1996,8,August,1996-08,24,3.6,12,0.0,Guaranב Fantבstica,10,1,12 - 355 ml cans,2.25,20,0,0,1,Beverages,2.25,3.6,43.2,27.0,16.200000000000003,0.37500000000000006,1996-08,0%
10280,BERGS,2,1996-08-14,1996-09-11,1996-09-12,1,8.98,Berglunds snabbkצp,Berguvsvהgen  8,Luleו,,S-958 22,Sweden,1996,8,August,1996-08,55,19.2,20,0.0,Pגtי chinois,25,6,24 boxes x 2 pies,12.0,115,0,20,0,Meat/Poultry,12.0,19.2,384.0,240.0,144.0,0.375,1996-08,0%
10280,BERGS,2,1996-08-14,1996-09-11,1996-09-12,1,8.98,Berglunds snabbkצp,Berguvsvהgen  8,Luleו,,S-958 22,Sweden,1996,8,August,1996-08,75,6.2,30,0.0,Rhצnbrהu Klosterbier,12,1,24 - 0.5 l bottles,3.875,125,0,25,0,Beverages,3.875,6.2,186.0,116.25,69.75,0.375,1996-08,0%
10281,ROMEY,4,1996-08-14,1996-08-28,1996-08-21,1,2.94,Romero y tomillo,"Gran Vםa, 1",Madrid,,28001,Spain,1996,8,August,1996-08,19,7.3,1,0.0,Teatime Chocolate Biscuits,8,3,10 boxes x 12 pieces,4.6,25,0,5,0,Confections,4.6,7.3,7.3,4.6,2.7,0.36986301369863017,1996-08,0%
10281,ROMEY,4,1996-08-14,1996-08-28,1996-08-21,1,2.94,Romero y tomillo,"Gran Vםa, 1",Madrid,,28001,Spain,1996,8,August,1996-08,24,3.6,6,0.0,Guaranב Fantבstica,10,1,12 - 355 ml cans,2.25,20,0,0,1,Beverages,2.25,3.6,21.6,13.5,8.100000000000001,0.37500000000000006,1996-08,0%
10281,ROMEY,4,1996-08-14,1996-08-28,1996-08-21,1,2.94,Romero y tomillo,"Gran Vםa, 1",Madrid,,28001,Spain,1996,8,August,1996-08,35,14.4,4,0.0,Steeleye Stout,16,1,24 - 12 oz bottles,9.0,20,0,15,0,Beverages,9.0,14.4,57.6,36.0,21.6,0.375,1996-08,0%
10282,ROMEY,4,1996-08-15,1996-09-12,1996-08-21,1,12.69,Romero y tomillo,"Gran Vםa, 1",Madrid,,28001,Spain,1996,8,August,1996-08,30,20.7,6,0.0,Nord-Ost Matjeshering,13,8,10 - 200 g glasses,12.945,10,0,15,0,Seafood,12.945,20.7,124.19999999999999,77.67,46.52999999999999,0.3746376811594202,1996-08,0%
10282,ROMEY,4,1996-08-15,1996-09-12,1996-08-21,1,12.69,Romero y tomillo,"Gran Vםa, 1",Madrid,,28001,Spain,1996,8,August,1996-08,57,15.6,2,0.0,Ravioli Angelo,26,5,24 - 250 g pkgs.,9.75,36,0,20,0,Grains/Cereals,9.75,15.6,31.2,19.5,11.7,0.375,1996-08,0%
10283,LILAS,3,1996-08-16,1996-09-13,1996-08-23,3,84.81,LILA-Supermercado,Carrera 52 con Ave. Bolםvar #65-98 Llano Largo,Barquisimeto,Lara,3508,Venezuela,1996,8,August,1996-08,15,12.4,20,0.0,Genen Shouyu,6,2,24 - 250 ml bottles,7.75,39,0,5,0,Condiments,7.75,12.4,248.0,155.0,93.0,0.375,1996-08,0%
10283,LILAS,3,1996-08-16,1996-09-13,1996-08-23,3,84.81,LILA-Supermercado,Carrera 52 con Ave. Bolםvar #65-98 Llano Largo,Barquisimeto,Lara,3508,Venezuela,1996,8,August,1996-08,19,7.3,18,0.0,Teatime Chocolate Biscuits,8,3,10 boxes x 12 pieces,4.6,25,0,5,0,Confections,4.6,7.3,131.4,82.8,48.60000000000001,0.36986301369863017,1996-08,0%
10283,LILAS,3,1996-08-16,1996-09-13,1996-08-23,3,84.81,LILA-Supermercado,Carrera 52 con Ave. Bolםvar #65-98 Llano Largo,Barquisimeto,Lara,3508,Venezuela,1996,8,August,1996-08,60,27.2,35,0.0,Camembert Pierrot,28,4,15 - 300 g rounds,17.0,19,0,0,0,Dairy Products,17.0,27.2,952.0,595.0,357.0,0.375,1996-08,0%
10283,LILAS,3,1996-08-16,1996-09-13,1996-08-23,3,84.81,LILA-Supermercado,Carrera 52 con Ave. Bolםvar #65-98 Llano Largo,Barquisimeto,Lara,3508,Venezuela,1996,8,August,1996-08,72,27.8,3,0.0,Mozzarella di Giovanni,14,4,24 - 200 g pkgs.,17.4,14,0,0,0,Dairy Products,17.4,27.8,83.4,52.199999999999996,31.20000000000001,0.37410071942446055,1996-08,0%
10284,LEHMS,4,1996-08-19,1996-09-16,1996-08-27,1,76.56,Lehmanns Marktstand,Magazinweg 7,Frankfurt a.M.,,60528,Germany,1996,8,August,1996-08,27,35.1,15,0.25,Schoggi Schokolade,11,3,100 - 100 g pieces,21.95,49,0,30,0,Confections,21.95,35.1,394.875,329.25,65.625,0.16619183285849953,1996-08,20%+
10284,LEHMS,4,1996-08-19,1996-09-16,1996-08-27,1,76.56,Lehmanns Marktstand,Magazinweg 7,Frankfurt a.M.,,60528,Germany,1996,8,August,1996-08,44,15.5,21,0.0,Gula Malacca,20,2,20 - 2 kg bags,9.725,27,0,15,0,Condiments,9.725,15.5,325.5,204.225,121.275,0.37258064516129036,1996-08,0%
10284,LEHMS,4,1996-08-19,1996-09-16,1996-08-27,1,76.56,Lehmanns Marktstand,Magazinweg 7,Frankfurt a.M.,,60528,Germany,1996,8,August,1996-08,60,27.2,20,0.25,Camembert Pierrot,28,4,15 - 300 g rounds,17.0,19,0,0,0,Dairy Products,17.0,27.2,408.0,340.0,68.0,0.16666666666666666,1996-08,20%+
10284,LEHMS,4,1996-08-19,1996-09-16,1996-08-27,1,76.56,Lehmanns Marktstand,Magazinweg 7,Frankfurt a.M.,,60528,Germany,1996,8,August,1996-08,67,11.2,5,0.25,Laughing Lumberjack Lager,16,1,24 - 12 oz bottles,7.0,52,0,10,0,Beverages,7.0,11.2,42.0,35.0,7.0,0.16666666666666666,1996-08,20%+
10285,QUICK,1,1996-08-20,1996-09-17,1996-08-26,2,76.83,QUICK-Stop,Taucherstrae 10,Cunewalde,,1307,Germany,1996,8,August,1996-08,1,14.4,45,0.2,Chai,1,1,10 boxes x 20 bags,9.0,39,0,10,0,Beverages,9.0,14.4,518.4,405.0,113.39999999999998,0.21874999999999997,1996-08,10-20%
10285,QUICK,1,1996-08-20,1996-09-17,1996-08-26,2,76.83,QUICK-Stop,Taucherstrae 10,Cunewalde,,1307,Germany,1996,8,August,1996-08,40,14.7,40,0.2,Boston Crab Meat,19,8,24 - 4 oz tins,9.2,123,0,30,0,Seafood,9.2,14.7,470.40000000000003,368.0,102.40000000000003,0.21768707482993202,1996-08,10-20%
10285,QUICK,1,1996-08-20,1996-09-17,1996-08-26,2,76.83,QUICK-Stop,Taucherstrae 10,Cunewalde,,1307,Germany,1996,8,August,1996-08,53,26.2,36,0.2,Perth Pasties,24,6,48 pieces,16.4,0,0,0,1,Meat/Poultry,16.4,26.2,754.56,590.4,164.15999999999997,0.21755725190839692,1996-08,10-20%
10286,QUICK,8,1996-08-21,1996-09-18,1996-08-30,3,229.24,QUICK-Stop,Taucherstrae 10,Cunewalde,,1307,Germany,1996,8,August,1996-08,35,14.4,100,0.0,Steeleye Stout,16,1,24 - 12 oz bottles,9.0,20,0,15,0,Beverages,9.0,14.4,1440.0,900.0,540.0,0.375,1996-08,0%
10286,QUICK,8,1996-08-21,1996-09-18,1996-08-30,3,229.24,QUICK-Stop,Taucherstrae 10,Cunewalde,,1307,Germany,1996,8,August,1996-08,62,39.4,40,0.0,Tarte au sucre,29,3,48 pies,24.65,17,0,0,0,Confections,24.65,39.4,1576.0,986.0,590.0,0.3743654822335025,1996-08,0%
10287,RICAR,8,1996-08-22,1996-09-19,1996-08-28,3,12.76,Ricardo Adocicados,"Av. Copacabana, 267",Rio de Janeiro,RJ,02389-890,Brazil,1996,8,August,1996-08,16,13.9,40,0.15,Pavlova,7,3,32 - 500 g boxes,8.725,29,0,10,0,Confections,8.725,13.9,472.59999999999997,349.0,123.59999999999997,0.2615319509098603,1996-08,10-20%
10287,RICAR,8,1996-08-22,1996-09-19,1996-08-28,3,12.76,Ricardo Adocicados,"Av. Copacabana, 267",Rio de Janeiro,RJ,02389-890,Brazil,1996,8,August,1996-08,34,11.2,20,0.0,Sasquatch Ale,16,1,24 - 12 oz bottles,7.0,111,0,15,0,Beverages,7.0,11.2,224.0,140.0,84.0,0.375,1996-08,0%
10287,RICAR,8,1996-08-22,1996-09-19,1996-08-28,3,12.76,Ricardo Adocicados,"Av. Copacabana, 267",Rio de Janeiro,RJ,02389-890,Brazil,1996,8,August,1996-08,46,9.6,15,0.15,Spegesild,21,8,4 - 450 g glasses,6.0,95,0,0,0,Seafood,6.0,9.6,122.39999999999999,90.0,32.39999999999999,0.2647058823529411,1996-08,10-20%
10288,REGGC,4,1996-08-23,1996-09-20,1996-09-03,1,7.45,Reggiani Caseifici,Strada Provinciale 124,Reggio Emilia,,42100,Italy,1996,8,August,1996-08,54,5.9,10,0.1,Tourtiטre,25,6,16 pies,3.725,21,0,10,0,Meat/Poultry,3.725,5.9,53.1,37.25,15.850000000000001,0.2984934086629002,1996-08,5-10%
10288,REGGC,4,1996-08-23,1996-09-20,1996-09-03,1,7.45,Reggiani Caseifici,Strada Provinciale 124,Reggio Emilia,,42100,Italy,1996,8,August,1996-08,68,10.0,3,0.1,Scottish Longbreads,8,3,10 boxes x 8 pieces,6.25,6,10,15,0,Confections,6.25,10.0,27.0,18.75,8.25,0.3055555555555556,1996-08,5-10%
10289,BSBEV,7,1996-08-26,1996-09-23,1996-08-28,3,22.77,B's Beverages,Fauntleroy Circus,London,,EC2 5NT,UK,1996,8,August,1996-08,3,8.0,30,0.0,Aniseed Syrup,1,2,12 - 550 ml bottles,5.0,13,70,25,0,Condiments,5.0,8.0,240.0,150.0,90.0,0.375,1996-08,0%
10289,BSBEV,7,1996-08-26,1996-09-23,1996-08-28,3,22.77,B's Beverages,Fauntleroy Circus,London,,EC2 5NT,UK,1996,8,August,1996-08,64,26.6,9,0.0,Wimmers gute Semmelknצdel,12,5,20 bags x 4 pieces,16.625,22,80,30,0,Grains/Cereals,16.625,26.6,239.4,149.625,89.775,0.375,1996-08,0%
10290,COMMI,8,1996-08-27,1996-09-24,1996-09-03,1,79.7,Comיrcio Mineiro,"Av. dos Lusםadas, 23",Sao Paulo,SP,05432-043,Brazil,1996,8,August,1996-08,5,17.0,20,0.0,Chef Anton's Gumbo Mix,2,2,36 boxes,10.675,0,0,0,1,Condiments,10.675,17.0,340.0,213.5,126.5,0.3720588235294118,1996-08,0%
10290,COMMI,8,1996-08-27,1996-09-24,1996-09-03,1,79.7,Comיrcio Mineiro,"Av. dos Lusםadas, 23",Sao Paulo,SP,05432-043,Brazil,1996,8,August,1996-08,29,99.0,15,0.0,Thringer Rostbratwurst,12,6,50 bags x 30 sausgs.,61.895,0,0,0,1,Meat/Poultry,61.895,99.0,1485.0,928.4250000000001,556.5749999999999,0.37479797979797974,1996-08,0%
10290,COMMI,8,1996-08-27,1996-09-24,1996-09-03,1,79.7,Comיrcio Mineiro,"Av. dos Lusםadas, 23",Sao Paulo,SP,05432-043,Brazil,1996,8,August,1996-08,49,16.0,15,0.0,Maxilaku,23,3,24 - 50 g pkgs.,10.0,10,60,15,0,Confections,10.0,16.0,240.0,150.0,90.0,0.375,1996-08,0%
10290,COMMI,8,1996-08-27,1996-09-24,1996-09-03,1,79.7,Comיrcio Mineiro,"Av. dos Lusםadas, 23",Sao Paulo,SP,05432-043,Brazil,1996,8,August,1996-08,77,10.4,10,0.0,Original Frankfurter grne Soe,12,2,12 boxes,6.5,32,0,15,0,Condiments,6.5,10.4,104.0,65.0,39.0,0.375,1996-08,0%
10291,QUEDE,6,1996-08-27,1996-09-24,1996-09-04,2,6.4,Que Delםcia,"Rua da Panificadora, 12",Rio de Janeiro,RJ,02389-673,Brazil,1996,8,August,1996-08,13,4.8,20,0.1,Konbu,6,8,2 kg box,3.0,24,0,5,0,Seafood,3.0,4.8,86.4,60.0,26.400000000000006,0.3055555555555556,1996-08,5-10%
10291,QUEDE,6,1996-08-27,1996-09-24,1996-09-04,2,6.4,Que Delםcia,"Rua da Panificadora, 12",Rio de Janeiro,RJ,02389-673,Brazil,1996,8,August,1996-08,44,15.5,24,0.1,Gula Malacca,20,2,20 - 2 kg bags,9.725,27,0,15,0,Condiments,9.725,15.5,334.8,233.39999999999998,101.40000000000003,0.3028673835125449,1996-08,5-10%
10291,QUEDE,6,1996-08-27,1996-09-24,1996-09-04,2,6.4,Que Delםcia,"Rua da Panificadora, 12",Rio de Janeiro,RJ,02389-673,Brazil,1996,8,August,1996-08,51,42.4,2,0.1,Manjimup Dried Apples,24,7,50 - 300 g pkgs.,26.5,20,0,10,0,Produce,26.5,42.4,76.32,53.0,23.319999999999993,0.30555555555555547,1996-08,5-10%
10292,TRADH,1,1996-08-28,1996-09-25,1996-09-02,2,1.35,Tradiחao Hipermercados,"Av. Inךs de Castro, 414",Sao Paulo,SP,05634-030,Brazil,1996,8,August,1996-08,20,64.8,20,0.0,Sir Rodney's Marmalade,8,3,30 gift boxes,40.5,40,0,0,0,Confections,40.5,64.8,1296.0,810.0,486.0,0.375,1996-08,0%
10293,TORTU,1,1996-08-29,1996-09-26,1996-09-11,3,21.18,Tortuga Restaurante,Avda. Azteca 123,Mיxico D.F.,,5033,Mexico,1996,8,August,1996-08,18,50.0,12,0.0,Carnarvon Tigers,7,8,16 kg pkg.,31.25,42,0,0,0,Seafood,31.25,50.0,600.0,375.0,225.0,0.375,1996-08,0%
10293,TORTU,1,1996-08-29,1996-09-26,1996-09-11,3,21.18,Tortuga Restaurante,Avda. Azteca 123,Mיxico D.F.,,5033,Mexico,1996,8,August,1996-08,24,3.6,10,0.0,Guaranב Fantבstica,10,1,12 - 355 ml cans,2.25,20,0,0,1,Beverages,2.25,3.6,36.0,22.5,13.5,0.375,1996-08,0%
10293,TORTU,1,1996-08-29,1996-09-26,1996-09-11,3,21.18,Tortuga Restaurante,Avda. Azteca 123,Mיxico D.F.,,5033,Mexico,1996,8,August,1996-08,63,35.1,5,0.0,Vegie-spread,7,2,15 - 625 g jars,21.95,24,0,5,0,Condiments,21.95,35.1,175.5,109.75,65.75,0.37464387464387466,1996-08,0%
10293,TORTU,1,1996-08-29,1996-09-26,1996-09-11,3,21.18,Tortuga Restaurante,Avda. Azteca 123,Mיxico D.F.,,5033,Mexico,1996,8,August,1996-08,75,6.2,6,0.0,Rhצnbrהu Klosterbier,12,1,24 - 0.5 l bottles,3.875,125,0,25,0,Beverages,3.875,6.2,37.2,23.25,13.950000000000003,0.37500000000000006,1996-08,0%
10294,RATTC,4,1996-08-30,1996-09-27,1996-09-05,2,147.26,Rattlesnake Canyon Grocery,2817 Milton Dr.,Albuquerque,NM,87110,USA,1996,8,August,1996-08,1,14.4,18,0.0,Chai,1,1,10 boxes x 20 bags,9.0,39,0,10,0,Beverages,9.0,14.4,259.2,162.0,97.19999999999999,0.375,1996-08,0%
10294,RATTC,4,1996-08-30,1996-09-27,1996-09-05,2,147.26,Rattlesnake Canyon Grocery,2817 Milton Dr.,Albuquerque,NM,87110,USA,1996,8,August,1996-08,17,31.2,15,0.0,Alice Mutton,7,6,20 - 1 kg tins,19.5,0,0,0,1,Meat/Poultry,19.5,31.2,468.0,292.5,175.5,0.375,1996-08,0%
10294,RATTC,4,1996-08-30,1996-09-27,1996-09-05,2,147.26,Rattlesnake Canyon Grocery,2817 Milton Dr.,Albuquerque,NM,87110,USA,1996,8,August,1996-08,43,36.8,15,0.0,Ipoh Coffee,20,1,16 - 500 g tins,23.0,17,10,25,0,Beverages,23.0,36.8,552.0,345.0,207.0,0.375,1996-08,0%
10294,RATTC,4,1996-08-30,1996-09-27,1996-09-05,2,147.26,Rattlesnake Canyon Grocery,2817 Milton Dr.,Albuquerque,NM,87110,USA,1996,8,August,1996-08,60,27.2,21,0.0,Camembert Pierrot,28,4,15 - 300 g rounds,17.0,19,0,0,0,Dairy Products,17.0,27.2,571.1999999999999,357.0,214.19999999999993,0.37499999999999994,1996-08,0%
10294,RATTC,4,1996-08-30,1996-09-27,1996-09-05,2,147.26,Rattlesnake Canyon Grocery,2817 Milton Dr.,Albuquerque,NM,87110,USA,1996,8,August,1996-08,75,6.2,6,0.0,Rhצnbrהu Klosterbier,12,1,24 - 0.5 l bottles,3.875,125,0,25,0,Beverages,3.875,6.2,37.2,23.25,13.950000000000003,0.37500000000000006,1996-08,0%
10295,VINET,2,1996-09-02,1996-09-30,1996-09-10,2,1.15,Vins et alcools Chevalier,59 rue de l'Abbaye,Reims,,51100,France,1996,9,September,1996-09,56,30.4,4,0.0,Gnocchi di nonna Alice,26,5,24 - 250 g pkgs.,19.0,21,10,30,0,Grains/Cereals,19.0,30.4,121.6,76.0,45.599999999999994,0.37499999999999994,1996-09,0%
10296,LILAS,6,1996-09-03,1996-10-01,1996-09-11,1,0.12,LILA-Supermercado,Carrera 52 con Ave. Bolםvar #65-98 Llano Largo,Barquisimeto,Lara,3508,Venezuela,1996,9,September,1996-09,11,16.8,12,0.0,Queso Cabrales,5,4,1 kg pkg.,10.5,22,30,30,0,Dairy Products,10.5,16.8,201.60000000000002,126.0,75.60000000000002,0.37500000000000006,1996-09,0%
10296,LILAS,6,1996-09-03,1996-10-01,1996-09-11,1,0.12,LILA-Supermercado,Carrera 52 con Ave. Bolםvar #65-98 Llano Largo,Barquisimeto,Lara,3508,Venezuela,1996,9,September,1996-09,16,13.9,30,0.0,Pavlova,7,3,32 - 500 g boxes,8.725,29,0,10,0,Confections,8.725,13.9,417.0,261.75,155.25,0.3723021582733813,1996-09,0%
10296,LILAS,6,1996-09-03,1996-10-01,1996-09-11,1,0.12,LILA-Supermercado,Carrera 52 con Ave. Bolםvar #65-98 Llano Largo,Barquisimeto,Lara,3508,Venezuela,1996,9,September,1996-09,69,28.8,15,0.0,Gudbrandsdalsost,15,4,10 kg pkg.,18.0,26,0,15,0,Dairy Products,18.0,28.8,432.0,270.0,162.0,0.375,1996-09,0%
10297,BLONP,5,1996-09-04,1996-10-16,1996-09-10,2,5.74,Blondel pטre et fils,"24, place Klיber",Strasbourg,,67000,France,1996,9,September,1996-09,39,14.4,60,0.0,Chartreuse verte,18,1,750 cc per bottle,9.0,69,0,5,0,Beverages,9.0,14.4,864.0,540.0,324.0,0.375,1996-09,0%
10297,BLONP,5,1996-09-04,1996-10-16,1996-09-10,2,5.74,Blondel pטre et fils,"24, place Klיber",Strasbourg,,67000,France,1996,9,September,1996-09,72,27.8,20,0.0,Mozzarella di Giovanni,14,4,24 - 200 g pkgs.,17.4,14,0,0,0,Dairy Products,17.4,27.8,556.0,348.0,208.0,0.37410071942446044,1996-09,0%
10298,HUNGO,6,1996-09-05,1996-10-03,1996-09-11,2,168.22,Hungry Owl All-Night Grocers,8 Johnstown Road,Cork,Co. Cork,,Ireland,1996,9,September,1996-09,2,15.2,40,0.0,Chang,1,1,24 - 12 oz bottles,9.5,17,40,25,0,Beverages,9.5,15.2,608.0,380.0,228.0,0.375,1996-09,0%
10298,HUNGO,6,1996-09-05,1996-10-03,1996-09-11,2,168.22,Hungry Owl All-Night Grocers,8 Johnstown Road,Cork,Co. Cork,,Ireland,1996,9,September,1996-09,36,15.2,40,0.25,Inlagd Sill,17,8,24 - 250 g  jars,9.5,112,0,20,0,Seafood,9.5,15.2,456.0,380.0,76.0,0.16666666666666666,1996-09,20%+
10298,HUNGO,6,1996-09-05,1996-10-03,1996-09-11,2,168.22,Hungry Owl All-Night Grocers,8 Johnstown Road,Cork,Co. Cork,,Ireland,1996,9,September,1996-09,59,44.0,30,0.25,Raclette Courdavault,28,4,5 kg pkg.,27.5,79,0,0,0,Dairy Products,27.5,44.0,990.0,825.0,165.0,0.16666666666666666,1996-09,20%+
10298,HUNGO,6,1996-09-05,1996-10-03,1996-09-11,2,168.22,Hungry Owl All-Night Grocers,8 Johnstown Road,Cork,Co. Cork,,Ireland,1996,9,September,1996-09,62,39.4,15,0.0,Tarte au sucre,29,3,48 pies,24.65,17,0,0,0,Confections,24.65,39.4,591.0,369.75,221.25,0.3743654822335025,1996-09,0%
10299,RICAR,4,1996-09-06,1996-10-04,1996-09-13,2,29.76,Ricardo Adocicados,"Av. Copacabana, 267",Rio de Janeiro,RJ,02389-890,Brazil,1996,9,September,1996-09,19,7.3,15,0.0,Teatime Chocolate Biscuits,8,3,10 boxes x 12 pieces,4.6,25,0,5,0,Confections,4.6,7.3,109.5,69.0,40.5,0.3698630136986301,1996-09,0%
10299,RICAR,4,1996-09-06,1996-10-04,1996-09-13,2,29.76,Ricardo Adocicados,"Av. Copacabana, 267",Rio de Janeiro,RJ,02389-890,Brazil,1996,9,September,1996-09,70,12.0,20,0.0,Outback Lager,7,1,24 - 355 ml bottles,7.5,15,10,30,0,Beverages,7.5,12.0,240.0,150.0,90.0,0.375,1996-09,0%
10300,MAGAA,2,1996-09-09,1996-10-07,1996-09-18,2,17.68,Magazzini Alimentari Riuniti,Via Ludovico il Moro 22,Bergamo,,24100,Italy,1996,9,September,1996-09,66,13.6,30,0.0,Louisiana Hot Spiced Okra,2,2,24 - 8 oz jars,8.5,4,100,20,0,Condiments,8.5,13.6,408.0,255.0,153.0,0.375,1996-09,0%
10300,MAGAA,2,1996-09-09,1996-10-07,1996-09-18,2,17.68,Magazzini Alimentari Riuniti,Via Ludovico il Moro 22,Bergamo,,24100,Italy,1996,9,September,1996-09,68,10.0,20,0.0,Scottish Longbreads,8,3,10 boxes x 8 pieces,6.25,6,10,15,0,Confections,6.25,10.0,200.0,125.0,75.0,0.375,1996-09,0%
10301,WANDK,8,1996-09-09,1996-10-07,1996-09-17,2,45.08,Die Wandernde Kuh,Adenauerallee 900,Stuttgart,,70563,Germany,1996,9,September,1996-09,40,14.7,10,0.0,Boston Crab Meat,19,8,24 - 4 oz tins,9.2,123,0,30,0,Seafood,9.2,14.7,147.0,92.0,55.0,0.3741496598639456,1996-09,0%
10301,WANDK,8,1996-09-09,1996-10-07,1996-09-17,2,45.08,Die Wandernde Kuh,Adenauerallee 900,Stuttgart,,70563,Germany,1996,9,September,1996-09,56,30.4,20,0.0,Gnocchi di nonna Alice,26,5,24 - 250 g pkgs.,19.0,21,10,30,0,Grains/Cereals,19.0,30.4,608.0,380.0,228.0,0.375,1996-09,0%
10302,SUPRD,4,1996-09-10,1996-10-08,1996-10-09,2,6.27,Suprךmes dיlices,"Boulevard Tirou, 255",Charleroi,,B-6000,Belgium,1996,9,September,1996-09,17,31.2,40,0.0,Alice Mutton,7,6,20 - 1 kg tins,19.5,0,0,0,1,Meat/Poultry,19.5,31.2,1248.0,780.0,468.0,0.375,1996-09,0%
10302,SUPRD,4,1996-09-10,1996-10-08,1996-10-09,2,6.27,Suprךmes dיlices,"Boulevard Tirou, 255",Charleroi,,B-6000,Belgium,1996,9,September,1996-09,28,36.4,28,0.0,Rצssle Sauerkraut,12,7,25 - 825 g cans,22.8,26,0,0,1,Produce,22.8,36.4,1019.1999999999999,638.4,380.79999999999995,0.37362637362637363,1996-09,0%
10302,SUPRD,4,1996-09-10,1996-10-08,1996-10-09,2,6.27,Suprךmes dיlices,"Boulevard Tirou, 255",Charleroi,,B-6000,Belgium,1996,9,September,1996-09,43,36.8,12,0.0,Ipoh Coffee,20,1,16 - 500 g tins,23.0,17,10,25,0,Beverages,23.0,36.8,441.59999999999997,276.0,165.59999999999997,0.37499999999999994,1996-09,0%
10303,GODOS,7,1996-09-11,1996-10-09,1996-09-18,2,107.83,Godos Cocina Tםpica,"C/ Romero, 33",Sevilla,,41101,Spain,1996,9,September,1996-09,40,14.7,40,0.1,Boston Crab Meat,19,8,24 - 4 oz tins,9.2,123,0,30,0,Seafood,9.2,14.7,529.2,368.0,161.20000000000005,0.3046107331821618,1996-09,5-10%
10303,GODOS,7,1996-09-11,1996-10-09,1996-09-18,2,107.83,Godos Cocina Tםpica,"C/ Romero, 33",Sevilla,,41101,Spain,1996,9,September,1996-09,65,16.8,30,0.1,Louisiana Fiery Hot Pepper Sauce,2,2,32 - 8 oz bottles,10.525,76,0,0,0,Condiments,10.525,16.8,453.6,315.75,137.85000000000002,0.30390211640211645,1996-09,5-10%
10303,GODOS,7,1996-09-11,1996-10-09,1996-09-18,2,107.83,Godos Cocina Tםpica,"C/ Romero, 33",Sevilla,,41101,Spain,1996,9,September,1996-09,68,10.0,15,0.1,Scottish Longbreads,8,3,10 boxes x 8 pieces,6.25,6,10,15,0,Confections,6.25,10.0,135.0,93.75,41.25,0.3055555555555556,1996-09,5-10%
10304,TORTU,1,1996-09-12,1996-10-10,1996-09-17,2,63.79,Tortuga Restaurante,Avda. Azteca 123,Mיxico D.F.,,5033,Mexico,1996,9,September,1996-09,49,16.0,30,0.0,Maxilaku,23,3,24 - 50 g pkgs.,10.0,10,60,15,0,Confections,10.0,16.0,480.0,300.0,180.0,0.375,1996-09,0%
10304,TORTU,1,1996-09-12,1996-10-10,1996-09-17,2,63.79,Tortuga Restaurante,Avda. Azteca 123,Mיxico D.F.,,5033,Mexico,1996,9,September,1996-09,59,44.0,10,0.0,Raclette Courdavault,28,4,5 kg pkg.,27.5,79,0,0,0,Dairy Products,27.5,44.0,440.0,275.0,165.0,0.375,1996-09,0%
10304,TORTU,1,1996-09-12,1996-10-10,1996-09-17,2,63.79,Tortuga Restaurante,Avda. Azteca 123,Mיxico D.F.,,5033,Mexico,1996,9,September,1996-09,71,17.2,2,0.0,Flotemysost,15,4,10 - 500 g pkgs.,10.75,26,0,0,0,Dairy Products,10.75,17.2,34.4,21.5,12.899999999999999,0.375,1996-09,0%
10305,OLDWO,8,1996-09-13,1996-10-11,1996-10-09,3,257.62,Old World Delicatessen,2743 Bering St.,Anchorage,AK,99508,USA,1996,9,September,1996-09,18,50.0,25,0.1,Carnarvon Tigers,7,8,16 kg pkg.,31.25,42,0,0,0,Seafood,31.25,50.0,1125.0,781.25,343.75,0.3055555555555556,1996-09,5-10%
10305,OLDWO,8,1996-09-13,1996-10-11,1996-10-09,3,257.62,Old World Delicatessen,2743 Bering St.,Anchorage,AK,99508,USA,1996,9,September,1996-09,29,99.0,25,0.1,Thringer Rostbratwurst,12,6,50 bags x 30 sausgs.,61.895,0,0,0,1,Meat/Poultry,61.895,99.0,2227.5,1547.375,680.125,0.305331088664422,1996-09,5-10%
10305,OLDWO,8,1996-09-13,1996-10-11,1996-10-09,3,257.62,Old World Delicatessen,2743 Bering St.,Anchorage,AK,99508,USA,1996,9,September,1996-09,39,14.4,30,0.1,Chartreuse verte,18,1,750 cc per bottle,9.0,69,0,5,0,Beverages,9.0,14.4,388.8,270.0,118.80000000000001,0.3055555555555556,1996-09,5-10%
10306,ROMEY,1,1996-09-16,1996-10-14,1996-09-23,3,7.56,Romero y tomillo,"Gran Vםa, 1",Madrid,,28001,Spain,1996,9,September,1996-09,30,20.7,10,0.0,Nord-Ost Matjeshering,13,8,10 - 200 g glasses,12.945,10,0,15,0,Seafood,12.945,20.7,207.0,129.45,77.55000000000001,0.37463768115942037,1996-09,0%
10306,ROMEY,1,1996-09-16,1996-10-14,1996-09-23,3,7.56,Romero y tomillo,"Gran Vםa, 1",Madrid,,28001,Spain,1996,9,September,1996-09,53,26.2,10,0.0,Perth Pasties,24,6,48 pieces,16.4,0,0,0,1,Meat/Poultry,16.4,26.2,262.0,164.0,98.0,0.37404580152671757,1996-09,0%
10306,ROMEY,1,1996-09-16,1996-10-14,1996-09-23,3,7.56,Romero y tomillo,"Gran Vםa, 1",Madrid,,28001,Spain,1996,9,September,1996-09,54,5.9,5,0.0,Tourtiטre,25,6,16 pies,3.725,21,0,10,0,Meat/Poultry,3.725,5.9,29.5,18.625,10.875,0.3686440677966102,1996-09,0%
10307,LONEP,2,1996-09-17,1996-10-15,1996-09-25,2,0.56,Lonesome Pine Restaurant,89 Chiaroscuro Rd.,Portland,OR,97219,USA,1996,9,September,1996-09,62,39.4,10,0.0,Tarte au sucre,29,3,48 pies,24.65,17,0,0,0,Confections,24.65,39.4,394.0,246.5,147.5,0.3743654822335025,1996-09,0%
10307,LONEP,2,1996-09-17,1996-10-15,1996-09-25,2,0.56,Lonesome Pine Restaurant,89 Chiaroscuro Rd.,Portland,OR,97219,USA,1996,9,September,1996-09,68,10.0,3,0.0,Scottish Longbreads,8,3,10 boxes x 8 pieces,6.25,6,10,15,0,Confections,6.25,10.0,30.0,18.75,11.25,0.375,1996-09,0%
10308,ANATR,7,1996-09-18,1996-10-16,1996-09-24,3,1.61,Ana Trujillo Emparedados y helados,Avda. de la Constituciףn 2222,Mיxico D.F.,,5021,Mexico,1996,9,September,1996-09,69,28.8,1,0.0,Gudbrandsdalsost,15,4,10 kg pkg.,18.0,26,0,15,0,Dairy Products,18.0,28.8,28.8,18.0,10.8,0.375,1996-09,0%
10308,ANATR,7,1996-09-18,1996-10-16,1996-09-24,3,1.61,Ana Trujillo Emparedados y helados,Avda. de la Constituciףn 2222,Mיxico D.F.,,5021,Mexico,1996,9,September,1996-09,70,12.0,5,0.0,Outback Lager,7,1,24 - 355 ml bottles,7.5,15,10,30,0,Beverages,7.5,12.0,60.0,37.5,22.5,0.375,1996-09,0%
10309,HUNGO,3,1996-09-19,1996-10-17,1996-10-23,1,47.3,Hungry Owl All-Night Grocers,8 Johnstown Road,Cork,Co. Cork,,Ireland,1996,9,September,1996-09,4,17.6,20,0.0,Chef Anton's Cajun Seasoning,2,2,48 - 6 oz jars,11.0,53,0,0,0,Condiments,11.0,17.6,352.0,220.0,132.0,0.375,1996-09,0%
10309,HUNGO,3,1996-09-19,1996-10-17,1996-10-23,1,47.3,Hungry Owl All-Night Grocers,8 Johnstown Road,Cork,Co. Cork,,Ireland,1996,9,September,1996-09,6,20.0,30,0.0,Grandma's Boysenberry Spread,3,2,12 - 8 oz jars,12.5,120,0,25,0,Condiments,12.5,20.0,600.0,375.0,225.0,0.375,1996-09,0%
10309,HUNGO,3,1996-09-19,1996-10-17,1996-10-23,1,47.3,Hungry Owl All-Night Grocers,8 Johnstown Road,Cork,Co. Cork,,Ireland,1996,9,September,1996-09,42,11.2,2,0.0,Singaporean Hokkien Fried Mee,20,5,32 - 1 kg pkgs.,7.0,26,0,0,1,Grains/Cereals,7.0,11.2,22.4,14.0,8.399999999999999,0.37499999999999994,1996-09,0%
10309,HUNGO,3,1996-09-19,1996-10-17,1996-10-23,1,47.3,Hungry Owl All-Night Grocers,8 Johnstown Road,Cork,Co. Cork,,Ireland,1996,9,September,1996-09,43,36.8,20,0.0,Ipoh Coffee,20,1,16 - 500 g tins,23.0,17,10,25,0,Beverages,23.0,36.8,736.0,460.0,276.0,0.375,1996-09,0%
10309,HUNGO,3,1996-09-19,1996-10-17,1996-10-23,1,47.3,Hungry Owl All-Night Grocers,8 Johnstown Road,Cork,Co. Cork,,Ireland,1996,9,September,1996-09,71,17.2,3,0.0,Flotemysost,15,4,10 - 500 g pkgs.,10.75,26,0,0,0,Dairy Products,10.75,17.2,51.599999999999994,32.25,19.349999999999994,0.37499999999999994,1996-09,0%
10310,THEBI,8,1996-09-20,1996-10-18,1996-09-27,2,17.52,The Big Cheese,89 Jefferson Way Suite 2,Portland,OR,97201,USA,1996,9,September,1996-09,16,13.9,10,0.0,Pavlova,7,3,32 - 500 g boxes,8.725,29,0,10,0,Confections,8.725,13.9,139.0,87.25,51.75,0.3723021582733813,1996-09,0%
10310,THEBI,8,1996-09-20,1996-10-18,1996-09-27,2,17.52,The Big Cheese,89 Jefferson Way Suite 2,Portland,OR,97201,USA,1996,9,September,1996-09,62,39.4,5,0.0,Tarte au sucre,29,3,48 pies,24.65,17,0,0,0,Confections,24.65,39.4,197.0,123.25,73.75,0.3743654822335025,1996-09,0%
10311,DUMON,1,1996-09-20,1996-10-04,1996-09-26,3,24.69,Du monde entier,"67, rue des Cinquante Otages",Nantes,,44000,France,1996,9,September,1996-09,42,11.2,6,0.0,Singaporean Hokkien Fried Mee,20,5,32 - 1 kg pkgs.,7.0,26,0,0,1,Grains/Cereals,7.0,11.2,67.19999999999999,42.0,25.19999999999999,0.3749999999999999,1996-09,0%
10311,DUMON,1,1996-09-20,1996-10-04,1996-09-26,3,24.69,Du monde entier,"67, rue des Cinquante Otages",Nantes,,44000,France,1996,9,September,1996-09,69,28.8,7,0.0,Gudbrandsdalsost,15,4,10 kg pkg.,18.0,26,0,15,0,Dairy Products,18.0,28.8,201.6,126.0,75.6,0.375,1996-09,0%
10312,WANDK,2,1996-09-23,1996-10-21,1996-10-03,2,40.26,Die Wandernde Kuh,Adenauerallee 900,Stuttgart,,70563,Germany,1996,9,September,1996-09,28,36.4,4,0.0,Rצssle Sauerkraut,12,7,25 - 825 g cans,22.8,26,0,0,1,Produce,22.8,36.4,145.6,91.2,54.39999999999999,0.3736263736263736,1996-09,0%
10312,WANDK,2,1996-09-23,1996-10-21,1996-10-03,2,40.26,Die Wandernde Kuh,Adenauerallee 900,Stuttgart,,70563,Germany,1996,9,September,1996-09,43,36.8,24,0.0,Ipoh Coffee,20,1,16 - 500 g tins,23.0,17,10,25,0,Beverages,23.0,36.8,883.1999999999999,552.0,331.19999999999993,0.37499999999999994,1996-09,0%
10312,WANDK,2,1996-09-23,1996-10-21,1996-10-03,2,40.26,Die Wandernde Kuh,Adenauerallee 900,Stuttgart,,70563,Germany,1996,9,September,1996-09,53,26.2,20,0.0,Perth Pasties,24,6,48 pieces,16.4,0,0,0,1,Meat/Poultry,16.4,26.2,524.0,328.0,196.0,0.37404580152671757,1996-09,0%
10312,WANDK,2,1996-09-23,1996-10-21,1996-10-03,2,40.26,Die Wandernde Kuh,Adenauerallee 900,Stuttgart,,70563,Germany,1996,9,September,1996-09,75,6.2,10,0.0,Rhצnbrהu Klosterbier,12,1,24 - 0.5 l bottles,3.875,125,0,25,0,Beverages,3.875,6.2,62.0,38.75,23.25,0.375,1996-09,0%
10313,QUICK,2,1996-09-24,1996-10-22,1996-10-04,2,1.96,QUICK-Stop,Taucherstrae 10,Cunewalde,,1307,Germany,1996,9,September,1996-09,36,15.2,12,0.0,Inlagd Sill,17,8,24 - 250 g  jars,9.5,112,0,20,0,Seafood,9.5,15.2,182.39999999999998,114.0,68.39999999999998,0.37499999999999994,1996-09,0%
10314,RATTC,1,1996-09-25,1996-10-23,1996-10-04,2,74.16,Rattlesnake Canyon Grocery,2817 Milton Dr.,Albuquerque,NM,87110,USA,1996,9,September,1996-09,32,25.6,40,0.1,Mascarpone Fabioli,14,4,24 - 200 g pkgs.,16.0,9,40,25,0,Dairy Products,16.0,25.6,921.6,640.0,281.6,0.3055555555555556,1996-09,5-10%
10314,RATTC,1,1996-09-25,1996-10-23,1996-10-04,2,74.16,Rattlesnake Canyon Grocery,2817 Milton Dr.,Albuquerque,NM,87110,USA,1996,9,September,1996-09,58,10.6,30,0.1,Escargots de Bourgogne,27,8,24 pieces,6.625,62,0,20,0,Seafood,6.625,10.6,286.2,198.75,87.44999999999999,0.3055555555555555,1996-09,5-10%
10314,RATTC,1,1996-09-25,1996-10-23,1996-10-04,2,74.16,Rattlesnake Canyon Grocery,2817 Milton Dr.,Albuquerque,NM,87110,USA,1996,9,September,1996-09,62,39.4,25,0.1,Tarte au sucre,29,3,48 pies,24.65,17,0,0,0,Confections,24.65,39.4,886.5,616.25,270.25,0.3048505358150028,1996-09,5-10%
10315,ISLAT,4,1996-09-26,1996-10-24,1996-10-03,2,41.76,Island Trading,Garden House Crowther Way,Cowes,Isle of Wight,PO31 7PJ,UK,1996,9,September,1996-09,34,11.2,14,0.0,Sasquatch Ale,16,1,24 - 12 oz bottles,7.0,111,0,15,0,Beverages,7.0,11.2,156.79999999999998,98.0,58.79999999999998,0.37499999999999994,1996-09,0%
10315,ISLAT,4,1996-09-26,1996-10-24,1996-10-03,2,41.76,Island Trading,Garden House Crowther Way,Cowes,Isle of Wight,PO31 7PJ,UK,1996,9,September,1996-09,70,12.0,30,0.0,Outback Lager,7,1,24 - 355 ml bottles,7.5,15,10,30,0,Beverages,7.5,12.0,360.0,225.0,135.0,0.375,1996-09,0%
10316,RATTC,1,1996-09-27,1996-10-25,1996-10-08,3,150.15,Rattlesnake Canyon Grocery,2817 Milton Dr.,Albuquerque,NM,87110,USA,1996,9,September,1996-09,41,7.7,10,0.0,Jack's New England Clam Chowder,19,8,12 - 12 oz cans,4.825,85,0,10,0,Seafood,4.825,7.7,77.0,48.25,28.75,0.37337662337662336,1996-09,0%
10316,RATTC,1,1996-09-27,1996-10-25,1996-10-08,3,150.15,Rattlesnake Canyon Grocery,2817 Milton Dr.,Albuquerque,NM,87110,USA,1996,9,September,1996-09,62,39.4,70,0.0,Tarte au sucre,29,3,48 pies,24.65,17,0,0,0,Confections,24.65,39.4,2758.0,1725.5,1032.5,0.3743654822335025,1996-09,0%
10317,LONEP,6,1996-09-30,1996-10-28,1996-10-10,1,12.69,Lonesome Pine Restaurant,89 Chiaroscuro Rd.,Portland,OR,97219,USA,1996,9,September,1996-09,1,14.4,20,0.0,Chai,1,1,10 boxes x 20 bags,9.0,39,0,10,0,Beverages,9.0,14.4,288.0,180.0,108.0,0.375,1996-09,0%
10318,ISLAT,8,1996-10-01,1996-10-29,1996-10-04,2,4.73,Island Trading,Garden House Crowther Way,Cowes,Isle of Wight,PO31 7PJ,UK,1996,10,October,1996-10,41,7.7,20,0.0,Jack's New England Clam Chowder,19,8,12 - 12 oz cans,4.825,85,0,10,0,Seafood,4.825,7.7,154.0,96.5,57.5,0.37337662337662336,1996-10,0%
10318,ISLAT,8,1996-10-01,1996-10-29,1996-10-04,2,4.73,Island Trading,Garden House Crowther Way,Cowes,Isle of Wight,PO31 7PJ,UK,1996,10,October,1996-10,76,14.4,6,0.0,Lakkalikצצri,23,1,500 ml,9.0,57,0,20,0,Beverages,9.0,14.4,86.4,54.0,32.400000000000006,0.37500000000000006,1996-10,0%
10319,TORTU,7,1996-10-02,1996-10-30,1996-10-11,3,64.5,Tortuga Restaurante,Avda. Azteca 123,Mיxico D.F.,,5033,Mexico,1996,10,October,1996-10,17,31.2,8,0.0,Alice Mutton,7,6,20 - 1 kg tins,19.5,0,0,0,1,Meat/Poultry,19.5,31.2,249.6,156.0,93.6,0.375,1996-10,0%
10319,TORTU,7,1996-10-02,1996-10-30,1996-10-11,3,64.5,Tortuga Restaurante,Avda. Azteca 123,Mיxico D.F.,,5033,Mexico,1996,10,October,1996-10,28,36.4,14,0.0,Rצssle Sauerkraut,12,7,25 - 825 g cans,22.8,26,0,0,1,Produce,22.8,36.4,509.59999999999997,319.2,190.39999999999998,0.37362637362637363,1996-10,0%
10319,TORTU,7,1996-10-02,1996-10-30,1996-10-11,3,64.5,Tortuga Restaurante,Avda. Azteca 123,Mיxico D.F.,,5033,Mexico,1996,10,October,1996-10,76,14.4,30,0.0,Lakkalikצצri,23,1,500 ml,9.0,57,0,20,0,Beverages,9.0,14.4,432.0,270.0,162.0,0.375,1996-10,0%
10320,WARTH,5,1996-10-03,1996-10-17,1996-10-18,3,34.57,Wartian Herkku,Torikatu 38,Oulu,,90110,Finland,1996,10,October,1996-10,71,17.2,30,0.0,Flotemysost,15,4,10 - 500 g pkgs.,10.75,26,0,0,0,Dairy Products,10.75,17.2,516.0,322.5,193.5,0.375,1996-10,0%
10321,ISLAT,3,1996-10-03,1996-10-31,1996-10-11,2,3.43,Island Trading,Garden House Crowther Way,Cowes,Isle of Wight,PO31 7PJ,UK,1996,10,October,1996-10,35,14.4,10,0.0,Steeleye Stout,16,1,24 - 12 oz bottles,9.0,20,0,15,0,Beverages,9.0,14.4,144.0,90.0,54.0,0.375,1996-10,0%
10322,PERIC,7,1996-10-04,1996-11-01,1996-10-23,3,0.4,Pericles Comidas clבsicas,Calle Dr. Jorge Cash 321,Mיxico D.F.,,5033,Mexico,1996,10,October,1996-10,52,5.6,20,0.0,Filo Mix,24,5,16 - 2 kg boxes,3.5,38,0,25,0,Grains/Cereals,3.5,5.6,112.0,70.0,42.0,0.375,1996-10,0%
10323,KOENE,4,1996-10-07,1996-11-04,1996-10-14,1,4.88,Kצniglich Essen,Maubelstr. 90,Brandenburg,,14776,Germany,1996,10,October,1996-10,15,12.4,5,0.0,Genen Shouyu,6,2,24 - 250 ml bottles,7.75,39,0,5,0,Condiments,7.75,12.4,62.0,38.75,23.25,0.375,1996-10,0%
10323,KOENE,4,1996-10-07,1996-11-04,1996-10-14,1,4.88,Kצniglich Essen,Maubelstr. 90,Brandenburg,,14776,Germany,1996,10,October,1996-10,25,11.2,4,0.0,NuNuCa Nu-Nougat-Creme,11,3,20 - 450 g glasses,7.0,76,0,30,0,Confections,7.0,11.2,44.8,28.0,16.799999999999997,0.37499999999999994,1996-10,0%
10323,KOENE,4,1996-10-07,1996-11-04,1996-10-14,1,4.88,Kצniglich Essen,Maubelstr. 90,Brandenburg,,14776,Germany,1996,10,October,1996-10,39,14.4,4,0.0,Chartreuse verte,18,1,750 cc per bottle,9.0,69,0,5,0,Beverages,9.0,14.4,57.6,36.0,21.6,0.375,1996-10,0%
10324,SAVEA,9,1996-10-08,1996-11-05,1996-10-10,1,214.27,Save-a-lot Markets,187 Suffolk Ln.,Boise,ID,83720,USA,1996,10,October,1996-10,16,13.9,21,0.15,Pavlova,7,3,32 - 500 g boxes,8.725,29,0,10,0,Confections,8.725,13.9,248.115,183.225,64.89000000000001,0.2615319509098604,1996-10,10-20%
10324,SAVEA,9,1996-10-08,1996-11-05,1996-10-10,1,214.27,Save-a-lot Markets,187 Suffolk Ln.,Boise,ID,83720,USA,1996,10,October,1996-10,35,14.4,70,0.15,Steeleye Stout,16,1,24 - 12 oz bottles,9.0,20,0,15,0,Beverages,9.0,14.4,856.8,630.0,226.79999999999995,0.2647058823529411,1996-10,10-20%
10324,SAVEA,9,1996-10-08,1996-11-05,1996-10-10,1,214.27,Save-a-lot Markets,187 Suffolk Ln.,Boise,ID,83720,USA,1996,10,October,1996-10,46,9.6,30,0.0,Spegesild,21,8,4 - 450 g glasses,6.0,95,0,0,0,Seafood,6.0,9.6,288.0,180.0,108.0,0.375,1996-10,0%
10324,SAVEA,9,1996-10-08,1996-11-05,1996-10-10,1,214.27,Save-a-lot Markets,187 Suffolk Ln.,Boise,ID,83720,USA,1996,10,October,1996-10,59,44.0,40,0.15,Raclette Courdavault,28,4,5 kg pkg.,27.5,79,0,0,0,Dairy Products,27.5,44.0,1496.0,1100.0,396.0,0.2647058823529412,1996-10,10-20%
10324,SAVEA,9,1996-10-08,1996-11-05,1996-10-10,1,214.27,Save-a-lot Markets,187 Suffolk Ln.,Boise,ID,83720,USA,1996,10,October,1996-10,63,35.1,80,0.15,Vegie-spread,7,2,15 - 625 g jars,21.95,24,0,5,0,Condiments,21.95,35.1,2386.7999999999997,1756.0,630.7999999999997,0.2642869113457348,1996-10,10-20%
10325,KOENE,1,1996-10-09,1996-10-23,1996-10-14,3,64.86,Kצniglich Essen,Maubelstr. 90,Brandenburg,,14776,Germany,1996,10,October,1996-10,6,20.0,6,0.0,Grandma's Boysenberry Spread,3,2,12 - 8 oz jars,12.5,120,0,25,0,Condiments,12.5,20.0,120.0,75.0,45.0,0.375,1996-10,0%
10325,KOENE,1,1996-10-09,1996-10-23,1996-10-14,3,64.86,Kצniglich Essen,Maubelstr. 90,Brandenburg,,14776,Germany,1996,10,October,1996-10,13,4.8,12,0.0,Konbu,6,8,2 kg box,3.0,24,0,5,0,Seafood,3.0,4.8,57.599999999999994,36.0,21.599999999999994,0.37499999999999994,1996-10,0%
10325,KOENE,1,1996-10-09,1996-10-23,1996-10-14,3,64.86,Kצniglich Essen,Maubelstr. 90,Brandenburg,,14776,Germany,1996,10,October,1996-10,14,18.6,9,0.0,Tofu,6,7,40 - 100 g pkgs.,11.625,35,0,0,0,Produce,11.625,18.6,167.4,104.625,62.775000000000006,0.375,1996-10,0%
10325,KOENE,1,1996-10-09,1996-10-23,1996-10-14,3,64.86,Kצniglich Essen,Maubelstr. 90,Brandenburg,,14776,Germany,1996,10,October,1996-10,31,10.0,4,0.0,Gorgonzola Telino,14,4,12 - 100 g pkgs,6.25,0,70,20,0,Dairy Products,6.25,10.0,40.0,25.0,15.0,0.375,1996-10,0%
10325,KOENE,1,1996-10-09,1996-10-23,1996-10-14,3,64.86,Kצniglich Essen,Maubelstr. 90,Brandenburg,,14776,Germany,1996,10,October,1996-10,72,27.8,40,0.0,Mozzarella di Giovanni,14,4,24 - 200 g pkgs.,17.4,14,0,0,0,Dairy Products,17.4,27.8,1112.0,696.0,416.0,0.37410071942446044,1996-10,0%
10326,BOLID,4,1996-10-10,1996-11-07,1996-10-14,2,77.92,Bףlido Comidas preparadas,"C/ Araquil, 67",Madrid,,28023,Spain,1996,10,October,1996-10,4,17.6,24,0.0,Chef Anton's Cajun Seasoning,2,2,48 - 6 oz jars,11.0,53,0,0,0,Condiments,11.0,17.6,422.40000000000003,264.0,158.40000000000003,0.37500000000000006,1996-10,0%
10326,BOLID,4,1996-10-10,1996-11-07,1996-10-14,2,77.92,Bףlido Comidas preparadas,"C/ Araquil, 67",Madrid,,28023,Spain,1996,10,October,1996-10,57,15.6,16,0.0,Ravioli Angelo,26,5,24 - 250 g pkgs.,9.75,36,0,20,0,Grains/Cereals,9.75,15.6,249.6,156.0,93.6,0.375,1996-10,0%
10326,BOLID,4,1996-10-10,1996-11-07,1996-10-14,2,77.92,Bףlido Comidas preparadas,"C/ Araquil, 67",Madrid,,28023,Spain,1996,10,October,1996-10,75,6.2,50,0.0,Rhצnbrהu Klosterbier,12,1,24 - 0.5 l bottles,3.875,125,0,25,0,Beverages,3.875,6.2,310.0,193.75,116.25,0.375,1996-10,0%
10327,FOLKO,2,1996-10-11,1996-11-08,1996-10-14,1,63.36,Folk och fה HB,ֵkergatan 24,Brהcke,,S-844 67,Sweden,1996,10,October,1996-10,2,15.2,25,0.2,Chang,1,1,24 - 12 oz bottles,9.5,17,40,25,0,Beverages,9.5,15.2,304.0,237.5,66.5,0.21875,1996-10,10-20%
10327,FOLKO,2,1996-10-11,1996-11-08,1996-10-14,1,63.36,Folk och fה HB,ֵkergatan 24,Brהcke,,S-844 67,Sweden,1996,10,October,1996-10,11,16.8,50,0.2,Queso Cabrales,5,4,1 kg pkg.,10.5,22,30,30,0,Dairy Products,10.5,16.8,672.0,525.0,147.0,0.21875,1996-10,10-20%
10327,FOLKO,2,1996-10-11,1996-11-08,1996-10-14,1,63.36,Folk och fה HB,ֵkergatan 24,Brהcke,,S-844 67,Sweden,1996,10,October,1996-10,30,20.7,35,0.2,Nord-Ost Matjeshering,13,8,10 - 200 g glasses,12.945,10,0,15,0,Seafood,12.945,20.7,579.6,453.075,126.52500000000003,0.21829710144927542,1996-10,10-20%
10327,FOLKO,2,1996-10-11,1996-11-08,1996-10-14,1,63.36,Folk och fה HB,ֵkergatan 24,Brהcke,,S-844 67,Sweden,1996,10,October,1996-10,58,10.6,30,0.2,Escargots de Bourgogne,27,8,24 pieces,6.625,62,0,20,0,Seafood,6.625,10.6,254.4,198.75,55.650000000000006,0.21875000000000003,1996-10,10-20%
10328,FURIB,4,1996-10-14,1996-11-11,1996-10-17,3,87.03,Furia Bacalhau e Frutos do Mar,Jardim das rosas n. 32,Lisboa,,1675,Portugal,1996,10,October,1996-10,59,44.0,9,0.0,Raclette Courdavault,28,4,5 kg pkg.,27.5,79,0,0,0,Dairy Products,27.5,44.0,396.0,247.5,148.5,0.375,1996-10,0%
10328,FURIB,4,1996-10-14,1996-11-11,1996-10-17,3,87.03,Furia Bacalhau e Frutos do Mar,Jardim das rosas n. 32,Lisboa,,1675,Portugal,1996,10,October,1996-10,65,16.8,40,0.0,Louisiana Fiery Hot Pepper Sauce,2,2,32 - 8 oz bottles,10.525,76,0,0,0,Condiments,10.525,16.8,672.0,421.0,251.0,0.37351190476190477,1996-10,0%
10328,FURIB,4,1996-10-14,1996-11-11,1996-10-17,3,87.03,Furia Bacalhau e Frutos do Mar,Jardim das rosas n. 32,Lisboa,,1675,Portugal,1996,10,October,1996-10,68,10.0,10,0.0,Scottish Longbreads,8,3,10 boxes x 8 pieces,6.25,6,10,15,0,Confections,6.25,10.0,100.0,62.5,37.5,0.375,1996-10,0%
10329,SPLIR,4,1996-10-15,1996-11-26,1996-10-23,2,191.67,Split Rail Beer & Ale,P.O. Box 555,Lander,WY,82520,USA,1996,10,October,1996-10,19,7.3,10,0.05,Teatime Chocolate Biscuits,8,3,10 boxes x 12 pieces,4.6,25,0,5,0,Confections,4.6,7.3,69.35,46.0,23.349999999999994,0.3366979091564527,1996-10,0-5%
10329,SPLIR,4,1996-10-15,1996-11-26,1996-10-23,2,191.67,Split Rail Beer & Ale,P.O. Box 555,Lander,WY,82520,USA,1996,10,October,1996-10,30,20.7,8,0.05,Nord-Ost Matjeshering,13,8,10 - 200 g glasses,12.945,10,0,15,0,Seafood,12.945,20.7,157.32,103.56,53.75999999999999,0.3417238749046529,1996-10,0-5%
10329,SPLIR,4,1996-10-15,1996-11-26,1996-10-23,2,191.67,Split Rail Beer & Ale,P.O. Box 555,Lander,WY,82520,USA,1996,10,October,1996-10,38,210.8,20,0.05,Cפte de Blaye,18,1,12 - 75 cl bottles,131.75,17,0,15,0,Beverages,131.75,210.8,4005.2,2635.0,1370.1999999999998,0.3421052631578947,1996-10,0-5%
10329,SPLIR,4,1996-10-15,1996-11-26,1996-10-23,2,191.67,Split Rail Beer & Ale,P.O. Box 555,Lander,WY,82520,USA,1996,10,October,1996-10,56,30.4,12,0.05,Gnocchi di nonna Alice,26,5,24 - 250 g pkgs.,19.0,21,10,30,0,Grains/Cereals,19.0,30.4,346.55999999999995,228.0,118.55999999999995,0.34210526315789463,1996-10,0-5%
10330,LILAS,3,1996-10-16,1996-11-13,1996-10-28,1,12.75,LILA-Supermercado,Carrera 52 con Ave. Bolםvar #65-98 Llano Largo,Barquisimeto,Lara,3508,Venezuela,1996,10,October,1996-10,26,24.9,50,0.15,Gumbהr Gummibהrchen,11,3,100 - 250 g bags,15.615,15,0,0,0,Confections,15.615,24.9,1058.25,780.75,277.5,0.26222537207654145,1996-10,10-20%
10330,LILAS,3,1996-10-16,1996-11-13,1996-10-28,1,12.75,LILA-Supermercado,Carrera 52 con Ave. Bolםvar #65-98 Llano Largo,Barquisimeto,Lara,3508,Venezuela,1996,10,October,1996-10,72,27.8,25,0.15,Mozzarella di Giovanni,14,4,24 - 200 g pkgs.,17.4,14,0,0,0,Dairy Products,17.4,27.8,590.75,434.99999999999994,155.75000000000006,0.26364790520524767,1996-10,10-20%
10331,BONAP,9,1996-10-16,1996-11-27,1996-10-21,1,10.19,Bon app',"12, rue des Bouchers",Marseille,,13008,France,1996,10,October,1996-10,54,5.9,15,0.0,Tourtiטre,25,6,16 pies,3.725,21,0,10,0,Meat/Poultry,3.725,5.9,88.5,55.875,32.625,0.3686440677966102,1996-10,0%
10332,MEREP,3,1996-10-17,1996-11-28,1996-10-21,2,52.84,Mטre Paillarde,43 rue St. Laurent,Montrיal,Quיbec,H1J 1C3,Canada,1996,10,October,1996-10,18,50.0,40,0.2,Carnarvon Tigers,7,8,16 kg pkg.,31.25,42,0,0,0,Seafood,31.25,50.0,1600.0,1250.0,350.0,0.21875,1996-10,10-20%
10332,MEREP,3,1996-10-17,1996-11-28,1996-10-21,2,52.84,Mטre Paillarde,43 rue St. Laurent,Montrיal,Quיbec,H1J 1C3,Canada,1996,10,October,1996-10,42,11.2,10,0.2,Singaporean Hokkien Fried Mee,20,5,32 - 1 kg pkgs.,7.0,26,0,0,1,Grains/Cereals,7.0,11.2,89.60000000000001,70.0,19.60000000000001,0.21875000000000008,1996-10,10-20%
10332,MEREP,3,1996-10-17,1996-11-28,1996-10-21,2,52.84,Mטre Paillarde,43 rue St. Laurent,Montrיal,Quיbec,H1J 1C3,Canada,1996,10,October,1996-10,47,7.6,16,0.2,Zaanse koeken,22,3,10 - 4 oz boxes,4.75,36,0,0,0,Confections,4.75,7.6,97.28,76.0,21.28,0.21875,1996-10,10-20%
10333,WARTH,5,1996-10-18,1996-11-15,1996-10-25,3,0.59,Wartian Herkku,Torikatu 38,Oulu,,90110,Finland,1996,10,October,1996-10,14,18.6,10,0.0,Tofu,6,7,40 - 100 g pkgs.,11.625,35,0,0,0,Produce,11.625,18.6,186.0,116.25,69.75,0.375,1996-10,0%
10333,WARTH,5,1996-10-18,1996-11-15,1996-10-25,3,0.59,Wartian Herkku,Torikatu 38,Oulu,,90110,Finland,1996,10,October,1996-10,21,8.0,10,0.1,Sir Rodney's Scones,8,3,24 pkgs. x 4 pieces,5.0,3,40,5,0,Confections,5.0,8.0,72.0,50.0,22.0,0.3055555555555556,1996-10,5-10%
10333,WARTH,5,1996-10-18,1996-11-15,1996-10-25,3,0.59,Wartian Herkku,Torikatu 38,Oulu,,90110,Finland,1996,10,October,1996-10,71,17.2,40,0.1,Flotemysost,15,4,10 - 500 g pkgs.,10.75,26,0,0,0,Dairy Products,10.75,17.2,619.2,430.0,189.20000000000005,0.3055555555555556,1996-10,5-10%
10334,VICTE,8,1996-10-21,1996-11-18,1996-10-28,2,8.56,Victuailles en stock,"2, rue du Commerce",Lyon,,69004,France,1996,10,October,1996-10,52,5.6,8,0.0,Filo Mix,24,5,16 - 2 kg boxes,3.5,38,0,25,0,Grains/Cereals,3.5,5.6,44.8,28.0,16.799999999999997,0.37499999999999994,1996-10,0%
10334,VICTE,8,1996-10-21,1996-11-18,1996-10-28,2,8.56,Victuailles en stock,"2, rue du Commerce",Lyon,,69004,France,1996,10,October,1996-10,68,10.0,10,0.0,Scottish Longbreads,8,3,10 boxes x 8 pieces,6.25,6,10,15,0,Confections,6.25,10.0,100.0,62.5,37.5,0.375,1996-10,0%
10335,HUNGO,7,1996-10-22,1996-11-19,1996-10-24,2,42.11,Hungry Owl All-Night Grocers,8 Johnstown Road,Cork,Co. Cork,,Ireland,1996,10,October,1996-10,2,15.2,7,0.2,Chang,1,1,24 - 12 oz bottles,9.5,17,40,25,0,Beverages,9.5,15.2,85.12,66.5,18.620000000000005,0.21875000000000006,1996-10,10-20%
10335,HUNGO,7,1996-10-22,1996-11-19,1996-10-24,2,42.11,Hungry Owl All-Night Grocers,8 Johnstown Road,Cork,Co. Cork,,Ireland,1996,10,October,1996-10,31,10.0,25,0.2,Gorgonzola Telino,14,4,12 - 100 g pkgs,6.25,0,70,20,0,Dairy Products,6.25,10.0,200.0,156.25,43.75,0.21875,1996-10,10-20%
10335,HUNGO,7,1996-10-22,1996-11-19,1996-10-24,2,42.11,Hungry Owl All-Night Grocers,8 Johnstown Road,Cork,Co. Cork,,Ireland,1996,10,October,1996-10,32,25.6,6,0.2,Mascarpone Fabioli,14,4,24 - 200 g pkgs.,16.0,9,40,25,0,Dairy Products,16.0,25.6,122.88000000000002,96.0,26.880000000000024,0.21875000000000014,1996-10,10-20%
10335,HUNGO,7,1996-10-22,1996-11-19,1996-10-24,2,42.11,Hungry Owl All-Night Grocers,8 Johnstown Road,Cork,Co. Cork,,Ireland,1996,10,October,1996-10,51,42.4,48,0.2,Manjimup Dried Apples,24,7,50 - 300 g pkgs.,26.5,20,0,10,0,Produce,26.5,42.4,1628.1599999999999,1272.0,356.15999999999985,0.21874999999999992,1996-10,10-20%
10336,PRINI,7,1996-10-23,1996-11-20,1996-10-25,2,15.51,Princesa Isabel Vinhos,Estrada da saתde n. 58,Lisboa,,1756,Portugal,1996,10,October,1996-10,4,17.6,18,0.1,Chef Anton's Cajun Seasoning,2,2,48 - 6 oz jars,11.0,53,0,0,0,Condiments,11.0,17.6,285.12,198.0,87.12,0.3055555555555556,1996-10,5-10%
10337,FRANK,4,1996-10-24,1996-11-21,1996-10-29,3,108.26,Frankenversand,Berliner Platz 43,Mnchen,,80805,Germany,1996,10,October,1996-10,23,7.2,40,0.0,Tunnbrצd,9,5,12 - 250 g pkgs.,4.5,61,0,25,0,Grains/Cereals,4.5,7.2,288.0,180.0,108.0,0.375,1996-10,0%
10337,FRANK,4,1996-10-24,1996-11-21,1996-10-29,3,108.26,Frankenversand,Berliner Platz 43,Mnchen,,80805,Germany,1996,10,October,1996-10,26,24.9,24,0.0,Gumbהr Gummibהrchen,11,3,100 - 250 g bags,15.615,15,0,0,0,Confections,15.615,24.9,597.5999999999999,374.76,222.83999999999992,0.37289156626506015,1996-10,0%
10337,FRANK,4,1996-10-24,1996-11-21,1996-10-29,3,108.26,Frankenversand,Berliner Platz 43,Mnchen,,80805,Germany,1996,10,October,1996-10,36,15.2,20,0.0,Inlagd Sill,17,8,24 - 250 g  jars,9.5,112,0,20,0,Seafood,9.5,15.2,304.0,190.0,114.0,0.375,1996-10,0%
10337,FRANK,4,1996-10-24,1996-11-21,1996-10-29,3,108.26,Frankenversand,Berliner Platz 43,Mnchen,,80805,Germany,1996,10,October,1996-10,37,20.8,28,0.0,Gravad lax,17,8,12 - 500 g pkgs.,13.0,11,50,25,0,Seafood,13.0,20.8,582.4,364.0,218.39999999999998,0.375,1996-10,0%
10337,FRANK,4,1996-10-24,1996-11-21,1996-10-29,3,108.26,Frankenversand,Berliner Platz 43,Mnchen,,80805,Germany,1996,10,October,1996-10,72,27.8,25,0.0,Mozzarella di Giovanni,14,4,24 - 200 g pkgs.,17.4,14,0,0,0,Dairy Products,17.4,27.8,695.0,434.99999999999994,260.00000000000006,0.3741007194244605,1996-10,0%
10338,OLDWO,4,1996-10-25,1996-11-22,1996-10-29,3,84.21,Old World Delicatessen,2743 Bering St.,Anchorage,AK,99508,USA,1996,10,October,1996-10,17,31.2,20,0.0,Alice Mutton,7,6,20 - 1 kg tins,19.5,0,0,0,1,Meat/Poultry,19.5,31.2,624.0,390.0,234.0,0.375,1996-10,0%
10338,OLDWO,4,1996-10-25,1996-11-22,1996-10-29,3,84.21,Old World Delicatessen,2743 Bering St.,Anchorage,AK,99508,USA,1996,10,October,1996-10,30,20.7,15,0.0,Nord-Ost Matjeshering,13,8,10 - 200 g glasses,12.945,10,0,15,0,Seafood,12.945,20.7,310.5,194.175,116.32499999999999,0.37463768115942025,1996-10,0%
10339,MEREP,2,1996-10-28,1996-11-25,1996-11-04,2,15.66,Mטre Paillarde,43 rue St. Laurent,Montrיal,Quיbec,H1J 1C3,Canada,1996,10,October,1996-10,4,17.6,10,0.0,Chef Anton's Cajun Seasoning,2,2,48 - 6 oz jars,11.0,53,0,0,0,Condiments,11.0,17.6,176.0,110.0,66.0,0.375,1996-10,0%
10339,MEREP,2,1996-10-28,1996-11-25,1996-11-04,2,15.66,Mטre Paillarde,43 rue St. Laurent,Montrיal,Quיbec,H1J 1C3,Canada,1996,10,October,1996-10,17,31.2,70,0.05,Alice Mutton,7,6,20 - 1 kg tins,19.5,0,0,0,1,Meat/Poultry,19.5,31.2,2074.7999999999997,1365.0,709.7999999999997,0.34210526315789463,1996-10,0-5%
10339,MEREP,2,1996-10-28,1996-11-25,1996-11-04,2,15.66,Mטre Paillarde,43 rue St. Laurent,Montrיal,Quיbec,H1J 1C3,Canada,1996,10,October,1996-10,62,39.4,28,0.0,Tarte au sucre,29,3,48 pies,24.65,17,0,0,0,Confections,24.65,39.4,1103.2,690.1999999999999,413.0000000000001,0.37436548223350263,1996-10,0%
10340,BONAP,1,1996-10-29,1996-11-26,1996-11-08,3,166.31,Bon app',"12, rue des Bouchers",Marseille,,13008,France,1996,10,October,1996-10,18,50.0,20,0.05,Carnarvon Tigers,7,8,16 kg pkg.,31.25,42,0,0,0,Seafood,31.25,50.0,950.0,625.0,325.0,0.34210526315789475,1996-10,0-5%
10340,BONAP,1,1996-10-29,1996-11-26,1996-11-08,3,166.31,Bon app',"12, rue des Bouchers",Marseille,,13008,France,1996,10,October,1996-10,41,7.7,12,0.05,Jack's New England Clam Chowder,19,8,12 - 12 oz cans,4.825,85,0,10,0,Seafood,4.825,7.7,87.78,57.900000000000006,29.879999999999995,0.3403964456596035,1996-10,0-5%
10340,BONAP,1,1996-10-29,1996-11-26,1996-11-08,3,166.31,Bon app',"12, rue des Bouchers",Marseille,,13008,France,1996,10,October,1996-10,43,36.8,40,0.05,Ipoh Coffee,20,1,16 - 500 g tins,23.0,17,10,25,0,Beverages,23.0,36.8,1398.3999999999999,920.0,478.39999999999986,0.3421052631578947,1996-10,0-5%
10341,SIMOB,7,1996-10-29,1996-11-26,1996-11-05,3,26.78,Simons bistro,Vinbזltet 34,Kobenhavn,,1734,Denmark,1996,10,October,1996-10,33,2.0,8,0.0,Geitost,15,4,500 g,1.25,112,0,20,0,Dairy Products,1.25,2.0,16.0,10.0,6.0,0.375,1996-10,0%
10341,SIMOB,7,1996-10-29,1996-11-26,1996-11-05,3,26.78,Simons bistro,Vinbזltet 34,Kobenhavn,,1734,Denmark,1996,10,October,1996-10,59,44.0,9,0.15,Raclette Courdavault,28,4,5 kg pkg.,27.5,79,0,0,0,Dairy Products,27.5,44.0,336.59999999999997,247.5,89.09999999999997,0.2647058823529411,1996-10,10-20%
10342,FRANK,4,1996-10-30,1996-11-13,1996-11-04,2,54.83,Frankenversand,Berliner Platz 43,Mnchen,,80805,Germany,1996,10,October,1996-10,2,15.2,24,0.2,Chang,1,1,24 - 12 oz bottles,9.5,17,40,25,0,Beverages,9.5,15.2,291.84,228.0,63.839999999999975,0.21874999999999994,1996-10,10-20%
10342,FRANK,4,1996-10-30,1996-11-13,1996-11-04,2,54.83,Frankenversand,Berliner Platz 43,Mnchen,,80805,Germany,1996,10,October,1996-10,31,10.0,56,0.2,Gorgonzola Telino,14,4,12 - 100 g pkgs,6.25,0,70,20,0,Dairy Products,6.25,10.0,448.0,350.0,98.0,0.21875,1996-10,10-20%
10342,FRANK,4,1996-10-30,1996-11-13,1996-11-04,2,54.83,Frankenversand,Berliner Platz 43,Mnchen,,80805,Germany,1996,10,October,1996-10,36,15.2,40,0.2,Inlagd Sill,17,8,24 - 250 g  jars,9.5,112,0,20,0,Seafood,9.5,15.2,486.40000000000003,380.0,106.40000000000003,0.21875000000000006,1996-10,10-20%
10342,FRANK,4,1996-10-30,1996-11-13,1996-11-04,2,54.83,Frankenversand,Berliner Platz 43,Mnchen,,80805,Germany,1996,10,October,1996-10,55,19.2,40,0.2,Pגtי chinois,25,6,24 boxes x 2 pies,12.0,115,0,20,0,Meat/Poultry,12.0,19.2,614.4000000000001,480.0,134.4000000000001,0.2187500000000001,1996-10,10-20%
10343,LEHMS,4,1996-10-31,1996-11-28,1996-11-06,1,110.37,Lehmanns Marktstand,Magazinweg 7,Frankfurt a.M.,,60528,Germany,1996,10,October,1996-10,64,26.6,50,0.0,Wimmers gute Semmelknצdel,12,5,20 bags x 4 pieces,16.625,22,80,30,0,Grains/Cereals,16.625,26.6,1330.0,831.25,498.75,0.375,1996-10,0%
10343,LEHMS,4,1996-10-31,1996-11-28,1996-11-06,1,110.37,Lehmanns Marktstand,Magazinweg 7,Frankfurt a.M.,,60528,Germany,1996,10,October,1996-10,68,10.0,4,0.05,Scottish Longbreads,8,3,10 boxes x 8 pieces,6.25,6,10,15,0,Confections,6.25,10.0,38.0,25.0,13.0,0.34210526315789475,1996-10,0-5%
10343,LEHMS,4,1996-10-31,1996-11-28,1996-11-06,1,110.37,Lehmanns Marktstand,Magazinweg 7,Frankfurt a.M.,,60528,Germany,1996,10,October,1996-10,76,14.4,15,0.0,Lakkalikצצri,23,1,500 ml,9.0,57,0,20,0,Beverages,9.0,14.4,216.0,135.0,81.0,0.375,1996-10,0%
10344,WHITC,4,1996-11-01,1996-11-29,1996-11-05,2,23.29,White Clover Markets,1029 - 12th Ave. S.,Seattle,WA,98124,USA,1996,11,November,1996-11,4,17.6,35,0.0,Chef Anton's Cajun Seasoning,2,2,48 - 6 oz jars,11.0,53,0,0,0,Condiments,11.0,17.6,616.0,385.0,231.0,0.375,1996-11,0%
10344,WHITC,4,1996-11-01,1996-11-29,1996-11-05,2,23.29,White Clover Markets,1029 - 12th Ave. S.,Seattle,WA,98124,USA,1996,11,November,1996-11,8,32.0,70,0.25,Northwoods Cranberry Sauce,3,2,12 - 12 oz jars,20.0,6,0,0,0,Condiments,20.0,32.0,1680.0,1400.0,280.0,0.16666666666666666,1996-11,20%+
10345,QUICK,2,1996-11-04,1996-12-02,1996-11-11,2,249.06,QUICK-Stop,Taucherstrae 10,Cunewalde,,1307,Germany,1996,11,November,1996-11,8,32.0,70,0.0,Northwoods Cranberry Sauce,3,2,12 - 12 oz jars,20.0,6,0,0,0,Condiments,20.0,32.0,2240.0,1400.0,840.0,0.375,1996-11,0%
10345,QUICK,2,1996-11-04,1996-12-02,1996-11-11,2,249.06,QUICK-Stop,Taucherstrae 10,Cunewalde,,1307,Germany,1996,11,November,1996-11,19,7.3,80,0.0,Teatime Chocolate Biscuits,8,3,10 boxes x 12 pieces,4.6,25,0,5,0,Confections,4.6,7.3,584.0,368.0,216.0,0.3698630136986301,1996-11,0%
10345,QUICK,2,1996-11-04,1996-12-02,1996-11-11,2,249.06,QUICK-Stop,Taucherstrae 10,Cunewalde,,1307,Germany,1996,11,November,1996-11,42,11.2,9,0.0,Singaporean Hokkien Fried Mee,20,5,32 - 1 kg pkgs.,7.0,26,0,0,1,Grains/Cereals,7.0,11.2,100.8,63.0,37.8,0.375,1996-11,0%
10346,RATTC,3,1996-11-05,1996-12-17,1996-11-08,3,142.08,Rattlesnake Canyon Grocery,2817 Milton Dr.,Albuquerque,NM,87110,USA,1996,11,November,1996-11,17,31.2,36,0.1,Alice Mutton,7,6,20 - 1 kg tins,19.5,0,0,0,1,Meat/Poultry,19.5,31.2,1010.8800000000001,702.0,308.8800000000001,0.30555555555555564,1996-11,5-10%
10346,RATTC,3,1996-11-05,1996-12-17,1996-11-08,3,142.08,Rattlesnake Canyon Grocery,2817 Milton Dr.,Albuquerque,NM,87110,USA,1996,11,November,1996-11,56,30.4,20,0.0,Gnocchi di nonna Alice,26,5,24 - 250 g pkgs.,19.0,21,10,30,0,Grains/Cereals,19.0,30.4,608.0,380.0,228.0,0.375,1996-11,0%
10347,FAMIA,4,1996-11-06,1996-12-04,1996-11-08,3,3.1,Familia Arquibaldo,"Rua Orףs, 92",Sao Paulo,SP,05442-030,Brazil,1996,11,November,1996-11,25,11.2,10,0.0,NuNuCa Nu-Nougat-Creme,11,3,20 - 450 g glasses,7.0,76,0,30,0,Confections,7.0,11.2,112.0,70.0,42.0,0.375,1996-11,0%
10347,FAMIA,4,1996-11-06,1996-12-04,1996-11-08,3,3.1,Familia Arquibaldo,"Rua Orףs, 92",Sao Paulo,SP,05442-030,Brazil,1996,11,November,1996-11,39,14.4,50,0.15,Chartreuse verte,18,1,750 cc per bottle,9.0,69,0,5,0,Beverages,9.0,14.4,612.0,450.0,162.0,0.2647058823529412,1996-11,10-20%
10347,FAMIA,4,1996-11-06,1996-12-04,1996-11-08,3,3.1,Familia Arquibaldo,"Rua Orףs, 92",Sao Paulo,SP,05442-030,Brazil,1996,11,November,1996-11,40,14.7,4,0.0,Boston Crab Meat,19,8,24 - 4 oz tins,9.2,123,0,30,0,Seafood,9.2,14.7,58.8,36.8,22.0,0.3741496598639456,1996-11,0%
10347,FAMIA,4,1996-11-06,1996-12-04,1996-11-08,3,3.1,Familia Arquibaldo,"Rua Orףs, 92",Sao Paulo,SP,05442-030,Brazil,1996,11,November,1996-11,75,6.2,6,0.15,Rhצnbrהu Klosterbier,12,1,24 - 0.5 l bottles,3.875,125,0,25,0,Beverages,3.875,6.2,31.62,23.25,8.370000000000001,0.2647058823529412,1996-11,10-20%
10348,WANDK,4,1996-11-07,1996-12-05,1996-11-15,2,0.78,Die Wandernde Kuh,Adenauerallee 900,Stuttgart,,70563,Germany,1996,11,November,1996-11,1,14.4,15,0.15,Chai,1,1,10 boxes x 20 bags,9.0,39,0,10,0,Beverages,9.0,14.4,183.6,135.0,48.599999999999994,0.2647058823529412,1996-11,10-20%
10348,WANDK,4,1996-11-07,1996-12-05,1996-11-15,2,0.78,Die Wandernde Kuh,Adenauerallee 900,Stuttgart,,70563,Germany,1996,11,November,1996-11,23,7.2,25,0.0,Tunnbrצd,9,5,12 - 250 g pkgs.,4.5,61,0,25,0,Grains/Cereals,4.5,7.2,180.0,112.5,67.5,0.375,1996-11,0%
10349,SPLIR,7,1996-11-08,1996-12-06,1996-11-15,1,8.63,Split Rail Beer & Ale,P.O. Box 555,Lander,WY,82520,USA,1996,11,November,1996-11,54,5.9,24,0.0,Tourtiטre,25,6,16 pies,3.725,21,0,10,0,Meat/Poultry,3.725,5.9,141.60000000000002,89.4,52.20000000000002,0.36864406779661024,1996-11,0%
10350,LAMAI,6,1996-11-11,1996-12-09,1996-12-03,2,64.19,La maison d'Asie,1 rue Alsace-Lorraine,Toulouse,,31000,France,1996,11,November,1996-11,50,13.0,15,0.1,Valkoinen suklaa,23,3,12 - 100 g bars,8.125,65,0,30,0,Confections,8.125,13.0,175.5,121.875,53.625,0.3055555555555556,1996-11,5-10%
10350,LAMAI,6,1996-11-11,1996-12-09,1996-12-03,2,64.19,La maison d'Asie,1 rue Alsace-Lorraine,Toulouse,,31000,France,1996,11,November,1996-11,69,28.8,18,0.1,Gudbrandsdalsost,15,4,10 kg pkg.,18.0,26,0,15,0,Dairy Products,18.0,28.8,466.56,324.0,142.56,0.3055555555555556,1996-11,5-10%
10351,ERNSH,1,1996-11-11,1996-12-09,1996-11-20,1,162.33,Ernst Handel,Kirchgasse 6,Graz,,8010,Austria,1996,11,November,1996-11,38,210.8,20,0.05,Cפte de Blaye,18,1,12 - 75 cl bottles,131.75,17,0,15,0,Beverages,131.75,210.8,4005.2,2635.0,1370.1999999999998,0.3421052631578947,1996-11,0-5%
10351,ERNSH,1,1996-11-11,1996-12-09,1996-11-20,1,162.33,Ernst Handel,Kirchgasse 6,Graz,,8010,Austria,1996,11,November,1996-11,41,7.7,13,0.0,Jack's New England Clam Chowder,19,8,12 - 12 oz cans,4.825,85,0,10,0,Seafood,4.825,7.7,100.10000000000001,62.725,37.37500000000001,0.3733766233766234,1996-11,0%
10351,ERNSH,1,1996-11-11,1996-12-09,1996-11-20,1,162.33,Ernst Handel,Kirchgasse 6,Graz,,8010,Austria,1996,11,November,1996-11,44,15.5,77,0.05,Gula Malacca,20,2,20 - 2 kg bags,9.725,27,0,15,0,Condiments,9.725,15.5,1133.825,748.8249999999999,385.0000000000001,0.3395585738539899,1996-11,0-5%
10351,ERNSH,1,1996-11-11,1996-12-09,1996-11-20,1,162.33,Ernst Handel,Kirchgasse 6,Graz,,8010,Austria,1996,11,November,1996-11,65,16.8,10,0.05,Louisiana Fiery Hot Pepper Sauce,2,2,32 - 8 oz bottles,10.525,76,0,0,0,Condiments,10.525,16.8,159.6,105.25,54.349999999999994,0.3405388471177945,1996-11,0-5%
10352,FURIB,3,1996-11-12,1996-11-26,1996-11-18,3,1.3,Furia Bacalhau e Frutos do Mar,Jardim das rosas n. 32,Lisboa,,1675,Portugal,1996,11,November,1996-11,24,3.6,10,0.0,Guaranב Fantבstica,10,1,12 - 355 ml cans,2.25,20,0,0,1,Beverages,2.25,3.6,36.0,22.5,13.5,0.375,1996-11,0%
10352,FURIB,3,1996-11-12,1996-11-26,1996-11-18,3,1.3,Furia Bacalhau e Frutos do Mar,Jardim das rosas n. 32,Lisboa,,1675,Portugal,1996,11,November,1996-11,54,5.9,20,0.15,Tourtiטre,25,6,16 pies,3.725,21,0,10,0,Meat/Poultry,3.725,5.9,100.3,74.5,25.799999999999997,0.25722831505483545,1996-11,10-20%
10353,PICCO,7,1996-11-13,1996-12-11,1996-11-25,3,360.63,Piccolo und mehr,Geislweg 14,Salzburg,,5020,Austria,1996,11,November,1996-11,11,16.8,12,0.2,Queso Cabrales,5,4,1 kg pkg.,10.5,22,30,30,0,Dairy Products,10.5,16.8,161.28000000000003,126.0,35.28000000000003,0.21875000000000014,1996-11,10-20%
10353,PICCO,7,1996-11-13,1996-12-11,1996-11-25,3,360.63,Piccolo und mehr,Geislweg 14,Salzburg,,5020,Austria,1996,11,November,1996-11,38,210.8,50,0.2,Cפte de Blaye,18,1,12 - 75 cl bottles,131.75,17,0,15,0,Beverages,131.75,210.8,8432.0,6587.5,1844.5,0.21875,1996-11,10-20%
10354,PERIC,8,1996-11-14,1996-12-12,1996-11-20,3,53.8,Pericles Comidas clבsicas,Calle Dr. Jorge Cash 321,Mיxico D.F.,,5033,Mexico,1996,11,November,1996-11,1,14.4,12,0.0,Chai,1,1,10 boxes x 20 bags,9.0,39,0,10,0,Beverages,9.0,14.4,172.8,108.0,64.80000000000001,0.37500000000000006,1996-11,0%
10354,PERIC,8,1996-11-14,1996-12-12,1996-11-20,3,53.8,Pericles Comidas clבsicas,Calle Dr. Jorge Cash 321,Mיxico D.F.,,5033,Mexico,1996,11,November,1996-11,29,99.0,4,0.0,Thringer Rostbratwurst,12,6,50 bags x 30 sausgs.,61.895,0,0,0,1,Meat/Poultry,61.895,99.0,396.0,247.58,148.42,0.37479797979797974,1996-11,0%
10355,AROUT,6,1996-11-15,1996-12-13,1996-11-20,1,41.95,Around the Horn,Brook Farm Stratford St. Mary,Colchester,Essex,CO7 6JX,UK,1996,11,November,1996-11,24,3.6,25,0.0,Guaranב Fantבstica,10,1,12 - 355 ml cans,2.25,20,0,0,1,Beverages,2.25,3.6,90.0,56.25,33.75,0.375,1996-11,0%
10355,AROUT,6,1996-11-15,1996-12-13,1996-11-20,1,41.95,Around the Horn,Brook Farm Stratford St. Mary,Colchester,Essex,CO7 6JX,UK,1996,11,November,1996-11,57,15.6,25,0.0,Ravioli Angelo,26,5,24 - 250 g pkgs.,9.75,36,0,20,0,Grains/Cereals,9.75,15.6,390.0,243.75,146.25,0.375,1996-11,0%
10356,WANDK,6,1996-11-18,1996-12-16,1996-11-27,2,36.71,Die Wandernde Kuh,Adenauerallee 900,Stuttgart,,70563,Germany,1996,11,November,1996-11,31,10.0,30,0.0,Gorgonzola Telino,14,4,12 - 100 g pkgs,6.25,0,70,20,0,Dairy Products,6.25,10.0,300.0,187.5,112.5,0.375,1996-11,0%
10356,WANDK,6,1996-11-18,1996-12-16,1996-11-27,2,36.71,Die Wandernde Kuh,Adenauerallee 900,Stuttgart,,70563,Germany,1996,11,November,1996-11,55,19.2,12,0.0,Pגtי chinois,25,6,24 boxes x 2 pies,12.0,115,0,20,0,Meat/Poultry,12.0,19.2,230.39999999999998,144.0,86.39999999999998,0.37499999999999994,1996-11,0%
10356,WANDK,6,1996-11-18,1996-12-16,1996-11-27,2,36.71,Die Wandernde Kuh,Adenauerallee 900,Stuttgart,,70563,Germany,1996,11,November,1996-11,69,28.8,20,0.0,Gudbrandsdalsost,15,4,10 kg pkg.,18.0,26,0,15,0,Dairy Products,18.0,28.8,576.0,360.0,216.0,0.375,1996-11,0%
10357,LILAS,1,1996-11-19,1996-12-17,1996-12-02,3,34.88,LILA-Supermercado,Carrera 52 con Ave. Bolםvar #65-98 Llano Largo,Barquisimeto,Lara,3508,Venezuela,1996,11,November,1996-11,10,24.8,30,0.2,Ikura,4,8,12 - 200 ml jars,15.5,31,0,0,0,Seafood,15.5,24.8,595.2,465.0,130.20000000000005,0.21875000000000006,1996-11,10-20%
10357,LILAS,1,1996-11-19,1996-12-17,1996-12-02,3,34.88,LILA-Supermercado,Carrera 52 con Ave. Bolםvar #65-98 Llano Largo,Barquisimeto,Lara,3508,Venezuela,1996,11,November,1996-11,26,24.9,16,0.0,Gumbהr Gummibהrchen,11,3,100 - 250 g bags,15.615,15,0,0,0,Confections,15.615,24.9,398.4,249.84,148.55999999999997,0.3728915662650602,1996-11,0%
10357,LILAS,1,1996-11-19,1996-12-17,1996-12-02,3,34.88,LILA-Supermercado,Carrera 52 con Ave. Bolםvar #65-98 Llano Largo,Barquisimeto,Lara,3508,Venezuela,1996,11,November,1996-11,60,27.2,8,0.2,Camembert Pierrot,28,4,15 - 300 g rounds,17.0,19,0,0,0,Dairy Products,17.0,27.2,174.08,136.0,38.08000000000001,0.21875000000000006,1996-11,10-20%
10358,LAMAI,5,1996-11-20,1996-12-18,1996-11-27,1,19.64,La maison d'Asie,1 rue Alsace-Lorraine,Toulouse,,31000,France,1996,11,November,1996-11,24,3.6,10,0.05,Guaranב Fantבstica,10,1,12 - 355 ml cans,2.25,20,0,0,1,Beverages,2.25,3.6,34.199999999999996,22.5,11.699999999999996,0.34210526315789463,1996-11,0-5%
10358,LAMAI,5,1996-11-20,1996-12-18,1996-11-27,1,19.64,La maison d'Asie,1 rue Alsace-Lorraine,Toulouse,,31000,France,1996,11,November,1996-11,34,11.2,10,0.05,Sasquatch Ale,16,1,24 - 12 oz bottles,7.0,111,0,15,0,Beverages,7.0,11.2,106.39999999999999,70.0,36.39999999999999,0.3421052631578947,1996-11,0-5%
10358,LAMAI,5,1996-11-20,1996-12-18,1996-11-27,1,19.64,La maison d'Asie,1 rue Alsace-Lorraine,Toulouse,,31000,France,1996,11,November,1996-11,36,15.2,20,0.05,Inlagd Sill,17,8,24 - 250 g  jars,9.5,112,0,20,0,Seafood,9.5,15.2,288.8,190.0,98.80000000000001,0.34210526315789475,1996-11,0-5%
10359,SEVES,5,1996-11-21,1996-12-19,1996-11-26,3,288.43,Seven Seas Imports,90 Wadhurst Rd.,London,,OX15 4NB,UK,1996,11,November,1996-11,16,13.9,56,0.05,Pavlova,7,3,32 - 500 g boxes,8.725,29,0,10,0,Confections,8.725,13.9,739.4799999999999,488.59999999999997,250.87999999999994,0.33926542976145396,1996-11,0-5%
10359,SEVES,5,1996-11-21,1996-12-19,1996-11-26,3,288.43,Seven Seas Imports,90 Wadhurst Rd.,London,,OX15 4NB,UK,1996,11,November,1996-11,31,10.0,70,0.05,Gorgonzola Telino,14,4,12 - 100 g pkgs,6.25,0,70,20,0,Dairy Products,6.25,10.0,665.0,437.5,227.5,0.34210526315789475,1996-11,0-5%
10359,SEVES,5,1996-11-21,1996-12-19,1996-11-26,3,288.43,Seven Seas Imports,90 Wadhurst Rd.,London,,OX15 4NB,UK,1996,11,November,1996-11,60,27.2,80,0.05,Camembert Pierrot,28,4,15 - 300 g rounds,17.0,19,0,0,0,Dairy Products,17.0,27.2,2067.2,1360.0,707.1999999999998,0.3421052631578947,1996-11,0-5%
10360,BLONP,4,1996-11-22,1996-12-20,1996-12-02,3,131.7,Blondel pטre et fils,"24, place Klיber",Strasbourg,,67000,France,1996,11,November,1996-11,28,36.4,30,0.0,Rצssle Sauerkraut,12,7,25 - 825 g cans,22.8,26,0,0,1,Produce,22.8,36.4,1092.0,684.0,408.0,0.37362637362637363,1996-11,0%
10360,BLONP,4,1996-11-22,1996-12-20,1996-12-02,3,131.7,Blondel pטre et fils,"24, place Klיber",Strasbourg,,67000,France,1996,11,November,1996-11,29,99.0,35,0.0,Thringer Rostbratwurst,12,6,50 bags x 30 sausgs.,61.895,0,0,0,1,Meat/Poultry,61.895,99.0,3465.0,2166.3250000000003,1298.6749999999997,0.37479797979797974,1996-11,0%
10360,BLONP,4,1996-11-22,1996-12-20,1996-12-02,3,131.7,Blondel pטre et fils,"24, place Klיber",Strasbourg,,67000,France,1996,11,November,1996-11,38,210.8,10,0.0,Cפte de Blaye,18,1,12 - 75 cl bottles,131.75,17,0,15,0,Beverages,131.75,210.8,2108.0,1317.5,790.5,0.375,1996-11,0%
10360,BLONP,4,1996-11-22,1996-12-20,1996-12-02,3,131.7,Blondel pטre et fils,"24, place Klיber",Strasbourg,,67000,France,1996,11,November,1996-11,49,16.0,35,0.0,Maxilaku,23,3,24 - 50 g pkgs.,10.0,10,60,15,0,Confections,10.0,16.0,560.0,350.0,210.0,0.375,1996-11,0%
10360,BLONP,4,1996-11-22,1996-12-20,1996-12-02,3,131.7,Blondel pטre et fils,"24, place Klיber",Strasbourg,,67000,France,1996,11,November,1996-11,54,5.9,28,0.0,Tourtiטre,25,6,16 pies,3.725,21,0,10,0,Meat/Poultry,3.725,5.9,165.20000000000002,104.3,60.90000000000002,0.36864406779661024,1996-11,0%
10361,QUICK,1,1996-11-22,1996-12-20,1996-12-03,2,183.17,QUICK-Stop,Taucherstrae 10,Cunewalde,,1307,Germany,1996,11,November,1996-11,39,14.4,54,0.1,Chartreuse verte,18,1,750 cc per bottle,9.0,69,0,5,0,Beverages,9.0,14.4,699.84,486.0,213.84000000000003,0.3055555555555556,1996-11,5-10%
10361,QUICK,1,1996-11-22,1996-12-20,1996-12-03,2,183.17,QUICK-Stop,Taucherstrae 10,Cunewalde,,1307,Germany,1996,11,November,1996-11,60,27.2,55,0.1,Camembert Pierrot,28,4,15 - 300 g rounds,17.0,19,0,0,0,Dairy Products,17.0,27.2,1346.4,935.0,411.4000000000001,0.3055555555555556,1996-11,5-10%
10362,BONAP,3,1996-11-25,1996-12-23,1996-11-28,1,96.04,Bon app',"12, rue des Bouchers",Marseille,,13008,France,1996,11,November,1996-11,25,11.2,50,0.0,NuNuCa Nu-Nougat-Creme,11,3,20 - 450 g glasses,7.0,76,0,30,0,Confections,7.0,11.2,560.0,350.0,210.0,0.375,1996-11,0%
10362,BONAP,3,1996-11-25,1996-12-23,1996-11-28,1,96.04,Bon app',"12, rue des Bouchers",Marseille,,13008,France,1996,11,November,1996-11,51,42.4,20,0.0,Manjimup Dried Apples,24,7,50 - 300 g pkgs.,26.5,20,0,10,0,Produce,26.5,42.4,848.0,530.0,318.0,0.375,1996-11,0%
10362,BONAP,3,1996-11-25,1996-12-23,1996-11-28,1,96.04,Bon app',"12, rue des Bouchers",Marseille,,13008,France,1996,11,November,1996-11,54,5.9,24,0.0,Tourtiטre,25,6,16 pies,3.725,21,0,10,0,Meat/Poultry,3.725,5.9,141.60000000000002,89.4,52.20000000000002,0.36864406779661024,1996-11,0%
10363,DRACD,4,1996-11-26,1996-12-24,1996-12-04,3,30.54,Drachenblut Delikatessen,Walserweg 21,Aachen,,52066,Germany,1996,11,November,1996-11,31,10.0,20,0.0,Gorgonzola Telino,14,4,12 - 100 g pkgs,6.25,0,70,20,0,Dairy Products,6.25,10.0,200.0,125.0,75.0,0.375,1996-11,0%
10363,DRACD,4,1996-11-26,1996-12-24,1996-12-04,3,30.54,Drachenblut Delikatessen,Walserweg 21,Aachen,,52066,Germany,1996,11,November,1996-11,75,6.2,12,0.0,Rhצnbrהu Klosterbier,12,1,24 - 0.5 l bottles,3.875,125,0,25,0,Beverages,3.875,6.2,74.4,46.5,27.900000000000006,0.37500000000000006,1996-11,0%
10363,DRACD,4,1996-11-26,1996-12-24,1996-12-04,3,30.54,Drachenblut Delikatessen,Walserweg 21,Aachen,,52066,Germany,1996,11,November,1996-11,76,14.4,12,0.0,Lakkalikצצri,23,1,500 ml,9.0,57,0,20,0,Beverages,9.0,14.4,172.8,108.0,64.80000000000001,0.37500000000000006,1996-11,0%
10364,EASTC,1,1996-11-26,1997-01-07,1996-12-04,1,71.97,Eastern Connection,35 King George,London,,WX3 6FW,UK,1996,11,November,1996-11,69,28.8,30,0.0,Gudbrandsdalsost,15,4,10 kg pkg.,18.0,26,0,15,0,Dairy Products,18.0,28.8,864.0,540.0,324.0,0.375,1996-11,0%
10364,EASTC,1,1996-11-26,1997-01-07,1996-12-04,1,71.97,Eastern Connection,35 King George,London,,WX3 6FW,UK,1996,11,November,1996-11,71,17.2,5,0.0,Flotemysost,15,4,10 - 500 g pkgs.,10.75,26,0,0,0,Dairy Products,10.75,17.2,86.0,53.75,32.25,0.375,1996-11,0%
10365,ANTON,3,1996-11-27,1996-12-25,1996-12-02,2,22.0,Antonio Moreno Taquerםa,Mataderos  2312,Mיxico D.F.,,5023,Mexico,1996,11,November,1996-11,11,16.8,24,0.0,Queso Cabrales,5,4,1 kg pkg.,10.5,22,30,30,0,Dairy Products,10.5,16.8,403.20000000000005,252.0,151.20000000000005,0.37500000000000006,1996-11,0%
10366,GALED,8,1996-11-28,1997-01-09,1996-12-30,2,10.14,Galerםa del gastronףmo,"Rambla de Cataluסa, 23",Barcelona,,8022,Spain,1996,11,November,1996-11,65,16.8,5,0.0,Louisiana Fiery Hot Pepper Sauce,2,2,32 - 8 oz bottles,10.525,76,0,0,0,Condiments,10.525,16.8,84.0,52.625,31.375,0.37351190476190477,1996-11,0%
10366,GALED,8,1996-11-28,1997-01-09,1996-12-30,2,10.14,Galerםa del gastronףmo,"Rambla de Cataluסa, 23",Barcelona,,8022,Spain,1996,11,November,1996-11,77,10.4,5,0.0,Original Frankfurter grne Soe,12,2,12 boxes,6.5,32,0,15,0,Condiments,6.5,10.4,52.0,32.5,19.5,0.375,1996-11,0%
10367,VAFFE,7,1996-11-28,1996-12-26,1996-12-02,3,13.55,Vaffeljernet,Smagsloget 45,ֵrhus,,8200,Denmark,1996,11,November,1996-11,34,11.2,36,0.0,Sasquatch Ale,16,1,24 - 12 oz bottles,7.0,111,0,15,0,Beverages,7.0,11.2,403.2,252.0,151.2,0.375,1996-11,0%
10367,VAFFE,7,1996-11-28,1996-12-26,1996-12-02,3,13.55,Vaffeljernet,Smagsloget 45,ֵrhus,,8200,Denmark,1996,11,November,1996-11,54,5.9,18,0.0,Tourtiטre,25,6,16 pies,3.725,21,0,10,0,Meat/Poultry,3.725,5.9,106.2,67.05,39.150000000000006,0.3686440677966102,1996-11,0%
10367,VAFFE,7,1996-11-28,1996-12-26,1996-12-02,3,13.55,Vaffeljernet,Smagsloget 45,ֵrhus,,8200,Denmark,1996,11,November,1996-11,65,16.8,15,0.0,Louisiana Fiery Hot Pepper Sauce,2,2,32 - 8 oz bottles,10.525,76,0,0,0,Condiments,10.525,16.8,252.0,157.875,94.125,0.37351190476190477,1996-11,0%
10367,VAFFE,7,1996-11-28,1996-12-26,1996-12-02,3,13.55,Vaffeljernet,Smagsloget 45,ֵrhus,,8200,Denmark,1996,11,November,1996-11,77,10.4,7,0.0,Original Frankfurter grne Soe,12,2,12 boxes,6.5,32,0,15,0,Condiments,6.5,10.4,72.8,45.5,27.299999999999997,0.375,1996-11,0%
10368,ERNSH,2,1996-11-29,1996-12-27,1996-12-02,2,101.95,Ernst Handel,Kirchgasse 6,Graz,,8010,Austria,1996,11,November,1996-11,21,8.0,5,0.1,Sir Rodney's Scones,8,3,24 pkgs. x 4 pieces,5.0,3,40,5,0,Confections,5.0,8.0,36.0,25.0,11.0,0.3055555555555556,1996-11,5-10%
10368,ERNSH,2,1996-11-29,1996-12-27,1996-12-02,2,101.95,Ernst Handel,Kirchgasse 6,Graz,,8010,Austria,1996,11,November,1996-11,28,36.4,13,0.1,Rצssle Sauerkraut,12,7,25 - 825 g cans,22.8,26,0,0,1,Produce,22.8,36.4,425.88,296.40000000000003,129.47999999999996,0.30402930402930395,1996-11,5-10%
10368,ERNSH,2,1996-11-29,1996-12-27,1996-12-02,2,101.95,Ernst Handel,Kirchgasse 6,Graz,,8010,Austria,1996,11,November,1996-11,57,15.6,25,0.0,Ravioli Angelo,26,5,24 - 250 g pkgs.,9.75,36,0,20,0,Grains/Cereals,9.75,15.6,390.0,243.75,146.25,0.375,1996-11,0%
10368,ERNSH,2,1996-11-29,1996-12-27,1996-12-02,2,101.95,Ernst Handel,Kirchgasse 6,Graz,,8010,Austria,1996,11,November,1996-11,64,26.6,35,0.1,Wimmers gute Semmelknצdel,12,5,20 bags x 4 pieces,16.625,22,80,30,0,Grains/Cereals,16.625,26.6,837.9,581.875,256.025,0.3055555555555555,1996-11,5-10%
10369,SPLIR,8,1996-12-02,1996-12-30,1996-12-09,2,195.68,Split Rail Beer & Ale,P.O. Box 555,Lander,WY,82520,USA,1996,12,December,1996-12,29,99.0,20,0.0,Thringer Rostbratwurst,12,6,50 bags x 30 sausgs.,61.895,0,0,0,1,Meat/Poultry,61.895,99.0,1980.0,1237.9,742.0999999999999,0.37479797979797974,1996-12,0%
10369,SPLIR,8,1996-12-02,1996-12-30,1996-12-09,2,195.68,Split Rail Beer & Ale,P.O. Box 555,Lander,WY,82520,USA,1996,12,December,1996-12,56,30.4,18,0.25,Gnocchi di nonna Alice,26,5,24 - 250 g pkgs.,19.0,21,10,30,0,Grains/Cereals,19.0,30.4,410.4,342.0,68.39999999999998,0.16666666666666663,1996-12,20%+
10370,CHOPS,6,1996-12-03,1996-12-31,1996-12-27,2,1.17,Chop-suey Chinese,Hauptstr. 31,Bern,,3012,Switzerland,1996,12,December,1996-12,1,14.4,15,0.15,Chai,1,1,10 boxes x 20 bags,9.0,39,0,10,0,Beverages,9.0,14.4,183.6,135.0,48.599999999999994,0.2647058823529412,1996-12,10-20%
10370,CHOPS,6,1996-12-03,1996-12-31,1996-12-27,2,1.17,Chop-suey Chinese,Hauptstr. 31,Bern,,3012,Switzerland,1996,12,December,1996-12,64,26.6,30,0.0,Wimmers gute Semmelknצdel,12,5,20 bags x 4 pieces,16.625,22,80,30,0,Grains/Cereals,16.625,26.6,798.0,498.75,299.25,0.375,1996-12,0%
10370,CHOPS,6,1996-12-03,1996-12-31,1996-12-27,2,1.17,Chop-suey Chinese,Hauptstr. 31,Bern,,3012,Switzerland,1996,12,December,1996-12,74,8.0,20,0.15,Longlife Tofu,4,7,5 kg pkg.,5.0,4,20,5,0,Produce,5.0,8.0,136.0,100.0,36.0,0.2647058823529412,1996-12,10-20%
10371,LAMAI,1,1996-12-03,1996-12-31,1996-12-24,1,0.45,La maison d'Asie,1 rue Alsace-Lorraine,Toulouse,,31000,France,1996,12,December,1996-12,36,15.2,6,0.2,Inlagd Sill,17,8,24 - 250 g  jars,9.5,112,0,20,0,Seafood,9.5,15.2,72.96,57.0,15.959999999999994,0.21874999999999994,1996-12,10-20%
10372,QUEEN,5,1996-12-04,1997-01-01,1996-12-09,2,890.78,Queen Cozinha,"Alameda dos Canאrios, 891",Sao Paulo,SP,05487-020,Brazil,1996,12,December,1996-12,20,64.8,12,0.25,Sir Rodney's Marmalade,8,3,30 gift boxes,40.5,40,0,0,0,Confections,40.5,64.8,583.1999999999999,486.0,97.19999999999993,0.16666666666666657,1996-12,20%+
10372,QUEEN,5,1996-12-04,1997-01-01,1996-12-09,2,890.78,Queen Cozinha,"Alameda dos Canאrios, 891",Sao Paulo,SP,05487-020,Brazil,1996,12,December,1996-12,38,210.8,40,0.25,Cפte de Blaye,18,1,12 - 75 cl bottles,131.75,17,0,15,0,Beverages,131.75,210.8,6324.0,5270.0,1054.0,0.16666666666666666,1996-12,20%+
10372,QUEEN,5,1996-12-04,1997-01-01,1996-12-09,2,890.78,Queen Cozinha,"Alameda dos Canאrios, 891",Sao Paulo,SP,05487-020,Brazil,1996,12,December,1996-12,60,27.2,70,0.25,Camembert Pierrot,28,4,15 - 300 g rounds,17.0,19,0,0,0,Dairy Products,17.0,27.2,1428.0,1190.0,238.0,0.16666666666666666,1996-12,20%+
10372,QUEEN,5,1996-12-04,1997-01-01,1996-12-09,2,890.78,Queen Cozinha,"Alameda dos Canאrios, 891",Sao Paulo,SP,05487-020,Brazil,1996,12,December,1996-12,72,27.8,42,0.25,Mozzarella di Giovanni,14,4,24 - 200 g pkgs.,17.4,14,0,0,0,Dairy Products,17.4,27.8,875.7,730.8,144.9000000000001,0.16546762589928066,1996-12,20%+
10373,HUNGO,4,1996-12-05,1997-01-02,1996-12-11,3,124.12,Hungry Owl All-Night Grocers,8 Johnstown Road,Cork,Co. Cork,,Ireland,1996,12,December,1996-12,58,10.6,80,0.2,Escargots de Bourgogne,27,8,24 pieces,6.625,62,0,20,0,Seafood,6.625,10.6,678.4000000000001,530.0,148.4000000000001,0.2187500000000001,1996-12,10-20%
10373,HUNGO,4,1996-12-05,1997-01-02,1996-12-11,3,124.12,Hungry Owl All-Night Grocers,8 Johnstown Road,Cork,Co. Cork,,Ireland,1996,12,December,1996-12,71,17.2,50,0.2,Flotemysost,15,4,10 - 500 g pkgs.,10.75,26,0,0,0,Dairy Products,10.75,17.2,688.0,537.5,150.5,0.21875,1996-12,10-20%
10374,WOLZA,1,1996-12-05,1997-01-02,1996-12-09,3,3.94,Wolski Zajazd,ul. Filtrowa 68,Warszawa,,01-012,Poland,1996,12,December,1996-12,31,10.0,30,0.0,Gorgonzola Telino,14,4,12 - 100 g pkgs,6.25,0,70,20,0,Dairy Products,6.25,10.0,300.0,187.5,112.5,0.375,1996-12,0%
10374,WOLZA,1,1996-12-05,1997-01-02,1996-12-09,3,3.94,Wolski Zajazd,ul. Filtrowa 68,Warszawa,,01-012,Poland,1996,12,December,1996-12,58,10.6,15,0.0,Escargots de Bourgogne,27,8,24 pieces,6.625,62,0,20,0,Seafood,6.625,10.6,159.0,99.375,59.625,0.375,1996-12,0%
10375,HUNGC,3,1996-12-06,1997-01-03,1996-12-09,2,20.12,Hungry Coyote Import Store,City Center Plaza 516 Main St.,Elgin,OR,97827,USA,1996,12,December,1996-12,14,18.6,15,0.0,Tofu,6,7,40 - 100 g pkgs.,11.625,35,0,0,0,Produce,11.625,18.6,279.0,174.375,104.625,0.375,1996-12,0%
10375,HUNGC,3,1996-12-06,1997-01-03,1996-12-09,2,20.12,Hungry Coyote Import Store,City Center Plaza 516 Main St.,Elgin,OR,97827,USA,1996,12,December,1996-12,54,5.9,10,0.0,Tourtiטre,25,6,16 pies,3.725,21,0,10,0,Meat/Poultry,3.725,5.9,59.0,37.25,21.75,0.3686440677966102,1996-12,0%
10376,MEREP,1,1996-12-09,1997-01-06,1996-12-13,2,20.39,Mטre Paillarde,43 rue St. Laurent,Montrיal,Quיbec,H1J 1C3,Canada,1996,12,December,1996-12,31,10.0,42,0.05,Gorgonzola Telino,14,4,12 - 100 g pkgs,6.25,0,70,20,0,Dairy Products,6.25,10.0,399.0,262.5,136.5,0.34210526315789475,1996-12,0-5%
10377,SEVES,1,1996-12-09,1997-01-06,1996-12-13,3,22.21,Seven Seas Imports,90 Wadhurst Rd.,London,,OX15 4NB,UK,1996,12,December,1996-12,28,36.4,20,0.15,Rצssle Sauerkraut,12,7,25 - 825 g cans,22.8,26,0,0,1,Produce,22.8,36.4,618.8,456.0,162.79999999999995,0.2630898513251454,1996-12,10-20%
10377,SEVES,1,1996-12-09,1997-01-06,1996-12-13,3,22.21,Seven Seas Imports,90 Wadhurst Rd.,London,,OX15 4NB,UK,1996,12,December,1996-12,39,14.4,20,0.15,Chartreuse verte,18,1,750 cc per bottle,9.0,69,0,5,0,Beverages,9.0,14.4,244.79999999999998,180.0,64.79999999999998,0.2647058823529411,1996-12,10-20%
10378,FOLKO,5,1996-12-10,1997-01-07,1996-12-19,3,5.44,Folk och fה HB,ֵkergatan 24,Brהcke,,S-844 67,Sweden,1996,12,December,1996-12,71,17.2,6,0.0,Flotemysost,15,4,10 - 500 g pkgs.,10.75,26,0,0,0,Dairy Products,10.75,17.2,103.19999999999999,64.5,38.69999999999999,0.37499999999999994,1996-12,0%
10379,QUEDE,2,1996-12-11,1997-01-08,1996-12-13,1,45.03,Que Delםcia,"Rua da Panificadora, 12",Rio de Janeiro,RJ,02389-673,Brazil,1996,12,December,1996-12,41,7.7,8,0.1,Jack's New England Clam Chowder,19,8,12 - 12 oz cans,4.825,85,0,10,0,Seafood,4.825,7.7,55.440000000000005,38.6,16.840000000000003,0.3037518037518038,1996-12,5-10%
10379,QUEDE,2,1996-12-11,1997-01-08,1996-12-13,1,45.03,Que Delםcia,"Rua da Panificadora, 12",Rio de Janeiro,RJ,02389-673,Brazil,1996,12,December,1996-12,63,35.1,16,0.1,Vegie-spread,7,2,15 - 625 g jars,21.95,24,0,5,0,Condiments,21.95,35.1,505.44000000000005,351.2,154.24000000000007,0.30515986071541634,1996-12,5-10%
10379,QUEDE,2,1996-12-11,1997-01-08,1996-12-13,1,45.03,Que Delםcia,"Rua da Panificadora, 12",Rio de Janeiro,RJ,02389-673,Brazil,1996,12,December,1996-12,65,16.8,20,0.1,Louisiana Fiery Hot Pepper Sauce,2,2,32 - 8 oz bottles,10.525,76,0,0,0,Condiments,10.525,16.8,302.40000000000003,210.5,91.90000000000003,0.3039021164021165,1996-12,5-10%
10380,HUNGO,8,1996-12-12,1997-01-09,1997-01-16,3,35.03,Hungry Owl All-Night Grocers,8 Johnstown Road,Cork,Co. Cork,,Ireland,1996,12,December,1996-12,30,20.7,18,0.1,Nord-Ost Matjeshering,13,8,10 - 200 g glasses,12.945,10,0,15,0,Seafood,12.945,20.7,335.34,233.01,102.32999999999998,0.3051529790660225,1996-12,5-10%
10380,HUNGO,8,1996-12-12,1997-01-09,1997-01-16,3,35.03,Hungry Owl All-Night Grocers,8 Johnstown Road,Cork,Co. Cork,,Ireland,1996,12,December,1996-12,53,26.2,20,0.1,Perth Pasties,24,6,48 pieces,16.4,0,0,0,1,Meat/Poultry,16.4,26.2,471.6,328.0,143.60000000000002,0.30449533502968623,1996-12,5-10%
10380,HUNGO,8,1996-12-12,1997-01-09,1997-01-16,3,35.03,Hungry Owl All-Night Grocers,8 Johnstown Road,Cork,Co. Cork,,Ireland,1996,12,December,1996-12,60,27.2,6,0.1,Camembert Pierrot,28,4,15 - 300 g rounds,17.0,19,0,0,0,Dairy Products,17.0,27.2,146.88,102.0,44.879999999999995,0.3055555555555555,1996-12,5-10%
10380,HUNGO,8,1996-12-12,1997-01-09,1997-01-16,3,35.03,Hungry Owl All-Night Grocers,8 Johnstown Road,Cork,Co. Cork,,Ireland,1996,12,December,1996-12,70,12.0,30,0.0,Outback Lager,7,1,24 - 355 ml bottles,7.5,15,10,30,0,Beverages,7.5,12.0,360.0,225.0,135.0,0.375,1996-12,0%
10381,LILAS,3,1996-12-12,1997-01-09,1996-12-13,3,7.99,LILA-Supermercado,Carrera 52 con Ave. Bolםvar #65-98 Llano Largo,Barquisimeto,Lara,3508,Venezuela,1996,12,December,1996-12,74,8.0,14,0.0,Longlife Tofu,4,7,5 kg pkg.,5.0,4,20,5,0,Produce,5.0,8.0,112.0,70.0,42.0,0.375,1996-12,0%
10382,ERNSH,4,1996-12-13,1997-01-10,1996-12-16,1,94.77,Ernst Handel,Kirchgasse 6,Graz,,8010,Austria,1996,12,December,1996-12,5,17.0,32,0.0,Chef Anton's Gumbo Mix,2,2,36 boxes,10.675,0,0,0,1,Condiments,10.675,17.0,544.0,341.6,202.39999999999998,0.3720588235294117,1996-12,0%
10382,ERNSH,4,1996-12-13,1997-01-10,1996-12-16,1,94.77,Ernst Handel,Kirchgasse 6,Graz,,8010,Austria,1996,12,December,1996-12,18,50.0,9,0.0,Carnarvon Tigers,7,8,16 kg pkg.,31.25,42,0,0,0,Seafood,31.25,50.0,450.0,281.25,168.75,0.375,1996-12,0%
10382,ERNSH,4,1996-12-13,1997-01-10,1996-12-16,1,94.77,Ernst Handel,Kirchgasse 6,Graz,,8010,Austria,1996,12,December,1996-12,29,99.0,14,0.0,Thringer Rostbratwurst,12,6,50 bags x 30 sausgs.,61.895,0,0,0,1,Meat/Poultry,61.895,99.0,1386.0,866.5300000000001,519.4699999999999,0.37479797979797974,1996-12,0%
10382,ERNSH,4,1996-12-13,1997-01-10,1996-12-16,1,94.77,Ernst Handel,Kirchgasse 6,Graz,,8010,Austria,1996,12,December,1996-12,33,2.0,60,0.0,Geitost,15,4,500 g,1.25,112,0,20,0,Dairy Products,1.25,2.0,120.0,75.0,45.0,0.375,1996-12,0%
10382,ERNSH,4,1996-12-13,1997-01-10,1996-12-16,1,94.77,Ernst Handel,Kirchgasse 6,Graz,,8010,Austria,1996,12,December,1996-12,74,8.0,50,0.0,Longlife Tofu,4,7,5 kg pkg.,5.0,4,20,5,0,Produce,5.0,8.0,400.0,250.0,150.0,0.375,1996-12,0%
10383,AROUT,8,1996-12-16,1997-01-13,1996-12-18,3,34.24,Around the Horn,Brook Farm Stratford St. Mary,Colchester,Essex,CO7 6JX,UK,1996,12,December,1996-12,13,4.8,20,0.0,Konbu,6,8,2 kg box,3.0,24,0,5,0,Seafood,3.0,4.8,96.0,60.0,36.0,0.375,1996-12,0%
10383,AROUT,8,1996-12-16,1997-01-13,1996-12-18,3,34.24,Around the Horn,Brook Farm Stratford St. Mary,Colchester,Essex,CO7 6JX,UK,1996,12,December,1996-12,50,13.0,15,0.0,Valkoinen suklaa,23,3,12 - 100 g bars,8.125,65,0,30,0,Confections,8.125,13.0,195.0,121.875,73.125,0.375,1996-12,0%
10383,AROUT,8,1996-12-16,1997-01-13,1996-12-18,3,34.24,Around the Horn,Brook Farm Stratford St. Mary,Colchester,Essex,CO7 6JX,UK,1996,12,December,1996-12,56,30.4,20,0.0,Gnocchi di nonna Alice,26,5,24 - 250 g pkgs.,19.0,21,10,30,0,Grains/Cereals,19.0,30.4,608.0,380.0,228.0,0.375,1996-12,0%
10384,BERGS,3,1996-12-16,1997-01-13,1996-12-20,3,168.64,Berglunds snabbkצp,Berguvsvהgen  8,Luleו,,S-958 22,Sweden,1996,12,December,1996-12,20,64.8,28,0.0,Sir Rodney's Marmalade,8,3,30 gift boxes,40.5,40,0,0,0,Confections,40.5,64.8,1814.3999999999999,1134.0,680.3999999999999,0.37499999999999994,1996-12,0%
10384,BERGS,3,1996-12-16,1997-01-13,1996-12-20,3,168.64,Berglunds snabbkצp,Berguvsvהgen  8,Luleו,,S-958 22,Sweden,1996,12,December,1996-12,60,27.2,15,0.0,Camembert Pierrot,28,4,15 - 300 g rounds,17.0,19,0,0,0,Dairy Products,17.0,27.2,408.0,255.0,153.0,0.375,1996-12,0%
10385,SPLIR,1,1996-12-17,1997-01-14,1996-12-23,2,30.96,Split Rail Beer & Ale,P.O. Box 555,Lander,WY,82520,USA,1996,12,December,1996-12,7,24.0,10,0.2,Uncle Bob's Organic Dried Pears,3,7,12 - 1 lb pkgs.,15.0,15,0,10,0,Produce,15.0,24.0,192.0,150.0,42.0,0.21875,1996-12,10-20%
10385,SPLIR,1,1996-12-17,1997-01-14,1996-12-23,2,30.96,Split Rail Beer & Ale,P.O. Box 555,Lander,WY,82520,USA,1996,12,December,1996-12,60,27.2,20,0.2,Camembert Pierrot,28,4,15 - 300 g rounds,17.0,19,0,0,0,Dairy Products,17.0,27.2,435.20000000000005,340.0,95.20000000000005,0.21875000000000008,1996-12,10-20%
10385,SPLIR,1,1996-12-17,1997-01-14,1996-12-23,2,30.96,Split Rail Beer & Ale,P.O. Box 555,Lander,WY,82520,USA,1996,12,December,1996-12,68,10.0,8,0.2,Scottish Longbreads,8,3,10 boxes x 8 pieces,6.25,6,10,15,0,Confections,6.25,10.0,64.0,50.0,14.0,0.21875,1996-12,10-20%
10386,FAMIA,9,1996-12-18,1997-01-01,1996-12-25,3,13.99,Familia Arquibaldo,"Rua Orףs, 92",Sao Paulo,SP,05442-030,Brazil,1996,12,December,1996-12,24,3.6,15,0.0,Guaranב Fantבstica,10,1,12 - 355 ml cans,2.25,20,0,0,1,Beverages,2.25,3.6,54.0,33.75,20.25,0.375,1996-12,0%
10386,FAMIA,9,1996-12-18,1997-01-01,1996-12-25,3,13.99,Familia Arquibaldo,"Rua Orףs, 92",Sao Paulo,SP,05442-030,Brazil,1996,12,December,1996-12,34,11.2,10,0.0,Sasquatch Ale,16,1,24 - 12 oz bottles,7.0,111,0,15,0,Beverages,7.0,11.2,112.0,70.0,42.0,0.375,1996-12,0%
10387,SANTG,1,1996-12-18,1997-01-15,1996-12-20,2,93.63,Santי Gourmet,Erling Skakkes gate 78,Stavern,,4110,Norway,1996,12,December,1996-12,24,3.6,15,0.0,Guaranב Fantבstica,10,1,12 - 355 ml cans,2.25,20,0,0,1,Beverages,2.25,3.6,54.0,33.75,20.25,0.375,1996-12,0%
10387,SANTG,1,1996-12-18,1997-01-15,1996-12-20,2,93.63,Santי Gourmet,Erling Skakkes gate 78,Stavern,,4110,Norway,1996,12,December,1996-12,28,36.4,6,0.0,Rצssle Sauerkraut,12,7,25 - 825 g cans,22.8,26,0,0,1,Produce,22.8,36.4,218.39999999999998,136.8,81.59999999999997,0.3736263736263735,1996-12,0%
10387,SANTG,1,1996-12-18,1997-01-15,1996-12-20,2,93.63,Santי Gourmet,Erling Skakkes gate 78,Stavern,,4110,Norway,1996,12,December,1996-12,59,44.0,12,0.0,Raclette Courdavault,28,4,5 kg pkg.,27.5,79,0,0,0,Dairy Products,27.5,44.0,528.0,330.0,198.0,0.375,1996-12,0%
10387,SANTG,1,1996-12-18,1997-01-15,1996-12-20,2,93.63,Santי Gourmet,Erling Skakkes gate 78,Stavern,,4110,Norway,1996,12,December,1996-12,71,17.2,15,0.0,Flotemysost,15,4,10 - 500 g pkgs.,10.75,26,0,0,0,Dairy Products,10.75,17.2,258.0,161.25,96.75,0.375,1996-12,0%
10388,SEVES,2,1996-12-19,1997-01-16,1996-12-20,1,34.86,Seven Seas Imports,90 Wadhurst Rd.,London,,OX15 4NB,UK,1996,12,December,1996-12,45,7.6,15,0.2,Rogede sild,21,8,1k pkg.,4.75,5,70,15,0,Seafood,4.75,7.6,91.2,71.25,19.950000000000003,0.21875000000000003,1996-12,10-20%
10388,SEVES,2,1996-12-19,1997-01-16,1996-12-20,1,34.86,Seven Seas Imports,90 Wadhurst Rd.,London,,OX15 4NB,UK,1996,12,December,1996-12,52,5.6,20,0.2,Filo Mix,24,5,16 - 2 kg boxes,3.5,38,0,25,0,Grains/Cereals,3.5,5.6,89.60000000000001,70.0,19.60000000000001,0.21875000000000008,1996-12,10-20%
10388,SEVES,2,1996-12-19,1997-01-16,1996-12-20,1,34.86,Seven Seas Imports,90 Wadhurst Rd.,London,,OX15 4NB,UK,1996,12,December,1996-12,53,26.2,40,0.0,Perth Pasties,24,6,48 pieces,16.4,0,0,0,1,Meat/Poultry,16.4,26.2,1048.0,656.0,392.0,0.37404580152671757,1996-12,0%
10389,BOTTM,4,1996-12-20,1997-01-17,1996-12-24,2,47.42,Bottom-Dollar Markets,23 Tsawassen Blvd.,Tsawassen,BC,T2F 8M4,Canada,1996,12,December,1996-12,10,24.8,16,0.0,Ikura,4,8,12 - 200 ml jars,15.5,31,0,0,0,Seafood,15.5,24.8,396.8,248.0,148.8,0.375,1996-12,0%
10389,BOTTM,4,1996-12-20,1997-01-17,1996-12-24,2,47.42,Bottom-Dollar Markets,23 Tsawassen Blvd.,Tsawassen,BC,T2F 8M4,Canada,1996,12,December,1996-12,55,19.2,15,0.0,Pגtי chinois,25,6,24 boxes x 2 pies,12.0,115,0,20,0,Meat/Poultry,12.0,19.2,288.0,180.0,108.0,0.375,1996-12,0%
10389,BOTTM,4,1996-12-20,1997-01-17,1996-12-24,2,47.42,Bottom-Dollar Markets,23 Tsawassen Blvd.,Tsawassen,BC,T2F 8M4,Canada,1996,12,December,1996-12,62,39.4,20,0.0,Tarte au sucre,29,3,48 pies,24.65,17,0,0,0,Confections,24.65,39.4,788.0,493.0,295.0,0.3743654822335025,1996-12,0%
10389,BOTTM,4,1996-12-20,1997-01-17,1996-12-24,2,47.42,Bottom-Dollar Markets,23 Tsawassen Blvd.,Tsawassen,BC,T2F 8M4,Canada,1996,12,December,1996-12,70,12.0,30,0.0,Outback Lager,7,1,24 - 355 ml bottles,7.5,15,10,30,0,Beverages,7.5,12.0,360.0,225.0,135.0,0.375,1996-12,0%
10390,ERNSH,6,1996-12-23,1997-01-20,1996-12-26,1,126.38,Ernst Handel,Kirchgasse 6,Graz,,8010,Austria,1996,12,December,1996-12,31,10.0,60,0.1,Gorgonzola Telino,14,4,12 - 100 g pkgs,6.25,0,70,20,0,Dairy Products,6.25,10.0,540.0,375.0,165.0,0.3055555555555556,1996-12,5-10%
10390,ERNSH,6,1996-12-23,1997-01-20,1996-12-26,1,126.38,Ernst Handel,Kirchgasse 6,Graz,,8010,Austria,1996,12,December,1996-12,35,14.4,40,0.1,Steeleye Stout,16,1,24 - 12 oz bottles,9.0,20,0,15,0,Beverages,9.0,14.4,518.4,360.0,158.39999999999998,0.3055555555555555,1996-12,5-10%
10390,ERNSH,6,1996-12-23,1997-01-20,1996-12-26,1,126.38,Ernst Handel,Kirchgasse 6,Graz,,8010,Austria,1996,12,December,1996-12,46,9.6,45,0.0,Spegesild,21,8,4 - 450 g glasses,6.0,95,0,0,0,Seafood,6.0,9.6,432.0,270.0,162.0,0.375,1996-12,0%
10390,ERNSH,6,1996-12-23,1997-01-20,1996-12-26,1,126.38,Ernst Handel,Kirchgasse 6,Graz,,8010,Austria,1996,12,December,1996-12,72,27.8,24,0.1,Mozzarella di Giovanni,14,4,24 - 200 g pkgs.,17.4,14,0,0,0,Dairy Products,17.4,27.8,600.48,417.59999999999997,182.88000000000005,0.30455635491606725,1996-12,5-10%
10391,DRACD,3,1996-12-23,1997-01-20,1996-12-31,3,5.45,Drachenblut Delikatessen,Walserweg 21,Aachen,,52066,Germany,1996,12,December,1996-12,13,4.8,18,0.0,Konbu,6,8,2 kg box,3.0,24,0,5,0,Seafood,3.0,4.8,86.39999999999999,54.0,32.39999999999999,0.37499999999999994,1996-12,0%
10392,PICCO,2,1996-12-24,1997-01-21,1997-01-01,3,122.46,Piccolo und mehr,Geislweg 14,Salzburg,,5020,Austria,1996,12,December,1996-12,69,28.8,50,0.0,Gudbrandsdalsost,15,4,10 kg pkg.,18.0,26,0,15,0,Dairy Products,18.0,28.8,1440.0,900.0,540.0,0.375,1996-12,0%
10393,SAVEA,1,1996-12-25,1997-01-22,1997-01-03,3,126.56,Save-a-lot Markets,187 Suffolk Ln.,Boise,ID,83720,USA,1996,12,December,1996-12,2,15.2,25,0.25,Chang,1,1,24 - 12 oz bottles,9.5,17,40,25,0,Beverages,9.5,15.2,285.0,237.5,47.5,0.16666666666666666,1996-12,20%+
10393,SAVEA,1,1996-12-25,1997-01-22,1997-01-03,3,126.56,Save-a-lot Markets,187 Suffolk Ln.,Boise,ID,83720,USA,1996,12,December,1996-12,14,18.6,42,0.25,Tofu,6,7,40 - 100 g pkgs.,11.625,35,0,0,0,Produce,11.625,18.6,585.9000000000001,488.25,97.65000000000009,0.1666666666666668,1996-12,20%+
10393,SAVEA,1,1996-12-25,1997-01-22,1997-01-03,3,126.56,Save-a-lot Markets,187 Suffolk Ln.,Boise,ID,83720,USA,1996,12,December,1996-12,25,11.2,7,0.25,NuNuCa Nu-Nougat-Creme,11,3,20 - 450 g glasses,7.0,76,0,30,0,Confections,7.0,11.2,58.8,49.0,9.799999999999997,0.16666666666666663,1996-12,20%+
10393,SAVEA,1,1996-12-25,1997-01-22,1997-01-03,3,126.56,Save-a-lot Markets,187 Suffolk Ln.,Boise,ID,83720,USA,1996,12,December,1996-12,26,24.9,70,0.25,Gumbהr Gummibהrchen,11,3,100 - 250 g bags,15.615,15,0,0,0,Confections,15.615,24.9,1307.25,1093.05,214.20000000000005,0.16385542168674702,1996-12,20%+
10393,SAVEA,1,1996-12-25,1997-01-22,1997-01-03,3,126.56,Save-a-lot Markets,187 Suffolk Ln.,Boise,ID,83720,USA,1996,12,December,1996-12,31,10.0,32,0.0,Gorgonzola Telino,14,4,12 - 100 g pkgs,6.25,0,70,20,0,Dairy Products,6.25,10.0,320.0,200.0,120.0,0.375,1996-12,0%
10394,HUNGC,1,1996-12-25,1997-01-22,1997-01-03,3,30.34,Hungry Coyote Import Store,City Center Plaza 516 Main St.,Elgin,OR,97827,USA,1996,12,December,1996-12,13,4.8,10,0.0,Konbu,6,8,2 kg box,3.0,24,0,5,0,Seafood,3.0,4.8,48.0,30.0,18.0,0.375,1996-12,0%
10394,HUNGC,1,1996-12-25,1997-01-22,1997-01-03,3,30.34,Hungry Coyote Import Store,City Center Plaza 516 Main St.,Elgin,OR,97827,USA,1996,12,December,1996-12,62,39.4,10,0.0,Tarte au sucre,29,3,48 pies,24.65,17,0,0,0,Confections,24.65,39.4,394.0,246.5,147.5,0.3743654822335025,1996-12,0%
10395,HILAA,6,1996-12-26,1997-01-23,1997-01-03,1,184.41,HILARION-Abastos,Carrera 22 con Ave. Carlos Soublette #8-35,San Cristףbal,Tבchira,5022,Venezuela,1996,12,December,1996-12,46,9.6,28,0.1,Spegesild,21,8,4 - 450 g glasses,6.0,95,0,0,0,Seafood,6.0,9.6,241.92000000000002,168.0,73.92000000000002,0.3055555555555556,1996-12,5-10%
10395,HILAA,6,1996-12-26,1997-01-23,1997-01-03,1,184.41,HILARION-Abastos,Carrera 22 con Ave. Carlos Soublette #8-35,San Cristףbal,Tבchira,5022,Venezuela,1996,12,December,1996-12,53,26.2,70,0.1,Perth Pasties,24,6,48 pieces,16.4,0,0,0,1,Meat/Poultry,16.4,26.2,1650.6000000000001,1148.0,502.60000000000014,0.30449533502968623,1996-12,5-10%
10395,HILAA,6,1996-12-26,1997-01-23,1997-01-03,1,184.41,HILARION-Abastos,Carrera 22 con Ave. Carlos Soublette #8-35,San Cristףbal,Tבchira,5022,Venezuela,1996,12,December,1996-12,69,28.8,8,0.0,Gudbrandsdalsost,15,4,10 kg pkg.,18.0,26,0,15,0,Dairy Products,18.0,28.8,230.4,144.0,86.4,0.375,1996-12,0%
10396,FRANK,1,1996-12-27,1997-01-10,1997-01-06,3,135.35,Frankenversand,Berliner Platz 43,Mnchen,,80805,Germany,1996,12,December,1996-12,23,7.2,40,0.0,Tunnbrצd,9,5,12 - 250 g pkgs.,4.5,61,0,25,0,Grains/Cereals,4.5,7.2,288.0,180.0,108.0,0.375,1996-12,0%
10396,FRANK,1,1996-12-27,1997-01-10,1997-01-06,3,135.35,Frankenversand,Berliner Platz 43,Mnchen,,80805,Germany,1996,12,December,1996-12,71,17.2,60,0.0,Flotemysost,15,4,10 - 500 g pkgs.,10.75,26,0,0,0,Dairy Products,10.75,17.2,1032.0,645.0,387.0,0.375,1996-12,0%
10396,FRANK,1,1996-12-27,1997-01-10,1997-01-06,3,135.35,Frankenversand,Berliner Platz 43,Mnchen,,80805,Germany,1996,12,December,1996-12,72,27.8,21,0.0,Mozzarella di Giovanni,14,4,24 - 200 g pkgs.,17.4,14,0,0,0,Dairy Products,17.4,27.8,583.8000000000001,365.4,218.4000000000001,0.37410071942446055,1996-12,0%
10397,PRINI,5,1996-12-27,1997-01-24,1997-01-02,1,60.26,Princesa Isabel Vinhos,Estrada da saתde n. 58,Lisboa,,1756,Portugal,1996,12,December,1996-12,21,8.0,10,0.15,Sir Rodney's Scones,8,3,24 pkgs. x 4 pieces,5.0,3,40,5,0,Confections,5.0,8.0,68.0,50.0,18.0,0.2647058823529412,1996-12,10-20%
10397,PRINI,5,1996-12-27,1997-01-24,1997-01-02,1,60.26,Princesa Isabel Vinhos,Estrada da saתde n. 58,Lisboa,,1756,Portugal,1996,12,December,1996-12,51,42.4,18,0.15,Manjimup Dried Apples,24,7,50 - 300 g pkgs.,26.5,20,0,10,0,Produce,26.5,42.4,648.7199999999999,477.0,171.7199999999999,0.26470588235294107,1996-12,10-20%
10398,SAVEA,2,1996-12-30,1997-01-27,1997-01-09,3,89.16,Save-a-lot Markets,187 Suffolk Ln.,Boise,ID,83720,USA,1996,12,December,1996-12,35,14.4,30,0.0,Steeleye Stout,16,1,24 - 12 oz bottles,9.0,20,0,15,0,Beverages,9.0,14.4,432.0,270.0,162.0,0.375,1996-12,0%
10398,SAVEA,2,1996-12-30,1997-01-27,1997-01-09,3,89.16,Save-a-lot Markets,187 Suffolk Ln.,Boise,ID,83720,USA,1996,12,December,1996-12,55,19.2,120,0.1,Pגtי chinois,25,6,24 boxes x 2 pies,12.0,115,0,20,0,Meat/Poultry,12.0,19.2,2073.6,1440.0,633.5999999999999,0.3055555555555555,1996-12,5-10%
10399,VAFFE,8,1996-12-31,1997-01-14,1997-01-08,3,27.36,Vaffeljernet,Smagsloget 45,ֵrhus,,8200,Denmark,1996,12,December,1996-12,68,10.0,60,0.0,Scottish Longbreads,8,3,10 boxes x 8 pieces,6.25,6,10,15,0,Confections,6.25,10.0,600.0,375.0,225.0,0.375,1996-12,0%
10399,VAFFE,8,1996-12-31,1997-01-14,1997-01-08,3,27.36,Vaffeljernet,Smagsloget 45,ֵrhus,,8200,Denmark,1996,12,December,1996-12,71,17.2,30,0.0,Flotemysost,15,4,10 - 500 g pkgs.,10.75,26,0,0,0,Dairy Products,10.75,17.2,516.0,322.5,193.5,0.375,1996-12,0%
10399,VAFFE,8,1996-12-31,1997-01-14,1997-01-08,3,27.36,Vaffeljernet,Smagsloget 45,ֵrhus,,8200,Denmark,1996,12,December,1996-12,76,14.4,35,0.0,Lakkalikצצri,23,1,500 ml,9.0,57,0,20,0,Beverages,9.0,14.4,504.0,315.0,189.0,0.375,1996-12,0%
10399,VAFFE,8,1996-12-31,1997-01-14,1997-01-08,3,27.36,Vaffeljernet,Smagsloget 45,ֵrhus,,8200,Denmark,1996,12,December,1996-12,77,10.4,14,0.0,Original Frankfurter grne Soe,12,2,12 boxes,6.5,32,0,15,0,Condiments,6.5,10.4,145.6,91.0,54.599999999999994,0.375,1996-12,0%
10400,EASTC,1,1997-01-01,1997-01-29,1997-01-16,3,83.93,Eastern Connection,35 King George,London,,WX3 6FW,UK,1997,1,January,1997-01,29,99.0,21,0.0,Thringer Rostbratwurst,12,6,50 bags x 30 sausgs.,61.895,0,0,0,1,Meat/Poultry,61.895,99.0,2079.0,1299.795,779.2049999999999,0.37479797979797974,1997-01,0%
10400,EASTC,1,1997-01-01,1997-01-29,1997-01-16,3,83.93,Eastern Connection,35 King George,London,,WX3 6FW,UK,1997,1,January,1997-01,35,14.4,35,0.0,Steeleye Stout,16,1,24 - 12 oz bottles,9.0,20,0,15,0,Beverages,9.0,14.4,504.0,315.0,189.0,0.375,1997-01,0%
10400,EASTC,1,1997-01-01,1997-01-29,1997-01-16,3,83.93,Eastern Connection,35 King George,London,,WX3 6FW,UK,1997,1,January,1997-01,49,16.0,30,0.0,Maxilaku,23,3,24 - 50 g pkgs.,10.0,10,60,15,0,Confections,10.0,16.0,480.0,300.0,180.0,0.375,1997-01,0%
10401,RATTC,1,1997-01-01,1997-01-29,1997-01-10,1,12.51,Rattlesnake Canyon Grocery,2817 Milton Dr.,Albuquerque,NM,87110,USA,1997,1,January,1997-01,30,20.7,18,0.0,Nord-Ost Matjeshering,13,8,10 - 200 g glasses,12.945,10,0,15,0,Seafood,12.945,20.7,372.59999999999997,233.01,139.58999999999997,0.37463768115942025,1997-01,0%
10401,RATTC,1,1997-01-01,1997-01-29,1997-01-10,1,12.51,Rattlesnake Canyon Grocery,2817 Milton Dr.,Albuquerque,NM,87110,USA,1997,1,January,1997-01,56,30.4,70,0.0,Gnocchi di nonna Alice,26,5,24 - 250 g pkgs.,19.0,21,10,30,0,Grains/Cereals,19.0,30.4,2128.0,1330.0,798.0,0.375,1997-01,0%
10401,RATTC,1,1997-01-01,1997-01-29,1997-01-10,1,12.51,Rattlesnake Canyon Grocery,2817 Milton Dr.,Albuquerque,NM,87110,USA,1997,1,January,1997-01,65,16.8,20,0.0,Louisiana Fiery Hot Pepper Sauce,2,2,32 - 8 oz bottles,10.525,76,0,0,0,Condiments,10.525,16.8,336.0,210.5,125.5,0.37351190476190477,1997-01,0%
10401,RATTC,1,1997-01-01,1997-01-29,1997-01-10,1,12.51,Rattlesnake Canyon Grocery,2817 Milton Dr.,Albuquerque,NM,87110,USA,1997,1,January,1997-01,71,17.2,60,0.0,Flotemysost,15,4,10 - 500 g pkgs.,10.75,26,0,0,0,Dairy Products,10.75,17.2,1032.0,645.0,387.0,0.375,1997-01,0%
10402,ERNSH,8,1997-01-02,1997-02-13,1997-01-10,2,67.88,Ernst Handel,Kirchgasse 6,Graz,,8010,Austria,1997,1,January,1997-01,23,7.2,60,0.0,Tunnbrצd,9,5,12 - 250 g pkgs.,4.5,61,0,25,0,Grains/Cereals,4.5,7.2,432.0,270.0,162.0,0.375,1997-01,0%
10402,ERNSH,8,1997-01-02,1997-02-13,1997-01-10,2,67.88,Ernst Handel,Kirchgasse 6,Graz,,8010,Austria,1997,1,January,1997-01,63,35.1,65,0.0,Vegie-spread,7,2,15 - 625 g jars,21.95,24,0,5,0,Condiments,21.95,35.1,2281.5,1426.75,854.75,0.37464387464387466,1997-01,0%
10403,ERNSH,4,1997-01-03,1997-01-31,1997-01-09,3,73.79,Ernst Handel,Kirchgasse 6,Graz,,8010,Austria,1997,1,January,1997-01,16,13.9,21,0.15,Pavlova,7,3,32 - 500 g boxes,8.725,29,0,10,0,Confections,8.725,13.9,248.115,183.225,64.89000000000001,0.2615319509098604,1997-01,10-20%
10403,ERNSH,4,1997-01-03,1997-01-31,1997-01-09,3,73.79,Ernst Handel,Kirchgasse 6,Graz,,8010,Austria,1997,1,January,1997-01,48,10.2,70,0.15,Chocolade,22,3,10 pkgs.,6.375,15,70,25,0,Confections,6.375,10.2,606.9,446.25,160.64999999999998,0.2647058823529411,1997-01,10-20%
10404,MAGAA,2,1997-01-03,1997-01-31,1997-01-08,1,155.97,Magazzini Alimentari Riuniti,Via Ludovico il Moro 22,Bergamo,,24100,Italy,1997,1,January,1997-01,26,24.9,30,0.05,Gumbהr Gummibהrchen,11,3,100 - 250 g bags,15.615,15,0,0,0,Confections,15.615,24.9,709.65,468.45,241.2,0.3398858592263792,1997-01,0-5%
10404,MAGAA,2,1997-01-03,1997-01-31,1997-01-08,1,155.97,Magazzini Alimentari Riuniti,Via Ludovico il Moro 22,Bergamo,,24100,Italy,1997,1,January,1997-01,42,11.2,40,0.05,Singaporean Hokkien Fried Mee,20,5,32 - 1 kg pkgs.,7.0,26,0,0,1,Grains/Cereals,7.0,11.2,425.59999999999997,280.0,145.59999999999997,0.3421052631578947,1997-01,0-5%
10404,MAGAA,2,1997-01-03,1997-01-31,1997-01-08,1,155.97,Magazzini Alimentari Riuniti,Via Ludovico il Moro 22,Bergamo,,24100,Italy,1997,1,January,1997-01,49,16.0,30,0.05,Maxilaku,23,3,24 - 50 g pkgs.,10.0,10,60,15,0,Confections,10.0,16.0,456.0,300.0,156.0,0.34210526315789475,1997-01,0-5%
10405,LINOD,1,1997-01-06,1997-02-03,1997-01-22,1,34.82,LINO-Delicateses,Ave. 5 de Mayo Porlamar,I. de Margarita,Nueva Esparta,4980,Venezuela,1997,1,January,1997-01,3,8.0,50,0.0,Aniseed Syrup,1,2,12 - 550 ml bottles,5.0,13,70,25,0,Condiments,5.0,8.0,400.0,250.0,150.0,0.375,1997-01,0%
10406,QUEEN,7,1997-01-07,1997-02-18,1997-01-13,1,108.04,Queen Cozinha,"Alameda dos Canאrios, 891",Sao Paulo,SP,05487-020,Brazil,1997,1,January,1997-01,1,14.4,10,0.0,Chai,1,1,10 boxes x 20 bags,9.0,39,0,10,0,Beverages,9.0,14.4,144.0,90.0,54.0,0.375,1997-01,0%
10406,QUEEN,7,1997-01-07,1997-02-18,1997-01-13,1,108.04,Queen Cozinha,"Alameda dos Canאrios, 891",Sao Paulo,SP,05487-020,Brazil,1997,1,January,1997-01,21,8.0,30,0.1,Sir Rodney's Scones,8,3,24 pkgs. x 4 pieces,5.0,3,40,5,0,Confections,5.0,8.0,216.0,150.0,66.0,0.3055555555555556,1997-01,5-10%
10406,QUEEN,7,1997-01-07,1997-02-18,1997-01-13,1,108.04,Queen Cozinha,"Alameda dos Canאrios, 891",Sao Paulo,SP,05487-020,Brazil,1997,1,January,1997-01,28,36.4,42,0.1,Rצssle Sauerkraut,12,7,25 - 825 g cans,22.8,26,0,0,1,Produce,22.8,36.4,1375.92,957.6,418.32000000000005,0.30402930402930406,1997-01,5-10%
10406,QUEEN,7,1997-01-07,1997-02-18,1997-01-13,1,108.04,Queen Cozinha,"Alameda dos Canאrios, 891",Sao Paulo,SP,05487-020,Brazil,1997,1,January,1997-01,36,15.2,5,0.1,Inlagd Sill,17,8,24 - 250 g  jars,9.5,112,0,20,0,Seafood,9.5,15.2,68.4,47.5,20.900000000000006,0.30555555555555564,1997-01,5-10%
10406,QUEEN,7,1997-01-07,1997-02-18,1997-01-13,1,108.04,Queen Cozinha,"Alameda dos Canאrios, 891",Sao Paulo,SP,05487-020,Brazil,1997,1,January,1997-01,40,14.7,2,0.1,Boston Crab Meat,19,8,24 - 4 oz tins,9.2,123,0,30,0,Seafood,9.2,14.7,26.46,18.4,8.060000000000002,0.3046107331821618,1997-01,5-10%
10407,OTTIK,2,1997-01-07,1997-02-04,1997-01-30,2,91.48,Ottilies Kהseladen,Mehrheimerstr. 369,Kצln,,50739,Germany,1997,1,January,1997-01,11,16.8,30,0.0,Queso Cabrales,5,4,1 kg pkg.,10.5,22,30,30,0,Dairy Products,10.5,16.8,504.0,315.0,189.0,0.375,1997-01,0%
10407,OTTIK,2,1997-01-07,1997-02-04,1997-01-30,2,91.48,Ottilies Kהseladen,Mehrheimerstr. 369,Kצln,,50739,Germany,1997,1,January,1997-01,69,28.8,15,0.0,Gudbrandsdalsost,15,4,10 kg pkg.,18.0,26,0,15,0,Dairy Products,18.0,28.8,432.0,270.0,162.0,0.375,1997-01,0%
10407,OTTIK,2,1997-01-07,1997-02-04,1997-01-30,2,91.48,Ottilies Kהseladen,Mehrheimerstr. 369,Kצln,,50739,Germany,1997,1,January,1997-01,71,17.2,15,0.0,Flotemysost,15,4,10 - 500 g pkgs.,10.75,26,0,0,0,Dairy Products,10.75,17.2,258.0,161.25,96.75,0.375,1997-01,0%
10408,FOLIG,8,1997-01-08,1997-02-05,1997-01-14,1,11.26,Folies gourmandes,"184, chaussיe de Tournai",Lille,,59000,France,1997,1,January,1997-01,37,20.8,10,0.0,Gravad lax,17,8,12 - 500 g pkgs.,13.0,11,50,25,0,Seafood,13.0,20.8,208.0,130.0,78.0,0.375,1997-01,0%
10408,FOLIG,8,1997-01-08,1997-02-05,1997-01-14,1,11.26,Folies gourmandes,"184, chaussיe de Tournai",Lille,,59000,France,1997,1,January,1997-01,54,5.9,6,0.0,Tourtiטre,25,6,16 pies,3.725,21,0,10,0,Meat/Poultry,3.725,5.9,35.400000000000006,22.35,13.050000000000004,0.36864406779661024,1997-01,0%
10408,FOLIG,8,1997-01-08,1997-02-05,1997-01-14,1,11.26,Folies gourmandes,"184, chaussיe de Tournai",Lille,,59000,France,1997,1,January,1997-01,62,39.4,35,0.0,Tarte au sucre,29,3,48 pies,24.65,17,0,0,0,Confections,24.65,39.4,1379.0,862.75,516.25,0.3743654822335025,1997-01,0%
10409,OCEAN,3,1997-01-09,1997-02-06,1997-01-14,1,29.83,Ocיano Atlבntico Ltda.,Ing. Gustavo Moncada 8585 Piso 20-A,Buenos Aires,,1010,Argentina,1997,1,January,1997-01,14,18.6,12,0.0,Tofu,6,7,40 - 100 g pkgs.,11.625,35,0,0,0,Produce,11.625,18.6,223.20000000000002,139.5,83.70000000000002,0.37500000000000006,1997-01,0%
10409,OCEAN,3,1997-01-09,1997-02-06,1997-01-14,1,29.83,Ocיano Atlבntico Ltda.,Ing. Gustavo Moncada 8585 Piso 20-A,Buenos Aires,,1010,Argentina,1997,1,January,1997-01,21,8.0,12,0.0,Sir Rodney's Scones,8,3,24 pkgs. x 4 pieces,5.0,3,40,5,0,Confections,5.0,8.0,96.0,60.0,36.0,0.375,1997-01,0%
10410,BOTTM,3,1997-01-10,1997-02-07,1997-01-15,3,2.4,Bottom-Dollar Markets,23 Tsawassen Blvd.,Tsawassen,BC,T2F 8M4,Canada,1997,1,January,1997-01,33,2.0,49,0.0,Geitost,15,4,500 g,1.25,112,0,20,0,Dairy Products,1.25,2.0,98.0,61.25,36.75,0.375,1997-01,0%
10410,BOTTM,3,1997-01-10,1997-02-07,1997-01-15,3,2.4,Bottom-Dollar Markets,23 Tsawassen Blvd.,Tsawassen,BC,T2F 8M4,Canada,1997,1,January,1997-01,59,44.0,16,0.0,Raclette Courdavault,28,4,5 kg pkg.,27.5,79,0,0,0,Dairy Products,27.5,44.0,704.0,440.0,264.0,0.375,1997-01,0%
10411,BOTTM,9,1997-01-10,1997-02-07,1997-01-21,3,23.65,Bottom-Dollar Markets,23 Tsawassen Blvd.,Tsawassen,BC,T2F 8M4,Canada,1997,1,January,1997-01,41,7.7,25,0.2,Jack's New England Clam Chowder,19,8,12 - 12 oz cans,4.825,85,0,10,0,Seafood,4.825,7.7,154.0,120.625,33.375,0.21672077922077923,1997-01,10-20%
10411,BOTTM,9,1997-01-10,1997-02-07,1997-01-21,3,23.65,Bottom-Dollar Markets,23 Tsawassen Blvd.,Tsawassen,BC,T2F 8M4,Canada,1997,1,January,1997-01,44,15.5,40,0.2,Gula Malacca,20,2,20 - 2 kg bags,9.725,27,0,15,0,Condiments,9.725,15.5,496.0,389.0,107.0,0.2157258064516129,1997-01,10-20%
10411,BOTTM,9,1997-01-10,1997-02-07,1997-01-21,3,23.65,Bottom-Dollar Markets,23 Tsawassen Blvd.,Tsawassen,BC,T2F 8M4,Canada,1997,1,January,1997-01,59,44.0,9,0.2,Raclette Courdavault,28,4,5 kg pkg.,27.5,79,0,0,0,Dairy Products,27.5,44.0,316.8,247.5,69.30000000000001,0.21875000000000003,1997-01,10-20%
10412,WARTH,8,1997-01-13,1997-02-10,1997-01-15,2,3.77,Wartian Herkku,Torikatu 38,Oulu,,90110,Finland,1997,1,January,1997-01,14,18.6,20,0.1,Tofu,6,7,40 - 100 g pkgs.,11.625,35,0,0,0,Produce,11.625,18.6,334.8,232.5,102.30000000000001,0.3055555555555556,1997-01,5-10%
10413,LAMAI,3,1997-01-14,1997-02-11,1997-01-16,2,95.66,La maison d'Asie,1 rue Alsace-Lorraine,Toulouse,,31000,France,1997,1,January,1997-01,1,14.4,24,0.0,Chai,1,1,10 boxes x 20 bags,9.0,39,0,10,0,Beverages,9.0,14.4,345.6,216.0,129.60000000000002,0.37500000000000006,1997-01,0%
10413,LAMAI,3,1997-01-14,1997-02-11,1997-01-16,2,95.66,La maison d'Asie,1 rue Alsace-Lorraine,Toulouse,,31000,France,1997,1,January,1997-01,62,39.4,40,0.0,Tarte au sucre,29,3,48 pies,24.65,17,0,0,0,Confections,24.65,39.4,1576.0,986.0,590.0,0.3743654822335025,1997-01,0%
10413,LAMAI,3,1997-01-14,1997-02-11,1997-01-16,2,95.66,La maison d'Asie,1 rue Alsace-Lorraine,Toulouse,,31000,France,1997,1,January,1997-01,76,14.4,14,0.0,Lakkalikצצri,23,1,500 ml,9.0,57,0,20,0,Beverages,9.0,14.4,201.6,126.0,75.6,0.375,1997-01,0%
10414,FAMIA,2,1997-01-14,1997-02-11,1997-01-17,3,21.48,Familia Arquibaldo,"Rua Orףs, 92",Sao Paulo,SP,05442-030,Brazil,1997,1,January,1997-01,19,7.3,18,0.05,Teatime Chocolate Biscuits,8,3,10 boxes x 12 pieces,4.6,25,0,5,0,Confections,4.6,7.3,124.83,82.8,42.03,0.3366979091564528,1997-01,0-5%
10414,FAMIA,2,1997-01-14,1997-02-11,1997-01-17,3,21.48,Familia Arquibaldo,"Rua Orףs, 92",Sao Paulo,SP,05442-030,Brazil,1997,1,January,1997-01,33,2.0,50,0.0,Geitost,15,4,500 g,1.25,112,0,20,0,Dairy Products,1.25,2.0,100.0,62.5,37.5,0.375,1997-01,0%
10415,HUNGC,3,1997-01-15,1997-02-12,1997-01-24,1,0.2,Hungry Coyote Import Store,City Center Plaza 516 Main St.,Elgin,OR,97827,USA,1997,1,January,1997-01,17,31.2,2,0.0,Alice Mutton,7,6,20 - 1 kg tins,19.5,0,0,0,1,Meat/Poultry,19.5,31.2,62.4,39.0,23.4,0.375,1997-01,0%
10415,HUNGC,3,1997-01-15,1997-02-12,1997-01-24,1,0.2,Hungry Coyote Import Store,City Center Plaza 516 Main St.,Elgin,OR,97827,USA,1997,1,January,1997-01,33,2.0,20,0.0,Geitost,15,4,500 g,1.25,112,0,20,0,Dairy Products,1.25,2.0,40.0,25.0,15.0,0.375,1997-01,0%
10416,WARTH,8,1997-01-16,1997-02-13,1997-01-27,3,22.72,Wartian Herkku,Torikatu 38,Oulu,,90110,Finland,1997,1,January,1997-01,19,7.3,20,0.0,Teatime Chocolate Biscuits,8,3,10 boxes x 12 pieces,4.6,25,0,5,0,Confections,4.6,7.3,146.0,92.0,54.0,0.3698630136986301,1997-01,0%
10416,WARTH,8,1997-01-16,1997-02-13,1997-01-27,3,22.72,Wartian Herkku,Torikatu 38,Oulu,,90110,Finland,1997,1,January,1997-01,53,26.2,10,0.0,Perth Pasties,24,6,48 pieces,16.4,0,0,0,1,Meat/Poultry,16.4,26.2,262.0,164.0,98.0,0.37404580152671757,1997-01,0%
10416,WARTH,8,1997-01-16,1997-02-13,1997-01-27,3,22.72,Wartian Herkku,Torikatu 38,Oulu,,90110,Finland,1997,1,January,1997-01,57,15.6,20,0.0,Ravioli Angelo,26,5,24 - 250 g pkgs.,9.75,36,0,20,0,Grains/Cereals,9.75,15.6,312.0,195.0,117.0,0.375,1997-01,0%
10417,SIMOB,4,1997-01-16,1997-02-13,1997-01-28,3,70.29,Simons bistro,Vinbזltet 34,Kobenhavn,,1734,Denmark,1997,1,January,1997-01,38,210.8,50,0.0,Cפte de Blaye,18,1,12 - 75 cl bottles,131.75,17,0,15,0,Beverages,131.75,210.8,10540.0,6587.5,3952.5,0.375,1997-01,0%
10417,SIMOB,4,1997-01-16,1997-02-13,1997-01-28,3,70.29,Simons bistro,Vinbזltet 34,Kobenhavn,,1734,Denmark,1997,1,January,1997-01,46,9.6,2,0.25,Spegesild,21,8,4 - 450 g glasses,6.0,95,0,0,0,Seafood,6.0,9.6,14.399999999999999,12.0,2.3999999999999986,0.16666666666666657,1997-01,20%+
10417,SIMOB,4,1997-01-16,1997-02-13,1997-01-28,3,70.29,Simons bistro,Vinbזltet 34,Kobenhavn,,1734,Denmark,1997,1,January,1997-01,68,10.0,36,0.25,Scottish Longbreads,8,3,10 boxes x 8 pieces,6.25,6,10,15,0,Confections,6.25,10.0,270.0,225.0,45.0,0.16666666666666666,1997-01,20%+
10417,SIMOB,4,1997-01-16,1997-02-13,1997-01-28,3,70.29,Simons bistro,Vinbזltet 34,Kobenhavn,,1734,Denmark,1997,1,January,1997-01,77,10.4,35,0.0,Original Frankfurter grne Soe,12,2,12 boxes,6.5,32,0,15,0,Condiments,6.5,10.4,364.0,227.5,136.5,0.375,1997-01,0%
10418,QUICK,4,1997-01-17,1997-02-14,1997-01-24,1,17.55,QUICK-Stop,Taucherstrae 10,Cunewalde,,1307,Germany,1997,1,January,1997-01,2,15.2,60,0.0,Chang,1,1,24 - 12 oz bottles,9.5,17,40,25,0,Beverages,9.5,15.2,912.0,570.0,342.0,0.375,1997-01,0%
10418,QUICK,4,1997-01-17,1997-02-14,1997-01-24,1,17.55,QUICK-Stop,Taucherstrae 10,Cunewalde,,1307,Germany,1997,1,January,1997-01,47,7.6,55,0.0,Zaanse koeken,22,3,10 - 4 oz boxes,4.75,36,0,0,0,Confections,4.75,7.6,418.0,261.25,156.75,0.375,1997-01,0%
10418,QUICK,4,1997-01-17,1997-02-14,1997-01-24,1,17.55,QUICK-Stop,Taucherstrae 10,Cunewalde,,1307,Germany,1997,1,January,1997-01,61,22.8,16,0.0,Sirop d'יrable,29,2,24 - 500 ml bottles,14.25,113,0,25,0,Condiments,14.25,22.8,364.8,228.0,136.8,0.375,1997-01,0%
10418,QUICK,4,1997-01-17,1997-02-14,1997-01-24,1,17.55,QUICK-Stop,Taucherstrae 10,Cunewalde,,1307,Germany,1997,1,January,1997-01,74,8.0,15,0.0,Longlife Tofu,4,7,5 kg pkg.,5.0,4,20,5,0,Produce,5.0,8.0,120.0,75.0,45.0,0.375,1997-01,0%
10419,RICSU,4,1997-01-20,1997-02-17,1997-01-30,2,137.35,Richter Supermarkt,Starenweg 5,Genטve,,1204,Switzerland,1997,1,January,1997-01,60,27.2,60,0.05,Camembert Pierrot,28,4,15 - 300 g rounds,17.0,19,0,0,0,Dairy Products,17.0,27.2,1550.3999999999999,1020.0,530.3999999999999,0.3421052631578947,1997-01,0-5%
10419,RICSU,4,1997-01-20,1997-02-17,1997-01-30,2,137.35,Richter Supermarkt,Starenweg 5,Genטve,,1204,Switzerland,1997,1,January,1997-01,69,28.8,20,0.05,Gudbrandsdalsost,15,4,10 kg pkg.,18.0,26,0,15,0,Dairy Products,18.0,28.8,547.1999999999999,360.0,187.19999999999993,0.34210526315789463,1997-01,0-5%
10420,WELLI,3,1997-01-21,1997-02-18,1997-01-27,1,44.12,Wellington Importadora,"Rua do Mercado, 12",Resende,SP,08737-363,Brazil,1997,1,January,1997-01,9,77.6,20,0.1,Mishi Kobe Niku,4,6,18 - 500 g pkgs.,48.5,29,0,0,1,Meat/Poultry,48.5,77.6,1396.8,970.0,426.79999999999995,0.3055555555555555,1997-01,5-10%
10420,WELLI,3,1997-01-21,1997-02-18,1997-01-27,1,44.12,Wellington Importadora,"Rua do Mercado, 12",Resende,SP,08737-363,Brazil,1997,1,January,1997-01,13,4.8,2,0.1,Konbu,6,8,2 kg box,3.0,24,0,5,0,Seafood,3.0,4.8,8.64,6.0,2.6400000000000006,0.3055555555555556,1997-01,5-10%
10420,WELLI,3,1997-01-21,1997-02-18,1997-01-27,1,44.12,Wellington Importadora,"Rua do Mercado, 12",Resende,SP,08737-363,Brazil,1997,1,January,1997-01,70,12.0,8,0.1,Outback Lager,7,1,24 - 355 ml bottles,7.5,15,10,30,0,Beverages,7.5,12.0,86.4,60.0,26.400000000000006,0.3055555555555556,1997-01,5-10%
10420,WELLI,3,1997-01-21,1997-02-18,1997-01-27,1,44.12,Wellington Importadora,"Rua do Mercado, 12",Resende,SP,08737-363,Brazil,1997,1,January,1997-01,73,12.0,20,0.1,Rצd Kaviar,17,8,24 - 150 g jars,7.5,101,0,5,0,Seafood,7.5,12.0,216.0,150.0,66.0,0.3055555555555556,1997-01,5-10%
10421,QUEDE,8,1997-01-21,1997-03-04,1997-01-27,1,99.23,Que Delםcia,"Rua da Panificadora, 12",Rio de Janeiro,RJ,02389-673,Brazil,1997,1,January,1997-01,19,7.3,4,0.15,Teatime Chocolate Biscuits,8,3,10 boxes x 12 pieces,4.6,25,0,5,0,Confections,4.6,7.3,24.82,18.4,6.420000000000002,0.258662369057212,1997-01,10-20%
10421,QUEDE,8,1997-01-21,1997-03-04,1997-01-27,1,99.23,Que Delםcia,"Rua da Panificadora, 12",Rio de Janeiro,RJ,02389-673,Brazil,1997,1,January,1997-01,26,24.9,30,0.0,Gumbהr Gummibהrchen,11,3,100 - 250 g bags,15.615,15,0,0,0,Confections,15.615,24.9,747.0,468.45,278.55,0.37289156626506026,1997-01,0%
10421,QUEDE,8,1997-01-21,1997-03-04,1997-01-27,1,99.23,Que Delםcia,"Rua da Panificadora, 12",Rio de Janeiro,RJ,02389-673,Brazil,1997,1,January,1997-01,53,26.2,15,0.15,Perth Pasties,24,6,48 pieces,16.4,0,0,0,1,Meat/Poultry,16.4,26.2,334.05,245.99999999999997,88.05000000000004,0.2635832959137855,1997-01,10-20%
10421,QUEDE,8,1997-01-21,1997-03-04,1997-01-27,1,99.23,Que Delםcia,"Rua da Panificadora, 12",Rio de Janeiro,RJ,02389-673,Brazil,1997,1,January,1997-01,77,10.4,10,0.15,Original Frankfurter grne Soe,12,2,12 boxes,6.5,32,0,15,0,Condiments,6.5,10.4,88.39999999999999,65.0,23.39999999999999,0.2647058823529411,1997-01,10-20%
10422,FRANS,2,1997-01-22,1997-02-19,1997-01-31,1,3.02,Franchi S.p.A.,Via Monte Bianco 34,Torino,,10100,Italy,1997,1,January,1997-01,26,24.9,2,0.0,Gumbהr Gummibהrchen,11,3,100 - 250 g bags,15.615,15,0,0,0,Confections,15.615,24.9,49.8,31.23,18.569999999999997,0.3728915662650602,1997-01,0%
10423,GOURL,6,1997-01-23,1997-02-06,1997-02-24,3,24.5,Gourmet Lanchonetes,"Av. Brasil, 442",Campinas,SP,04876-786,Brazil,1997,1,January,1997-01,31,10.0,14,0.0,Gorgonzola Telino,14,4,12 - 100 g pkgs,6.25,0,70,20,0,Dairy Products,6.25,10.0,140.0,87.5,52.5,0.375,1997-01,0%
10423,GOURL,6,1997-01-23,1997-02-06,1997-02-24,3,24.5,Gourmet Lanchonetes,"Av. Brasil, 442",Campinas,SP,04876-786,Brazil,1997,1,January,1997-01,59,44.0,20,0.0,Raclette Courdavault,28,4,5 kg pkg.,27.5,79,0,0,0,Dairy Products,27.5,44.0,880.0,550.0,330.0,0.375,1997-01,0%
10424,MEREP,7,1997-01-23,1997-02-20,1997-01-27,2,370.61,Mטre Paillarde,43 rue St. Laurent,Montrיal,Quיbec,H1J 1C3,Canada,1997,1,January,1997-01,35,14.4,60,0.2,Steeleye Stout,16,1,24 - 12 oz bottles,9.0,20,0,15,0,Beverages,9.0,14.4,691.2,540.0,151.20000000000005,0.21875000000000006,1997-01,10-20%
10424,MEREP,7,1997-01-23,1997-02-20,1997-01-27,2,370.61,Mטre Paillarde,43 rue St. Laurent,Montrיal,Quיbec,H1J 1C3,Canada,1997,1,January,1997-01,38,210.8,49,0.2,Cפte de Blaye,18,1,12 - 75 cl bottles,131.75,17,0,15,0,Beverages,131.75,210.8,8263.36,6455.75,1807.6100000000006,0.21875000000000006,1997-01,10-20%
10424,MEREP,7,1997-01-23,1997-02-20,1997-01-27,2,370.61,Mטre Paillarde,43 rue St. Laurent,Montrיal,Quיbec,H1J 1C3,Canada,1997,1,January,1997-01,68,10.0,30,0.2,Scottish Longbreads,8,3,10 boxes x 8 pieces,6.25,6,10,15,0,Confections,6.25,10.0,240.0,187.5,52.5,0.21875,1997-01,10-20%
10425,LAMAI,6,1997-01-24,1997-02-21,1997-02-14,2,7.93,La maison d'Asie,1 rue Alsace-Lorraine,Toulouse,,31000,France,1997,1,January,1997-01,55,19.2,10,0.25,Pגtי chinois,25,6,24 boxes x 2 pies,12.0,115,0,20,0,Meat/Poultry,12.0,19.2,144.0,120.0,24.0,0.16666666666666666,1997-01,20%+
10425,LAMAI,6,1997-01-24,1997-02-21,1997-02-14,2,7.93,La maison d'Asie,1 rue Alsace-Lorraine,Toulouse,,31000,France,1997,1,January,1997-01,76,14.4,20,0.25,Lakkalikצצri,23,1,500 ml,9.0,57,0,20,0,Beverages,9.0,14.4,216.0,180.0,36.0,0.16666666666666666,1997-01,20%+
10426,GALED,4,1997-01-27,1997-02-24,1997-02-06,1,18.69,Galerםa del gastronףmo,"Rambla de Cataluסa, 23",Barcelona,,8022,Spain,1997,1,January,1997-01,56,30.4,5,0.0,Gnocchi di nonna Alice,26,5,24 - 250 g pkgs.,19.0,21,10,30,0,Grains/Cereals,19.0,30.4,152.0,95.0,57.0,0.375,1997-01,0%
10426,GALED,4,1997-01-27,1997-02-24,1997-02-06,1,18.69,Galerםa del gastronףmo,"Rambla de Cataluסa, 23",Barcelona,,8022,Spain,1997,1,January,1997-01,64,26.6,7,0.0,Wimmers gute Semmelknצdel,12,5,20 bags x 4 pieces,16.625,22,80,30,0,Grains/Cereals,16.625,26.6,186.20000000000002,116.375,69.82500000000002,0.37500000000000006,1997-01,0%
10427,PICCO,4,1997-01-27,1997-02-24,1997-03-03,2,31.29,Piccolo und mehr,Geislweg 14,Salzburg,,5020,Austria,1997,1,January,1997-01,14,18.6,35,0.0,Tofu,6,7,40 - 100 g pkgs.,11.625,35,0,0,0,Produce,11.625,18.6,651.0,406.875,244.125,0.375,1997-01,0%
10428,REGGC,7,1997-01-28,1997-02-25,1997-02-04,1,11.09,Reggiani Caseifici,Strada Provinciale 124,Reggio Emilia,,42100,Italy,1997,1,January,1997-01,46,9.6,20,0.0,Spegesild,21,8,4 - 450 g glasses,6.0,95,0,0,0,Seafood,6.0,9.6,192.0,120.0,72.0,0.375,1997-01,0%
10429,HUNGO,3,1997-01-29,1997-03-12,1997-02-07,2,56.63,Hungry Owl All-Night Grocers,8 Johnstown Road,Cork,Co. Cork,,Ireland,1997,1,January,1997-01,50,13.0,40,0.0,Valkoinen suklaa,23,3,12 - 100 g bars,8.125,65,0,30,0,Confections,8.125,13.0,520.0,325.0,195.0,0.375,1997-01,0%
10429,HUNGO,3,1997-01-29,1997-03-12,1997-02-07,2,56.63,Hungry Owl All-Night Grocers,8 Johnstown Road,Cork,Co. Cork,,Ireland,1997,1,January,1997-01,63,35.1,35,0.25,Vegie-spread,7,2,15 - 625 g jars,21.95,24,0,5,0,Condiments,21.95,35.1,921.375,768.25,153.125,0.16619183285849953,1997-01,20%+
10430,ERNSH,4,1997-01-30,1997-02-13,1997-02-03,1,458.78,Ernst Handel,Kirchgasse 6,Graz,,8010,Austria,1997,1,January,1997-01,17,31.2,45,0.2,Alice Mutton,7,6,20 - 1 kg tins,19.5,0,0,0,1,Meat/Poultry,19.5,31.2,1123.2,877.5,245.70000000000005,0.21875000000000003,1997-01,10-20%
10430,ERNSH,4,1997-01-30,1997-02-13,1997-02-03,1,458.78,Ernst Handel,Kirchgasse 6,Graz,,8010,Austria,1997,1,January,1997-01,21,8.0,50,0.0,Sir Rodney's Scones,8,3,24 pkgs. x 4 pieces,5.0,3,40,5,0,Confections,5.0,8.0,400.0,250.0,150.0,0.375,1997-01,0%
10430,ERNSH,4,1997-01-30,1997-02-13,1997-02-03,1,458.78,Ernst Handel,Kirchgasse 6,Graz,,8010,Austria,1997,1,January,1997-01,56,30.4,30,0.0,Gnocchi di nonna Alice,26,5,24 - 250 g pkgs.,19.0,21,10,30,0,Grains/Cereals,19.0,30.4,912.0,570.0,342.0,0.375,1997-01,0%
10430,ERNSH,4,1997-01-30,1997-02-13,1997-02-03,1,458.78,Ernst Handel,Kirchgasse 6,Graz,,8010,Austria,1997,1,January,1997-01,59,44.0,70,0.2,Raclette Courdavault,28,4,5 kg pkg.,27.5,79,0,0,0,Dairy Products,27.5,44.0,2464.0,1925.0,539.0,0.21875,1997-01,10-20%
10431,BOTTM,4,1997-01-30,1997-02-13,1997-02-07,2,44.17,Bottom-Dollar Markets,23 Tsawassen Blvd.,Tsawassen,BC,T2F 8M4,Canada,1997,1,January,1997-01,17,31.2,50,0.25,Alice Mutton,7,6,20 - 1 kg tins,19.5,0,0,0,1,Meat/Poultry,19.5,31.2,1170.0,975.0,195.0,0.16666666666666666,1997-01,20%+
10431,BOTTM,4,1997-01-30,1997-02-13,1997-02-07,2,44.17,Bottom-Dollar Markets,23 Tsawassen Blvd.,Tsawassen,BC,T2F 8M4,Canada,1997,1,January,1997-01,40,14.7,50,0.25,Boston Crab Meat,19,8,24 - 4 oz tins,9.2,123,0,30,0,Seafood,9.2,14.7,551.25,459.99999999999994,91.25000000000006,0.16553287981859421,1997-01,20%+
10431,BOTTM,4,1997-01-30,1997-02-13,1997-02-07,2,44.17,Bottom-Dollar Markets,23 Tsawassen Blvd.,Tsawassen,BC,T2F 8M4,Canada,1997,1,January,1997-01,47,7.6,30,0.25,Zaanse koeken,22,3,10 - 4 oz boxes,4.75,36,0,0,0,Confections,4.75,7.6,171.0,142.5,28.5,0.16666666666666666,1997-01,20%+
10432,SPLIR,3,1997-01-31,1997-02-14,1997-02-07,2,4.34,Split Rail Beer & Ale,P.O. Box 555,Lander,WY,82520,USA,1997,1,January,1997-01,26,24.9,10,0.0,Gumbהr Gummibהrchen,11,3,100 - 250 g bags,15.615,15,0,0,0,Confections,15.615,24.9,249.0,156.15,92.85,0.3728915662650602,1997-01,0%
10432,SPLIR,3,1997-01-31,1997-02-14,1997-02-07,2,4.34,Split Rail Beer & Ale,P.O. Box 555,Lander,WY,82520,USA,1997,1,January,1997-01,54,5.9,40,0.0,Tourtiטre,25,6,16 pies,3.725,21,0,10,0,Meat/Poultry,3.725,5.9,236.0,149.0,87.0,0.3686440677966102,1997-01,0%
10433,PRINI,3,1997-02-03,1997-03-03,1997-03-04,3,73.83,Princesa Isabel Vinhos,Estrada da saתde n. 58,Lisboa,,1756,Portugal,1997,2,February,1997-02,56,30.4,28,0.0,Gnocchi di nonna Alice,26,5,24 - 250 g pkgs.,19.0,21,10,30,0,Grains/Cereals,19.0,30.4,851.1999999999999,532.0,319.19999999999993,0.37499999999999994,1997-02,0%
10434,FOLKO,3,1997-02-03,1997-03-03,1997-02-13,2,17.92,Folk och fה HB,ֵkergatan 24,Brהcke,,S-844 67,Sweden,1997,2,February,1997-02,11,16.8,6,0.0,Queso Cabrales,5,4,1 kg pkg.,10.5,22,30,30,0,Dairy Products,10.5,16.8,100.80000000000001,63.0,37.80000000000001,0.37500000000000006,1997-02,0%
10434,FOLKO,3,1997-02-03,1997-03-03,1997-02-13,2,17.92,Folk och fה HB,ֵkergatan 24,Brהcke,,S-844 67,Sweden,1997,2,February,1997-02,76,14.4,18,0.15,Lakkalikצצri,23,1,500 ml,9.0,57,0,20,0,Beverages,9.0,14.4,220.32,162.0,58.31999999999999,0.2647058823529412,1997-02,10-20%
10435,CONSH,8,1997-02-04,1997-03-18,1997-02-07,2,9.21,Consolidated Holdings,Berkeley Gardens 12  Brewery,London,,WX1 6LT,UK,1997,2,February,1997-02,2,15.2,10,0.0,Chang,1,1,24 - 12 oz bottles,9.5,17,40,25,0,Beverages,9.5,15.2,152.0,95.0,57.0,0.375,1997-02,0%
10435,CONSH,8,1997-02-04,1997-03-18,1997-02-07,2,9.21,Consolidated Holdings,Berkeley Gardens 12  Brewery,London,,WX1 6LT,UK,1997,2,February,1997-02,22,16.8,12,0.0,Gustaf's Knהckebrצd,9,5,24 - 500 g pkgs.,10.5,104,0,25,0,Grains/Cereals,10.5,16.8,201.60000000000002,126.0,75.60000000000002,0.37500000000000006,1997-02,0%
10435,CONSH,8,1997-02-04,1997-03-18,1997-02-07,2,9.21,Consolidated Holdings,Berkeley Gardens 12  Brewery,London,,WX1 6LT,UK,1997,2,February,1997-02,72,27.8,10,0.0,Mozzarella di Giovanni,14,4,24 - 200 g pkgs.,17.4,14,0,0,0,Dairy Products,17.4,27.8,278.0,174.0,104.0,0.37410071942446044,1997-02,0%
10436,BLONP,3,1997-02-05,1997-03-05,1997-02-11,2,156.66,Blondel pטre et fils,"24, place Klיber",Strasbourg,,67000,France,1997,2,February,1997-02,46,9.6,5,0.0,Spegesild,21,8,4 - 450 g glasses,6.0,95,0,0,0,Seafood,6.0,9.6,48.0,30.0,18.0,0.375,1997-02,0%
10436,BLONP,3,1997-02-05,1997-03-05,1997-02-11,2,156.66,Blondel pטre et fils,"24, place Klיber",Strasbourg,,67000,France,1997,2,February,1997-02,56,30.4,40,0.1,Gnocchi di nonna Alice,26,5,24 - 250 g pkgs.,19.0,21,10,30,0,Grains/Cereals,19.0,30.4,1094.4,760.0,334.4000000000001,0.30555555555555564,1997-02,5-10%
10436,BLONP,3,1997-02-05,1997-03-05,1997-02-11,2,156.66,Blondel pטre et fils,"24, place Klיber",Strasbourg,,67000,France,1997,2,February,1997-02,64,26.6,30,0.1,Wimmers gute Semmelknצdel,12,5,20 bags x 4 pieces,16.625,22,80,30,0,Grains/Cereals,16.625,26.6,718.2,498.75,219.45000000000005,0.3055555555555556,1997-02,5-10%
10436,BLONP,3,1997-02-05,1997-03-05,1997-02-11,2,156.66,Blondel pטre et fils,"24, place Klיber",Strasbourg,,67000,France,1997,2,February,1997-02,75,6.2,24,0.1,Rhצnbrהu Klosterbier,12,1,24 - 0.5 l bottles,3.875,125,0,25,0,Beverages,3.875,6.2,133.92000000000002,93.0,40.920000000000016,0.30555555555555564,1997-02,5-10%
10437,WARTH,8,1997-02-05,1997-03-05,1997-02-12,1,19.97,Wartian Herkku,Torikatu 38,Oulu,,90110,Finland,1997,2,February,1997-02,53,26.2,15,0.0,Perth Pasties,24,6,48 pieces,16.4,0,0,0,1,Meat/Poultry,16.4,26.2,393.0,245.99999999999997,147.00000000000003,0.3740458015267176,1997-02,0%
10438,TOMSP,3,1997-02-06,1997-03-06,1997-02-14,2,8.24,Toms Spezialitהten,Luisenstr. 48,Mnster,,44087,Germany,1997,2,February,1997-02,19,7.3,15,0.2,Teatime Chocolate Biscuits,8,3,10 boxes x 12 pieces,4.6,25,0,5,0,Confections,4.6,7.3,87.60000000000001,69.0,18.60000000000001,0.21232876712328774,1997-02,10-20%
10438,TOMSP,3,1997-02-06,1997-03-06,1997-02-14,2,8.24,Toms Spezialitהten,Luisenstr. 48,Mnster,,44087,Germany,1997,2,February,1997-02,34,11.2,20,0.2,Sasquatch Ale,16,1,24 - 12 oz bottles,7.0,111,0,15,0,Beverages,7.0,11.2,179.20000000000002,140.0,39.20000000000002,0.21875000000000008,1997-02,10-20%
10438,TOMSP,3,1997-02-06,1997-03-06,1997-02-14,2,8.24,Toms Spezialitהten,Luisenstr. 48,Mnster,,44087,Germany,1997,2,February,1997-02,57,15.6,15,0.2,Ravioli Angelo,26,5,24 - 250 g pkgs.,9.75,36,0,20,0,Grains/Cereals,9.75,15.6,187.20000000000002,146.25,40.95000000000002,0.21875000000000008,1997-02,10-20%
10439,MEREP,6,1997-02-07,1997-03-07,1997-02-10,3,4.07,Mטre Paillarde,43 rue St. Laurent,Montrיal,Quיbec,H1J 1C3,Canada,1997,2,February,1997-02,12,30.4,15,0.0,Queso Manchego La Pastora,5,4,10 - 500 g pkgs.,19.0,86,0,0,0,Dairy Products,19.0,30.4,456.0,285.0,171.0,0.375,1997-02,0%
10439,MEREP,6,1997-02-07,1997-03-07,1997-02-10,3,4.07,Mטre Paillarde,43 rue St. Laurent,Montrיal,Quיbec,H1J 1C3,Canada,1997,2,February,1997-02,16,13.9,16,0.0,Pavlova,7,3,32 - 500 g boxes,8.725,29,0,10,0,Confections,8.725,13.9,222.4,139.6,82.80000000000001,0.3723021582733813,1997-02,0%
10439,MEREP,6,1997-02-07,1997-03-07,1997-02-10,3,4.07,Mטre Paillarde,43 rue St. Laurent,Montrיal,Quיbec,H1J 1C3,Canada,1997,2,February,1997-02,64,26.6,6,0.0,Wimmers gute Semmelknצdel,12,5,20 bags x 4 pieces,16.625,22,80,30,0,Grains/Cereals,16.625,26.6,159.60000000000002,99.75,59.85000000000002,0.3750000000000001,1997-02,0%
10439,MEREP,6,1997-02-07,1997-03-07,1997-02-10,3,4.07,Mטre Paillarde,43 rue St. Laurent,Montrיal,Quיbec,H1J 1C3,Canada,1997,2,February,1997-02,74,8.0,30,0.0,Longlife Tofu,4,7,5 kg pkg.,5.0,4,20,5,0,Produce,5.0,8.0,240.0,150.0,90.0,0.375,1997-02,0%
10440,SAVEA,4,1997-02-10,1997-03-10,1997-02-28,2,86.53,Save-a-lot Markets,187 Suffolk Ln.,Boise,ID,83720,USA,1997,2,February,1997-02,2,15.2,45,0.15,Chang,1,1,24 - 12 oz bottles,9.5,17,40,25,0,Beverages,9.5,15.2,581.4,427.5,153.89999999999998,0.2647058823529411,1997-02,10-20%
10440,SAVEA,4,1997-02-10,1997-03-10,1997-02-28,2,86.53,Save-a-lot Markets,187 Suffolk Ln.,Boise,ID,83720,USA,1997,2,February,1997-02,16,13.9,49,0.15,Pavlova,7,3,32 - 500 g boxes,8.725,29,0,10,0,Confections,8.725,13.9,578.9350000000001,427.525,151.41000000000008,0.2615319509098605,1997-02,10-20%
10440,SAVEA,4,1997-02-10,1997-03-10,1997-02-28,2,86.53,Save-a-lot Markets,187 Suffolk Ln.,Boise,ID,83720,USA,1997,2,February,1997-02,29,99.0,24,0.15,Thringer Rostbratwurst,12,6,50 bags x 30 sausgs.,61.895,0,0,0,1,Meat/Poultry,61.895,99.0,2019.6,1485.48,534.1199999999999,0.26446821152703504,1997-02,10-20%
10440,SAVEA,4,1997-02-10,1997-03-10,1997-02-28,2,86.53,Save-a-lot Markets,187 Suffolk Ln.,Boise,ID,83720,USA,1997,2,February,1997-02,61,22.8,90,0.15,Sirop d'יrable,29,2,24 - 500 ml bottles,14.25,113,0,25,0,Condiments,14.25,22.8,1744.2,1282.5,461.70000000000005,0.2647058823529412,1997-02,10-20%
10441,OLDWO,3,1997-02-10,1997-03-24,1997-03-14,2,73.02,Old World Delicatessen,2743 Bering St.,Anchorage,AK,99508,USA,1997,2,February,1997-02,27,35.1,50,0.0,Schoggi Schokolade,11,3,100 - 100 g pieces,21.95,49,0,30,0,Confections,21.95,35.1,1755.0,1097.5,657.5,0.37464387464387466,1997-02,0%
10442,ERNSH,3,1997-02-11,1997-03-11,1997-02-18,2,47.94,Ernst Handel,Kirchgasse 6,Graz,,8010,Austria,1997,2,February,1997-02,11,16.8,30,0.0,Queso Cabrales,5,4,1 kg pkg.,10.5,22,30,30,0,Dairy Products,10.5,16.8,504.0,315.0,189.0,0.375,1997-02,0%
10442,ERNSH,3,1997-02-11,1997-03-11,1997-02-18,2,47.94,Ernst Handel,Kirchgasse 6,Graz,,8010,Austria,1997,2,February,1997-02,54,5.9,80,0.0,Tourtiטre,25,6,16 pies,3.725,21,0,10,0,Meat/Poultry,3.725,5.9,472.0,298.0,174.0,0.3686440677966102,1997-02,0%
10442,ERNSH,3,1997-02-11,1997-03-11,1997-02-18,2,47.94,Ernst Handel,Kirchgasse 6,Graz,,8010,Austria,1997,2,February,1997-02,66,13.6,60,0.0,Louisiana Hot Spiced Okra,2,2,24 - 8 oz jars,8.5,4,100,20,0,Condiments,8.5,13.6,816.0,510.0,306.0,0.375,1997-02,0%
10443,REGGC,8,1997-02-12,1997-03-12,1997-02-14,1,13.95,Reggiani Caseifici,Strada Provinciale 124,Reggio Emilia,,42100,Italy,1997,2,February,1997-02,11,16.8,6,0.2,Queso Cabrales,5,4,1 kg pkg.,10.5,22,30,30,0,Dairy Products,10.5,16.8,80.64000000000001,63.0,17.640000000000015,0.21875000000000014,1997-02,10-20%
10443,REGGC,8,1997-02-12,1997-03-12,1997-02-14,1,13.95,Reggiani Caseifici,Strada Provinciale 124,Reggio Emilia,,42100,Italy,1997,2,February,1997-02,28,36.4,12,0.0,Rצssle Sauerkraut,12,7,25 - 825 g cans,22.8,26,0,0,1,Produce,22.8,36.4,436.79999999999995,273.6,163.19999999999993,0.3736263736263735,1997-02,0%
10444,BERGS,3,1997-02-12,1997-03-12,1997-02-21,3,3.5,Berglunds snabbkצp,Berguvsvהgen  8,Luleו,,S-958 22,Sweden,1997,2,February,1997-02,17,31.2,10,0.0,Alice Mutton,7,6,20 - 1 kg tins,19.5,0,0,0,1,Meat/Poultry,19.5,31.2,312.0,195.0,117.0,0.375,1997-02,0%
10444,BERGS,3,1997-02-12,1997-03-12,1997-02-21,3,3.5,Berglunds snabbkצp,Berguvsvהgen  8,Luleו,,S-958 22,Sweden,1997,2,February,1997-02,26,24.9,15,0.0,Gumbהr Gummibהrchen,11,3,100 - 250 g bags,15.615,15,0,0,0,Confections,15.615,24.9,373.5,234.225,139.275,0.37289156626506026,1997-02,0%
10444,BERGS,3,1997-02-12,1997-03-12,1997-02-21,3,3.5,Berglunds snabbkצp,Berguvsvהgen  8,Luleו,,S-958 22,Sweden,1997,2,February,1997-02,35,14.4,8,0.0,Steeleye Stout,16,1,24 - 12 oz bottles,9.0,20,0,15,0,Beverages,9.0,14.4,115.2,72.0,43.2,0.375,1997-02,0%
10444,BERGS,3,1997-02-12,1997-03-12,1997-02-21,3,3.5,Berglunds snabbkצp,Berguvsvהgen  8,Luleו,,S-958 22,Sweden,1997,2,February,1997-02,41,7.7,30,0.0,Jack's New England Clam Chowder,19,8,12 - 12 oz cans,4.825,85,0,10,0,Seafood,4.825,7.7,231.0,144.75,86.25,0.37337662337662336,1997-02,0%
10445,BERGS,3,1997-02-13,1997-03-13,1997-02-20,1,9.3,Berglunds snabbkצp,Berguvsvהgen  8,Luleו,,S-958 22,Sweden,1997,2,February,1997-02,39,14.4,6,0.0,Chartreuse verte,18,1,750 cc per bottle,9.0,69,0,5,0,Beverages,9.0,14.4,86.4,54.0,32.400000000000006,0.37500000000000006,1997-02,0%
10445,BERGS,3,1997-02-13,1997-03-13,1997-02-20,1,9.3,Berglunds snabbkצp,Berguvsvהgen  8,Luleו,,S-958 22,Sweden,1997,2,February,1997-02,54,5.9,15,0.0,Tourtiטre,25,6,16 pies,3.725,21,0,10,0,Meat/Poultry,3.725,5.9,88.5,55.875,32.625,0.3686440677966102,1997-02,0%
10446,TOMSP,6,1997-02-14,1997-03-14,1997-02-19,1,14.68,Toms Spezialitהten,Luisenstr. 48,Mnster,,44087,Germany,1997,2,February,1997-02,19,7.3,12,0.1,Teatime Chocolate Biscuits,8,3,10 boxes x 12 pieces,4.6,25,0,5,0,Confections,4.6,7.3,78.84,55.199999999999996,23.640000000000008,0.299847792998478,1997-02,5-10%
10446,TOMSP,6,1997-02-14,1997-03-14,1997-02-19,1,14.68,Toms Spezialitהten,Luisenstr. 48,Mnster,,44087,Germany,1997,2,February,1997-02,24,3.6,20,0.1,Guaranב Fantבstica,10,1,12 - 355 ml cans,2.25,20,0,0,1,Beverages,2.25,3.6,64.8,45.0,19.799999999999997,0.3055555555555555,1997-02,5-10%
10446,TOMSP,6,1997-02-14,1997-03-14,1997-02-19,1,14.68,Toms Spezialitהten,Luisenstr. 48,Mnster,,44087,Germany,1997,2,February,1997-02,31,10.0,3,0.1,Gorgonzola Telino,14,4,12 - 100 g pkgs,6.25,0,70,20,0,Dairy Products,6.25,10.0,27.0,18.75,8.25,0.3055555555555556,1997-02,5-10%
10446,TOMSP,6,1997-02-14,1997-03-14,1997-02-19,1,14.68,Toms Spezialitהten,Luisenstr. 48,Mnster,,44087,Germany,1997,2,February,1997-02,52,5.6,15,0.1,Filo Mix,24,5,16 - 2 kg boxes,3.5,38,0,25,0,Grains/Cereals,3.5,5.6,75.60000000000001,52.5,23.10000000000001,0.30555555555555564,1997-02,5-10%
10447,RICAR,4,1997-02-14,1997-03-14,1997-03-07,2,68.66,Ricardo Adocicados,"Av. Copacabana, 267",Rio de Janeiro,RJ,02389-890,Brazil,1997,2,February,1997-02,19,7.3,40,0.0,Teatime Chocolate Biscuits,8,3,10 boxes x 12 pieces,4.6,25,0,5,0,Confections,4.6,7.3,292.0,184.0,108.0,0.3698630136986301,1997-02,0%
10447,RICAR,4,1997-02-14,1997-03-14,1997-03-07,2,68.66,Ricardo Adocicados,"Av. Copacabana, 267",Rio de Janeiro,RJ,02389-890,Brazil,1997,2,February,1997-02,65,16.8,35,0.0,Louisiana Fiery Hot Pepper Sauce,2,2,32 - 8 oz bottles,10.525,76,0,0,0,Condiments,10.525,16.8,588.0,368.375,219.625,0.37351190476190477,1997-02,0%
10447,RICAR,4,1997-02-14,1997-03-14,1997-03-07,2,68.66,Ricardo Adocicados,"Av. Copacabana, 267",Rio de Janeiro,RJ,02389-890,Brazil,1997,2,February,1997-02,71,17.2,2,0.0,Flotemysost,15,4,10 - 500 g pkgs.,10.75,26,0,0,0,Dairy Products,10.75,17.2,34.4,21.5,12.899999999999999,0.375,1997-02,0%
10448,RANCH,4,1997-02-17,1997-03-17,1997-02-24,2,38.82,Rancho grande,Av. del Libertador 900,Buenos Aires,,1010,Argentina,1997,2,February,1997-02,26,24.9,6,0.0,Gumbהr Gummibהrchen,11,3,100 - 250 g bags,15.615,15,0,0,0,Confections,15.615,24.9,149.39999999999998,93.69,55.70999999999998,0.37289156626506015,1997-02,0%
10448,RANCH,4,1997-02-17,1997-03-17,1997-02-24,2,38.82,Rancho grande,Av. del Libertador 900,Buenos Aires,,1010,Argentina,1997,2,February,1997-02,40,14.7,20,0.0,Boston Crab Meat,19,8,24 - 4 oz tins,9.2,123,0,30,0,Seafood,9.2,14.7,294.0,184.0,110.0,0.3741496598639456,1997-02,0%
10449,BLONP,3,1997-02-18,1997-03-18,1997-02-27,2,53.3,Blondel pטre et fils,"24, place Klיber",Strasbourg,,67000,France,1997,2,February,1997-02,10,24.8,14,0.0,Ikura,4,8,12 - 200 ml jars,15.5,31,0,0,0,Seafood,15.5,24.8,347.2,217.0,130.2,0.375,1997-02,0%
10449,BLONP,3,1997-02-18,1997-03-18,1997-02-27,2,53.3,Blondel pטre et fils,"24, place Klיber",Strasbourg,,67000,France,1997,2,February,1997-02,52,5.6,20,0.0,Filo Mix,24,5,16 - 2 kg boxes,3.5,38,0,25,0,Grains/Cereals,3.5,5.6,112.0,70.0,42.0,0.375,1997-02,0%
10449,BLONP,3,1997-02-18,1997-03-18,1997-02-27,2,53.3,Blondel pטre et fils,"24, place Klיber",Strasbourg,,67000,France,1997,2,February,1997-02,62,39.4,35,0.0,Tarte au sucre,29,3,48 pies,24.65,17,0,0,0,Confections,24.65,39.4,1379.0,862.75,516.25,0.3743654822335025,1997-02,0%
10450,VICTE,8,1997-02-19,1997-03-19,1997-03-11,2,7.23,Victuailles en stock,"2, rue du Commerce",Lyon,,69004,France,1997,2,February,1997-02,10,24.8,20,0.2,Ikura,4,8,12 - 200 ml jars,15.5,31,0,0,0,Seafood,15.5,24.8,396.8,310.0,86.80000000000001,0.21875000000000003,1997-02,10-20%
10450,VICTE,8,1997-02-19,1997-03-19,1997-03-11,2,7.23,Victuailles en stock,"2, rue du Commerce",Lyon,,69004,France,1997,2,February,1997-02,54,5.9,6,0.2,Tourtiטre,25,6,16 pies,3.725,21,0,10,0,Meat/Poultry,3.725,5.9,28.320000000000007,22.35,5.970000000000006,0.21080508474576287,1997-02,10-20%
10451,QUICK,4,1997-02-19,1997-03-05,1997-03-12,3,189.09,QUICK-Stop,Taucherstrae 10,Cunewalde,,1307,Germany,1997,2,February,1997-02,55,19.2,120,0.1,Pגtי chinois,25,6,24 boxes x 2 pies,12.0,115,0,20,0,Meat/Poultry,12.0,19.2,2073.6,1440.0,633.5999999999999,0.3055555555555555,1997-02,5-10%
10451,QUICK,4,1997-02-19,1997-03-05,1997-03-12,3,189.09,QUICK-Stop,Taucherstrae 10,Cunewalde,,1307,Germany,1997,2,February,1997-02,64,26.6,35,0.1,Wimmers gute Semmelknצdel,12,5,20 bags x 4 pieces,16.625,22,80,30,0,Grains/Cereals,16.625,26.6,837.9,581.875,256.025,0.3055555555555555,1997-02,5-10%
10451,QUICK,4,1997-02-19,1997-03-05,1997-03-12,3,189.09,QUICK-Stop,Taucherstrae 10,Cunewalde,,1307,Germany,1997,2,February,1997-02,65,16.8,28,0.1,Louisiana Fiery Hot Pepper Sauce,2,2,32 - 8 oz bottles,10.525,76,0,0,0,Condiments,10.525,16.8,423.36,294.7,128.66000000000003,0.30390211640211645,1997-02,5-10%
10451,QUICK,4,1997-02-19,1997-03-05,1997-03-12,3,189.09,QUICK-Stop,Taucherstrae 10,Cunewalde,,1307,Germany,1997,2,February,1997-02,77,10.4,55,0.1,Original Frankfurter grne Soe,12,2,12 boxes,6.5,32,0,15,0,Condiments,6.5,10.4,514.8000000000001,357.5,157.30000000000007,0.30555555555555564,1997-02,5-10%
10452,SAVEA,8,1997-02-20,1997-03-20,1997-02-26,1,140.26,Save-a-lot Markets,187 Suffolk Ln.,Boise,ID,83720,USA,1997,2,February,1997-02,28,36.4,15,0.0,Rצssle Sauerkraut,12,7,25 - 825 g cans,22.8,26,0,0,1,Produce,22.8,36.4,546.0,342.0,204.0,0.37362637362637363,1997-02,0%
10452,SAVEA,8,1997-02-20,1997-03-20,1997-02-26,1,140.26,Save-a-lot Markets,187 Suffolk Ln.,Boise,ID,83720,USA,1997,2,February,1997-02,44,15.5,100,0.05,Gula Malacca,20,2,20 - 2 kg bags,9.725,27,0,15,0,Condiments,9.725,15.5,1472.5,972.5,500.0,0.3395585738539898,1997-02,0-5%
10453,AROUT,1,1997-02-21,1997-03-21,1997-02-26,2,25.36,Around the Horn,Brook Farm Stratford St. Mary,Colchester,Essex,CO7 6JX,UK,1997,2,February,1997-02,48,10.2,15,0.1,Chocolade,22,3,10 pkgs.,6.375,15,70,25,0,Confections,6.375,10.2,137.70000000000002,95.625,42.07500000000002,0.30555555555555564,1997-02,5-10%
10453,AROUT,1,1997-02-21,1997-03-21,1997-02-26,2,25.36,Around the Horn,Brook Farm Stratford St. Mary,Colchester,Essex,CO7 6JX,UK,1997,2,February,1997-02,70,12.0,25,0.1,Outback Lager,7,1,24 - 355 ml bottles,7.5,15,10,30,0,Beverages,7.5,12.0,270.0,187.5,82.5,0.3055555555555556,1997-02,5-10%
10454,LAMAI,4,1997-02-21,1997-03-21,1997-02-25,3,2.74,La maison d'Asie,1 rue Alsace-Lorraine,Toulouse,,31000,France,1997,2,February,1997-02,16,13.9,20,0.2,Pavlova,7,3,32 - 500 g boxes,8.725,29,0,10,0,Confections,8.725,13.9,222.4,174.5,47.900000000000006,0.21537769784172664,1997-02,10-20%
10454,LAMAI,4,1997-02-21,1997-03-21,1997-02-25,3,2.74,La maison d'Asie,1 rue Alsace-Lorraine,Toulouse,,31000,France,1997,2,February,1997-02,33,2.0,20,0.2,Geitost,15,4,500 g,1.25,112,0,20,0,Dairy Products,1.25,2.0,32.0,25.0,7.0,0.21875,1997-02,10-20%
10454,LAMAI,4,1997-02-21,1997-03-21,1997-02-25,3,2.74,La maison d'Asie,1 rue Alsace-Lorraine,Toulouse,,31000,France,1997,2,February,1997-02,46,9.6,10,0.2,Spegesild,21,8,4 - 450 g glasses,6.0,95,0,0,0,Seafood,6.0,9.6,76.80000000000001,60.0,16.80000000000001,0.2187500000000001,1997-02,10-20%
10455,WARTH,8,1997-02-24,1997-04-07,1997-03-03,2,180.45,Wartian Herkku,Torikatu 38,Oulu,,90110,Finland,1997,2,February,1997-02,39,14.4,20,0.0,Chartreuse verte,18,1,750 cc per bottle,9.0,69,0,5,0,Beverages,9.0,14.4,288.0,180.0,108.0,0.375,1997-02,0%
10455,WARTH,8,1997-02-24,1997-04-07,1997-03-03,2,180.45,Wartian Herkku,Torikatu 38,Oulu,,90110,Finland,1997,2,February,1997-02,53,26.2,50,0.0,Perth Pasties,24,6,48 pieces,16.4,0,0,0,1,Meat/Poultry,16.4,26.2,1310.0,819.9999999999999,490.0000000000001,0.3740458015267176,1997-02,0%
10455,WARTH,8,1997-02-24,1997-04-07,1997-03-03,2,180.45,Wartian Herkku,Torikatu 38,Oulu,,90110,Finland,1997,2,February,1997-02,61,22.8,25,0.0,Sirop d'יrable,29,2,24 - 500 ml bottles,14.25,113,0,25,0,Condiments,14.25,22.8,570.0,356.25,213.75,0.375,1997-02,0%
10455,WARTH,8,1997-02-24,1997-04-07,1997-03-03,2,180.45,Wartian Herkku,Torikatu 38,Oulu,,90110,Finland,1997,2,February,1997-02,71,17.2,30,0.0,Flotemysost,15,4,10 - 500 g pkgs.,10.75,26,0,0,0,Dairy Products,10.75,17.2,516.0,322.5,193.5,0.375,1997-02,0%
10456,KOENE,8,1997-02-25,1997-04-08,1997-02-28,2,8.12,Kצniglich Essen,Maubelstr. 90,Brandenburg,,14776,Germany,1997,2,February,1997-02,21,8.0,40,0.15,Sir Rodney's Scones,8,3,24 pkgs. x 4 pieces,5.0,3,40,5,0,Confections,5.0,8.0,272.0,200.0,72.0,0.2647058823529412,1997-02,10-20%
10456,KOENE,8,1997-02-25,1997-04-08,1997-02-28,2,8.12,Kצniglich Essen,Maubelstr. 90,Brandenburg,,14776,Germany,1997,2,February,1997-02,49,16.0,21,0.15,Maxilaku,23,3,24 - 50 g pkgs.,10.0,10,60,15,0,Confections,10.0,16.0,285.59999999999997,210.0,75.59999999999997,0.26470588235294107,1997-02,10-20%
10457,KOENE,2,1997-02-25,1997-03-25,1997-03-03,1,11.57,Kצniglich Essen,Maubelstr. 90,Brandenburg,,14776,Germany,1997,2,February,1997-02,59,44.0,36,0.0,Raclette Courdavault,28,4,5 kg pkg.,27.5,79,0,0,0,Dairy Products,27.5,44.0,1584.0,990.0,594.0,0.375,1997-02,0%
10458,SUPRD,7,1997-02-26,1997-03-26,1997-03-04,3,147.06,Suprךmes dיlices,"Boulevard Tirou, 255",Charleroi,,B-6000,Belgium,1997,2,February,1997-02,26,24.9,30,0.0,Gumbהr Gummibהrchen,11,3,100 - 250 g bags,15.615,15,0,0,0,Confections,15.615,24.9,747.0,468.45,278.55,0.37289156626506026,1997-02,0%
10458,SUPRD,7,1997-02-26,1997-03-26,1997-03-04,3,147.06,Suprךmes dיlices,"Boulevard Tirou, 255",Charleroi,,B-6000,Belgium,1997,2,February,1997-02,28,36.4,30,0.0,Rצssle Sauerkraut,12,7,25 - 825 g cans,22.8,26,0,0,1,Produce,22.8,36.4,1092.0,684.0,408.0,0.37362637362637363,1997-02,0%
10458,SUPRD,7,1997-02-26,1997-03-26,1997-03-04,3,147.06,Suprךmes dיlices,"Boulevard Tirou, 255",Charleroi,,B-6000,Belgium,1997,2,February,1997-02,43,36.8,20,0.0,Ipoh Coffee,20,1,16 - 500 g tins,23.0,17,10,25,0,Beverages,23.0,36.8,736.0,460.0,276.0,0.375,1997-02,0%
10458,SUPRD,7,1997-02-26,1997-03-26,1997-03-04,3,147.06,Suprךmes dיlices,"Boulevard Tirou, 255",Charleroi,,B-6000,Belgium,1997,2,February,1997-02,56,30.4,15,0.0,Gnocchi di nonna Alice,26,5,24 - 250 g pkgs.,19.0,21,10,30,0,Grains/Cereals,19.0,30.4,456.0,285.0,171.0,0.375,1997-02,0%
10458,SUPRD,7,1997-02-26,1997-03-26,1997-03-04,3,147.06,Suprךmes dיlices,"Boulevard Tirou, 255",Charleroi,,B-6000,Belgium,1997,2,February,1997-02,71,17.2,50,0.0,Flotemysost,15,4,10 - 500 g pkgs.,10.75,26,0,0,0,Dairy Products,10.75,17.2,860.0,537.5,322.5,0.375,1997-02,0%
10459,VICTE,4,1997-02-27,1997-03-27,1997-02-28,2,25.09,Victuailles en stock,"2, rue du Commerce",Lyon,,69004,France,1997,2,February,1997-02,7,24.0,16,0.05,Uncle Bob's Organic Dried Pears,3,7,12 - 1 lb pkgs.,15.0,15,0,10,0,Produce,15.0,24.0,364.79999999999995,240.0,124.79999999999995,0.34210526315789463,1997-02,0-5%
10459,VICTE,4,1997-02-27,1997-03-27,1997-02-28,2,25.09,Victuailles en stock,"2, rue du Commerce",Lyon,,69004,France,1997,2,February,1997-02,46,9.6,20,0.05,Spegesild,21,8,4 - 450 g glasses,6.0,95,0,0,0,Seafood,6.0,9.6,182.39999999999998,120.0,62.39999999999998,0.34210526315789463,1997-02,0-5%
10459,VICTE,4,1997-02-27,1997-03-27,1997-02-28,2,25.09,Victuailles en stock,"2, rue du Commerce",Lyon,,69004,France,1997,2,February,1997-02,72,27.8,40,0.0,Mozzarella di Giovanni,14,4,24 - 200 g pkgs.,17.4,14,0,0,0,Dairy Products,17.4,27.8,1112.0,696.0,416.0,0.37410071942446044,1997-02,0%
10460,FOLKO,8,1997-02-28,1997-03-28,1997-03-03,1,16.27,Folk och fה HB,ֵkergatan 24,Brהcke,,S-844 67,Sweden,1997,2,February,1997-02,68,10.0,21,0.25,Scottish Longbreads,8,3,10 boxes x 8 pieces,6.25,6,10,15,0,Confections,6.25,10.0,157.5,131.25,26.25,0.16666666666666666,1997-02,20%+
10460,FOLKO,8,1997-02-28,1997-03-28,1997-03-03,1,16.27,Folk och fה HB,ֵkergatan 24,Brהcke,,S-844 67,Sweden,1997,2,February,1997-02,75,6.2,4,0.25,Rhצnbrהu Klosterbier,12,1,24 - 0.5 l bottles,3.875,125,0,25,0,Beverages,3.875,6.2,18.6,15.5,3.1000000000000014,0.16666666666666674,1997-02,20%+
10461,LILAS,1,1997-02-28,1997-03-28,1997-03-05,3,148.61,LILA-Supermercado,Carrera 52 con Ave. Bolםvar #65-98 Llano Largo,Barquisimeto,Lara,3508,Venezuela,1997,2,February,1997-02,21,8.0,40,0.25,Sir Rodney's Scones,8,3,24 pkgs. x 4 pieces,5.0,3,40,5,0,Confections,5.0,8.0,240.0,200.0,40.0,0.16666666666666666,1997-02,20%+
10461,LILAS,1,1997-02-28,1997-03-28,1997-03-05,3,148.61,LILA-Supermercado,Carrera 52 con Ave. Bolםvar #65-98 Llano Largo,Barquisimeto,Lara,3508,Venezuela,1997,2,February,1997-02,30,20.7,28,0.25,Nord-Ost Matjeshering,13,8,10 - 200 g glasses,12.945,10,0,15,0,Seafood,12.945,20.7,434.70000000000005,362.46000000000004,72.24000000000001,0.16618357487922705,1997-02,20%+
10461,LILAS,1,1997-02-28,1997-03-28,1997-03-05,3,148.61,LILA-Supermercado,Carrera 52 con Ave. Bolםvar #65-98 Llano Largo,Barquisimeto,Lara,3508,Venezuela,1997,2,February,1997-02,55,19.2,60,0.25,Pגtי chinois,25,6,24 boxes x 2 pies,12.0,115,0,20,0,Meat/Poultry,12.0,19.2,864.0,720.0,144.0,0.16666666666666666,1997-02,20%+
10462,CONSH,2,1997-03-03,1997-03-31,1997-03-18,1,6.17,Consolidated Holdings,Berkeley Gardens 12  Brewery,London,,WX1 6LT,UK,1997,3,March,1997-03,13,4.8,1,0.0,Konbu,6,8,2 kg box,3.0,24,0,5,0,Seafood,3.0,4.8,4.8,3.0,1.7999999999999998,0.375,1997-03,0%
10462,CONSH,2,1997-03-03,1997-03-31,1997-03-18,1,6.17,Consolidated Holdings,Berkeley Gardens 12  Brewery,London,,WX1 6LT,UK,1997,3,March,1997-03,23,7.2,21,0.0,Tunnbrצd,9,5,12 - 250 g pkgs.,4.5,61,0,25,0,Grains/Cereals,4.5,7.2,151.20000000000002,94.5,56.70000000000002,0.37500000000000006,1997-03,0%
10463,SUPRD,5,1997-03-04,1997-04-01,1997-03-06,3,14.78,Suprךmes dיlices,"Boulevard Tirou, 255",Charleroi,,B-6000,Belgium,1997,3,March,1997-03,19,7.3,21,0.0,Teatime Chocolate Biscuits,8,3,10 boxes x 12 pieces,4.6,25,0,5,0,Confections,4.6,7.3,153.29999999999998,96.6,56.69999999999999,0.3698630136986301,1997-03,0%
10463,SUPRD,5,1997-03-04,1997-04-01,1997-03-06,3,14.78,Suprךmes dיlices,"Boulevard Tirou, 255",Charleroi,,B-6000,Belgium,1997,3,March,1997-03,42,11.2,50,0.0,Singaporean Hokkien Fried Mee,20,5,32 - 1 kg pkgs.,7.0,26,0,0,1,Grains/Cereals,7.0,11.2,560.0,350.0,210.0,0.375,1997-03,0%
10464,FURIB,4,1997-03-04,1997-04-01,1997-03-14,2,89.0,Furia Bacalhau e Frutos do Mar,Jardim das rosas n. 32,Lisboa,,1675,Portugal,1997,3,March,1997-03,4,17.6,16,0.2,Chef Anton's Cajun Seasoning,2,2,48 - 6 oz jars,11.0,53,0,0,0,Condiments,11.0,17.6,225.28000000000003,176.0,49.28000000000003,0.2187500000000001,1997-03,10-20%
10464,FURIB,4,1997-03-04,1997-04-01,1997-03-14,2,89.0,Furia Bacalhau e Frutos do Mar,Jardim das rosas n. 32,Lisboa,,1675,Portugal,1997,3,March,1997-03,43,36.8,3,0.0,Ipoh Coffee,20,1,16 - 500 g tins,23.0,17,10,25,0,Beverages,23.0,36.8,110.39999999999999,69.0,41.39999999999999,0.37499999999999994,1997-03,0%
10464,FURIB,4,1997-03-04,1997-04-01,1997-03-14,2,89.0,Furia Bacalhau e Frutos do Mar,Jardim das rosas n. 32,Lisboa,,1675,Portugal,1997,3,March,1997-03,56,30.4,30,0.2,Gnocchi di nonna Alice,26,5,24 - 250 g pkgs.,19.0,21,10,30,0,Grains/Cereals,19.0,30.4,729.6,570.0,159.60000000000002,0.21875000000000003,1997-03,10-20%
10464,FURIB,4,1997-03-04,1997-04-01,1997-03-14,2,89.0,Furia Bacalhau e Frutos do Mar,Jardim das rosas n. 32,Lisboa,,1675,Portugal,1997,3,March,1997-03,60,27.2,20,0.0,Camembert Pierrot,28,4,15 - 300 g rounds,17.0,19,0,0,0,Dairy Products,17.0,27.2,544.0,340.0,204.0,0.375,1997-03,0%
10465,VAFFE,1,1997-03-05,1997-04-02,1997-03-14,3,145.04,Vaffeljernet,Smagsloget 45,ֵrhus,,8200,Denmark,1997,3,March,1997-03,24,3.6,25,0.0,Guaranב Fantבstica,10,1,12 - 355 ml cans,2.25,20,0,0,1,Beverages,2.25,3.6,90.0,56.25,33.75,0.375,1997-03,0%
10465,VAFFE,1,1997-03-05,1997-04-02,1997-03-14,3,145.04,Vaffeljernet,Smagsloget 45,ֵrhus,,8200,Denmark,1997,3,March,1997-03,29,99.0,18,0.1,Thringer Rostbratwurst,12,6,50 bags x 30 sausgs.,61.895,0,0,0,1,Meat/Poultry,61.895,99.0,1603.8,1114.1100000000001,489.6899999999998,0.3053310886644219,1997-03,5-10%
10465,VAFFE,1,1997-03-05,1997-04-02,1997-03-14,3,145.04,Vaffeljernet,Smagsloget 45,ֵrhus,,8200,Denmark,1997,3,March,1997-03,40,14.7,20,0.0,Boston Crab Meat,19,8,24 - 4 oz tins,9.2,123,0,30,0,Seafood,9.2,14.7,294.0,184.0,110.0,0.3741496598639456,1997-03,0%
10465,VAFFE,1,1997-03-05,1997-04-02,1997-03-14,3,145.04,Vaffeljernet,Smagsloget 45,ֵrhus,,8200,Denmark,1997,3,March,1997-03,45,7.6,30,0.1,Rogede sild,21,8,1k pkg.,4.75,5,70,15,0,Seafood,4.75,7.6,205.20000000000002,142.5,62.70000000000002,0.30555555555555564,1997-03,5-10%
10465,VAFFE,1,1997-03-05,1997-04-02,1997-03-14,3,145.04,Vaffeljernet,Smagsloget 45,ֵrhus,,8200,Denmark,1997,3,March,1997-03,50,13.0,25,0.0,Valkoinen suklaa,23,3,12 - 100 g bars,8.125,65,0,30,0,Confections,8.125,13.0,325.0,203.125,121.875,0.375,1997-03,0%
10466,COMMI,4,1997-03-06,1997-04-03,1997-03-13,1,11.93,Comיrcio Mineiro,"Av. dos Lusםadas, 23",Sao Paulo,SP,05432-043,Brazil,1997,3,March,1997-03,11,16.8,10,0.0,Queso Cabrales,5,4,1 kg pkg.,10.5,22,30,30,0,Dairy Products,10.5,16.8,168.0,105.0,63.0,0.375,1997-03,0%
10466,COMMI,4,1997-03-06,1997-04-03,1997-03-13,1,11.93,Comיrcio Mineiro,"Av. dos Lusםadas, 23",Sao Paulo,SP,05432-043,Brazil,1997,3,March,1997-03,46,9.6,5,0.0,Spegesild,21,8,4 - 450 g glasses,6.0,95,0,0,0,Seafood,6.0,9.6,48.0,30.0,18.0,0.375,1997-03,0%
10467,MAGAA,8,1997-03-06,1997-04-03,1997-03-11,2,4.93,Magazzini Alimentari Riuniti,Via Ludovico il Moro 22,Bergamo,,24100,Italy,1997,3,March,1997-03,24,3.6,28,0.0,Guaranב Fantבstica,10,1,12 - 355 ml cans,2.25,20,0,0,1,Beverages,2.25,3.6,100.8,63.0,37.8,0.375,1997-03,0%
10467,MAGAA,8,1997-03-06,1997-04-03,1997-03-11,2,4.93,Magazzini Alimentari Riuniti,Via Ludovico il Moro 22,Bergamo,,24100,Italy,1997,3,March,1997-03,25,11.2,12,0.0,NuNuCa Nu-Nougat-Creme,11,3,20 - 450 g glasses,7.0,76,0,30,0,Confections,7.0,11.2,134.39999999999998,84.0,50.39999999999998,0.3749999999999999,1997-03,0%
10468,KOENE,3,1997-03-07,1997-04-04,1997-03-12,3,44.12,Kצniglich Essen,Maubelstr. 90,Brandenburg,,14776,Germany,1997,3,March,1997-03,30,20.7,8,0.0,Nord-Ost Matjeshering,13,8,10 - 200 g glasses,12.945,10,0,15,0,Seafood,12.945,20.7,165.6,103.56,62.03999999999999,0.37463768115942025,1997-03,0%
10468,KOENE,3,1997-03-07,1997-04-04,1997-03-12,3,44.12,Kצniglich Essen,Maubelstr. 90,Brandenburg,,14776,Germany,1997,3,March,1997-03,43,36.8,15,0.0,Ipoh Coffee,20,1,16 - 500 g tins,23.0,17,10,25,0,Beverages,23.0,36.8,552.0,345.0,207.0,0.375,1997-03,0%
10469,WHITC,1,1997-03-10,1997-04-07,1997-03-14,1,60.18,White Clover Markets,1029 - 12th Ave. S.,Seattle,WA,98124,USA,1997,3,March,1997-03,2,15.2,40,0.15,Chang,1,1,24 - 12 oz bottles,9.5,17,40,25,0,Beverages,9.5,15.2,516.8,380.0,136.79999999999995,0.2647058823529411,1997-03,10-20%
10469,WHITC,1,1997-03-10,1997-04-07,1997-03-14,1,60.18,White Clover Markets,1029 - 12th Ave. S.,Seattle,WA,98124,USA,1997,3,March,1997-03,16,13.9,35,0.15,Pavlova,7,3,32 - 500 g boxes,8.725,29,0,10,0,Confections,8.725,13.9,413.525,305.375,108.14999999999998,0.2615319509098603,1997-03,10-20%
10469,WHITC,1,1997-03-10,1997-04-07,1997-03-14,1,60.18,White Clover Markets,1029 - 12th Ave. S.,Seattle,WA,98124,USA,1997,3,March,1997-03,44,15.5,2,0.15,Gula Malacca,20,2,20 - 2 kg bags,9.725,27,0,15,0,Condiments,9.725,15.5,26.349999999999998,19.45,6.899999999999999,0.2618595825426945,1997-03,10-20%
10470,BONAP,4,1997-03-11,1997-04-08,1997-03-14,2,64.56,Bon app',"12, rue des Bouchers",Marseille,,13008,France,1997,3,March,1997-03,18,50.0,30,0.0,Carnarvon Tigers,7,8,16 kg pkg.,31.25,42,0,0,0,Seafood,31.25,50.0,1500.0,937.5,562.5,0.375,1997-03,0%
10470,BONAP,4,1997-03-11,1997-04-08,1997-03-14,2,64.56,Bon app',"12, rue des Bouchers",Marseille,,13008,France,1997,3,March,1997-03,23,7.2,15,0.0,Tunnbrצd,9,5,12 - 250 g pkgs.,4.5,61,0,25,0,Grains/Cereals,4.5,7.2,108.0,67.5,40.5,0.375,1997-03,0%
10470,BONAP,4,1997-03-11,1997-04-08,1997-03-14,2,64.56,Bon app',"12, rue des Bouchers",Marseille,,13008,France,1997,3,March,1997-03,64,26.6,8,0.0,Wimmers gute Semmelknצdel,12,5,20 bags x 4 pieces,16.625,22,80,30,0,Grains/Cereals,16.625,26.6,212.8,133.0,79.80000000000001,0.37500000000000006,1997-03,0%
10471,BSBEV,2,1997-03-11,1997-04-08,1997-03-18,3,45.59,B's Beverages,Fauntleroy Circus,London,,EC2 5NT,UK,1997,3,March,1997-03,7,24.0,30,0.0,Uncle Bob's Organic Dried Pears,3,7,12 - 1 lb pkgs.,15.0,15,0,10,0,Produce,15.0,24.0,720.0,450.0,270.0,0.375,1997-03,0%
10471,BSBEV,2,1997-03-11,1997-04-08,1997-03-18,3,45.59,B's Beverages,Fauntleroy Circus,London,,EC2 5NT,UK,1997,3,March,1997-03,56,30.4,20,0.0,Gnocchi di nonna Alice,26,5,24 - 250 g pkgs.,19.0,21,10,30,0,Grains/Cereals,19.0,30.4,608.0,380.0,228.0,0.375,1997-03,0%
10472,SEVES,8,1997-03-12,1997-04-09,1997-03-19,1,4.2,Seven Seas Imports,90 Wadhurst Rd.,London,,OX15 4NB,UK,1997,3,March,1997-03,24,3.6,80,0.05,Guaranב Fantבstica,10,1,12 - 355 ml cans,2.25,20,0,0,1,Beverages,2.25,3.6,273.59999999999997,180.0,93.59999999999997,0.34210526315789463,1997-03,0-5%
10472,SEVES,8,1997-03-12,1997-04-09,1997-03-19,1,4.2,Seven Seas Imports,90 Wadhurst Rd.,London,,OX15 4NB,UK,1997,3,March,1997-03,51,42.4,18,0.0,Manjimup Dried Apples,24,7,50 - 300 g pkgs.,26.5,20,0,10,0,Produce,26.5,42.4,763.1999999999999,477.0,286.19999999999993,0.37499999999999994,1997-03,0%
10473,ISLAT,1,1997-03-13,1997-03-27,1997-03-21,3,16.37,Island Trading,Garden House Crowther Way,Cowes,Isle of Wight,PO31 7PJ,UK,1997,3,March,1997-03,33,2.0,12,0.0,Geitost,15,4,500 g,1.25,112,0,20,0,Dairy Products,1.25,2.0,24.0,15.0,9.0,0.375,1997-03,0%
10473,ISLAT,1,1997-03-13,1997-03-27,1997-03-21,3,16.37,Island Trading,Garden House Crowther Way,Cowes,Isle of Wight,PO31 7PJ,UK,1997,3,March,1997-03,71,17.2,12,0.0,Flotemysost,15,4,10 - 500 g pkgs.,10.75,26,0,0,0,Dairy Products,10.75,17.2,206.39999999999998,129.0,77.39999999999998,0.37499999999999994,1997-03,0%
10474,PERIC,5,1997-03-13,1997-04-10,1997-03-21,2,83.49,Pericles Comidas clבsicas,Calle Dr. Jorge Cash 321,Mיxico D.F.,,5033,Mexico,1997,3,March,1997-03,14,18.6,12,0.0,Tofu,6,7,40 - 100 g pkgs.,11.625,35,0,0,0,Produce,11.625,18.6,223.20000000000002,139.5,83.70000000000002,0.37500000000000006,1997-03,0%
10474,PERIC,5,1997-03-13,1997-04-10,1997-03-21,2,83.49,Pericles Comidas clבsicas,Calle Dr. Jorge Cash 321,Mיxico D.F.,,5033,Mexico,1997,3,March,1997-03,28,36.4,18,0.0,Rצssle Sauerkraut,12,7,25 - 825 g cans,22.8,26,0,0,1,Produce,22.8,36.4,655.1999999999999,410.40000000000003,244.7999999999999,0.3736263736263735,1997-03,0%
10474,PERIC,5,1997-03-13,1997-04-10,1997-03-21,2,83.49,Pericles Comidas clבsicas,Calle Dr. Jorge Cash 321,Mיxico D.F.,,5033,Mexico,1997,3,March,1997-03,40,14.7,21,0.0,Boston Crab Meat,19,8,24 - 4 oz tins,9.2,123,0,30,0,Seafood,9.2,14.7,308.7,193.2,115.5,0.3741496598639456,1997-03,0%
10474,PERIC,5,1997-03-13,1997-04-10,1997-03-21,2,83.49,Pericles Comidas clבsicas,Calle Dr. Jorge Cash 321,Mיxico D.F.,,5033,Mexico,1997,3,March,1997-03,75,6.2,10,0.0,Rhצnbrהu Klosterbier,12,1,24 - 0.5 l bottles,3.875,125,0,25,0,Beverages,3.875,6.2,62.0,38.75,23.25,0.375,1997-03,0%
10475,SUPRD,9,1997-03-14,1997-04-11,1997-04-04,1,68.52,Suprךmes dיlices,"Boulevard Tirou, 255",Charleroi,,B-6000,Belgium,1997,3,March,1997-03,31,10.0,35,0.15,Gorgonzola Telino,14,4,12 - 100 g pkgs,6.25,0,70,20,0,Dairy Products,6.25,10.0,297.5,218.75,78.75,0.2647058823529412,1997-03,10-20%
10475,SUPRD,9,1997-03-14,1997-04-11,1997-04-04,1,68.52,Suprךmes dיlices,"Boulevard Tirou, 255",Charleroi,,B-6000,Belgium,1997,3,March,1997-03,66,13.6,60,0.15,Louisiana Hot Spiced Okra,2,2,24 - 8 oz jars,8.5,4,100,20,0,Condiments,8.5,13.6,693.6,510.0,183.60000000000002,0.2647058823529412,1997-03,10-20%
10475,SUPRD,9,1997-03-14,1997-04-11,1997-04-04,1,68.52,Suprךmes dיlices,"Boulevard Tirou, 255",Charleroi,,B-6000,Belgium,1997,3,March,1997-03,76,14.4,42,0.15,Lakkalikצצri,23,1,500 ml,9.0,57,0,20,0,Beverages,9.0,14.4,514.08,378.0,136.08000000000004,0.26470588235294124,1997-03,10-20%
10476,HILAA,8,1997-03-17,1997-04-14,1997-03-24,3,4.41,HILARION-Abastos,Carrera 22 con Ave. Carlos Soublette #8-35,San Cristףbal,Tבchira,5022,Venezuela,1997,3,March,1997-03,55,19.2,2,0.05,Pגtי chinois,25,6,24 boxes x 2 pies,12.0,115,0,20,0,Meat/Poultry,12.0,19.2,36.48,24.0,12.479999999999997,0.3421052631578947,1997-03,0-5%
10476,HILAA,8,1997-03-17,1997-04-14,1997-03-24,3,4.41,HILARION-Abastos,Carrera 22 con Ave. Carlos Soublette #8-35,San Cristףbal,Tבchira,5022,Venezuela,1997,3,March,1997-03,70,12.0,12,0.0,Outback Lager,7,1,24 - 355 ml bottles,7.5,15,10,30,0,Beverages,7.5,12.0,144.0,90.0,54.0,0.375,1997-03,0%
10477,PRINI,5,1997-03-17,1997-04-14,1997-03-25,2,13.02,Princesa Isabel Vinhos,Estrada da saתde n. 58,Lisboa,,1756,Portugal,1997,3,March,1997-03,1,14.4,15,0.0,Chai,1,1,10 boxes x 20 bags,9.0,39,0,10,0,Beverages,9.0,14.4,216.0,135.0,81.0,0.375,1997-03,0%
10477,PRINI,5,1997-03-17,1997-04-14,1997-03-25,2,13.02,Princesa Isabel Vinhos,Estrada da saתde n. 58,Lisboa,,1756,Portugal,1997,3,March,1997-03,21,8.0,21,0.25,Sir Rodney's Scones,8,3,24 pkgs. x 4 pieces,5.0,3,40,5,0,Confections,5.0,8.0,126.0,105.0,21.0,0.16666666666666666,1997-03,20%+
10477,PRINI,5,1997-03-17,1997-04-14,1997-03-25,2,13.02,Princesa Isabel Vinhos,Estrada da saתde n. 58,Lisboa,,1756,Portugal,1997,3,March,1997-03,39,14.4,20,0.25,Chartreuse verte,18,1,750 cc per bottle,9.0,69,0,5,0,Beverages,9.0,14.4,216.0,180.0,36.0,0.16666666666666666,1997-03,20%+
10478,VICTE,2,1997-03-18,1997-04-01,1997-03-26,3,4.81,Victuailles en stock,"2, rue du Commerce",Lyon,,69004,France,1997,3,March,1997-03,10,24.8,20,0.05,Ikura,4,8,12 - 200 ml jars,15.5,31,0,0,0,Seafood,15.5,24.8,471.2,310.0,161.2,0.34210526315789475,1997-03,0-5%
10479,RATTC,3,1997-03-19,1997-04-16,1997-03-21,3,708.95,Rattlesnake Canyon Grocery,2817 Milton Dr.,Albuquerque,NM,87110,USA,1997,3,March,1997-03,38,210.8,30,0.0,Cפte de Blaye,18,1,12 - 75 cl bottles,131.75,17,0,15,0,Beverages,131.75,210.8,6324.0,3952.5,2371.5,0.375,1997-03,0%
10479,RATTC,3,1997-03-19,1997-04-16,1997-03-21,3,708.95,Rattlesnake Canyon Grocery,2817 Milton Dr.,Albuquerque,NM,87110,USA,1997,3,March,1997-03,53,26.2,28,0.0,Perth Pasties,24,6,48 pieces,16.4,0,0,0,1,Meat/Poultry,16.4,26.2,733.6,459.19999999999993,274.4000000000001,0.3740458015267177,1997-03,0%
10479,RATTC,3,1997-03-19,1997-04-16,1997-03-21,3,708.95,Rattlesnake Canyon Grocery,2817 Milton Dr.,Albuquerque,NM,87110,USA,1997,3,March,1997-03,59,44.0,60,0.0,Raclette Courdavault,28,4,5 kg pkg.,27.5,79,0,0,0,Dairy Products,27.5,44.0,2640.0,1650.0,990.0,0.375,1997-03,0%
10479,RATTC,3,1997-03-19,1997-04-16,1997-03-21,3,708.95,Rattlesnake Canyon Grocery,2817 Milton Dr.,Albuquerque,NM,87110,USA,1997,3,March,1997-03,64,26.6,30,0.0,Wimmers gute Semmelknצdel,12,5,20 bags x 4 pieces,16.625,22,80,30,0,Grains/Cereals,16.625,26.6,798.0,498.75,299.25,0.375,1997-03,0%
10480,FOLIG,6,1997-03-20,1997-04-17,1997-03-24,2,1.35,Folies gourmandes,"184, chaussיe de Tournai",Lille,,59000,France,1997,3,March,1997-03,47,7.6,30,0.0,Zaanse koeken,22,3,10 - 4 oz boxes,4.75,36,0,0,0,Confections,4.75,7.6,228.0,142.5,85.5,0.375,1997-03,0%
10480,FOLIG,6,1997-03-20,1997-04-17,1997-03-24,2,1.35,Folies gourmandes,"184, chaussיe de Tournai",Lille,,59000,France,1997,3,March,1997-03,59,44.0,12,0.0,Raclette Courdavault,28,4,5 kg pkg.,27.5,79,0,0,0,Dairy Products,27.5,44.0,528.0,330.0,198.0,0.375,1997-03,0%
10481,RICAR,8,1997-03-20,1997-04-17,1997-03-25,2,64.33,Ricardo Adocicados,"Av. Copacabana, 267",Rio de Janeiro,RJ,02389-890,Brazil,1997,3,March,1997-03,49,16.0,24,0.0,Maxilaku,23,3,24 - 50 g pkgs.,10.0,10,60,15,0,Confections,10.0,16.0,384.0,240.0,144.0,0.375,1997-03,0%
10481,RICAR,8,1997-03-20,1997-04-17,1997-03-25,2,64.33,Ricardo Adocicados,"Av. Copacabana, 267",Rio de Janeiro,RJ,02389-890,Brazil,1997,3,March,1997-03,60,27.2,40,0.0,Camembert Pierrot,28,4,15 - 300 g rounds,17.0,19,0,0,0,Dairy Products,17.0,27.2,1088.0,680.0,408.0,0.375,1997-03,0%
10482,LAZYK,1,1997-03-21,1997-04-18,1997-04-10,3,7.48,Lazy K Kountry Store,12 Orchestra Terrace,Walla Walla,WA,99362,USA,1997,3,March,1997-03,40,14.7,10,0.0,Boston Crab Meat,19,8,24 - 4 oz tins,9.2,123,0,30,0,Seafood,9.2,14.7,147.0,92.0,55.0,0.3741496598639456,1997-03,0%
10483,WHITC,7,1997-03-24,1997-04-21,1997-04-25,2,15.28,White Clover Markets,1029 - 12th Ave. S.,Seattle,WA,98124,USA,1997,3,March,1997-03,34,11.2,35,0.05,Sasquatch Ale,16,1,24 - 12 oz bottles,7.0,111,0,15,0,Beverages,7.0,11.2,372.4,245.0,127.39999999999998,0.3421052631578947,1997-03,0-5%
10483,WHITC,7,1997-03-24,1997-04-21,1997-04-25,2,15.28,White Clover Markets,1029 - 12th Ave. S.,Seattle,WA,98124,USA,1997,3,March,1997-03,77,10.4,30,0.05,Original Frankfurter grne Soe,12,2,12 boxes,6.5,32,0,15,0,Condiments,6.5,10.4,296.4,195.0,101.39999999999998,0.3421052631578947,1997-03,0-5%
10484,BSBEV,3,1997-03-24,1997-04-21,1997-04-01,3,6.88,B's Beverages,Fauntleroy Circus,London,,EC2 5NT,UK,1997,3,March,1997-03,21,8.0,14,0.0,Sir Rodney's Scones,8,3,24 pkgs. x 4 pieces,5.0,3,40,5,0,Confections,5.0,8.0,112.0,70.0,42.0,0.375,1997-03,0%
10484,BSBEV,3,1997-03-24,1997-04-21,1997-04-01,3,6.88,B's Beverages,Fauntleroy Circus,London,,EC2 5NT,UK,1997,3,March,1997-03,40,14.7,10,0.0,Boston Crab Meat,19,8,24 - 4 oz tins,9.2,123,0,30,0,Seafood,9.2,14.7,147.0,92.0,55.0,0.3741496598639456,1997-03,0%
10484,BSBEV,3,1997-03-24,1997-04-21,1997-04-01,3,6.88,B's Beverages,Fauntleroy Circus,London,,EC2 5NT,UK,1997,3,March,1997-03,51,42.4,3,0.0,Manjimup Dried Apples,24,7,50 - 300 g pkgs.,26.5,20,0,10,0,Produce,26.5,42.4,127.19999999999999,79.5,47.69999999999999,0.37499999999999994,1997-03,0%
10485,LINOD,4,1997-03-25,1997-04-08,1997-03-31,2,64.45,LINO-Delicateses,Ave. 5 de Mayo Porlamar,I. de Margarita,Nueva Esparta,4980,Venezuela,1997,3,March,1997-03,2,15.2,20,0.1,Chang,1,1,24 - 12 oz bottles,9.5,17,40,25,0,Beverages,9.5,15.2,273.6,190.0,83.60000000000002,0.30555555555555564,1997-03,5-10%
10485,LINOD,4,1997-03-25,1997-04-08,1997-03-31,2,64.45,LINO-Delicateses,Ave. 5 de Mayo Porlamar,I. de Margarita,Nueva Esparta,4980,Venezuela,1997,3,March,1997-03,3,8.0,20,0.1,Aniseed Syrup,1,2,12 - 550 ml bottles,5.0,13,70,25,0,Condiments,5.0,8.0,144.0,100.0,44.0,0.3055555555555556,1997-03,5-10%
10485,LINOD,4,1997-03-25,1997-04-08,1997-03-31,2,64.45,LINO-Delicateses,Ave. 5 de Mayo Porlamar,I. de Margarita,Nueva Esparta,4980,Venezuela,1997,3,March,1997-03,55,19.2,30,0.1,Pגtי chinois,25,6,24 boxes x 2 pies,12.0,115,0,20,0,Meat/Poultry,12.0,19.2,518.4,360.0,158.39999999999998,0.3055555555555555,1997-03,5-10%
10485,LINOD,4,1997-03-25,1997-04-08,1997-03-31,2,64.45,LINO-Delicateses,Ave. 5 de Mayo Porlamar,I. de Margarita,Nueva Esparta,4980,Venezuela,1997,3,March,1997-03,70,12.0,60,0.1,Outback Lager,7,1,24 - 355 ml bottles,7.5,15,10,30,0,Beverages,7.5,12.0,648.0,450.0,198.0,0.3055555555555556,1997-03,5-10%
10486,HILAA,1,1997-03-26,1997-04-23,1997-04-02,2,30.53,HILARION-Abastos,Carrera 22 con Ave. Carlos Soublette #8-35,San Cristףbal,Tבchira,5022,Venezuela,1997,3,March,1997-03,11,16.8,5,0.0,Queso Cabrales,5,4,1 kg pkg.,10.5,22,30,30,0,Dairy Products,10.5,16.8,84.0,52.5,31.5,0.375,1997-03,0%
10486,HILAA,1,1997-03-26,1997-04-23,1997-04-02,2,30.53,HILARION-Abastos,Carrera 22 con Ave. Carlos Soublette #8-35,San Cristףbal,Tבchira,5022,Venezuela,1997,3,March,1997-03,51,42.4,25,0.0,Manjimup Dried Apples,24,7,50 - 300 g pkgs.,26.5,20,0,10,0,Produce,26.5,42.4,1060.0,662.5,397.5,0.375,1997-03,0%
10486,HILAA,1,1997-03-26,1997-04-23,1997-04-02,2,30.53,HILARION-Abastos,Carrera 22 con Ave. Carlos Soublette #8-35,San Cristףbal,Tבchira,5022,Venezuela,1997,3,March,1997-03,74,8.0,16,0.0,Longlife Tofu,4,7,5 kg pkg.,5.0,4,20,5,0,Produce,5.0,8.0,128.0,80.0,48.0,0.375,1997-03,0%
10487,QUEEN,2,1997-03-26,1997-04-23,1997-03-28,2,71.07,Queen Cozinha,"Alameda dos Canאrios, 891",Sao Paulo,SP,05487-020,Brazil,1997,3,March,1997-03,19,7.3,5,0.0,Teatime Chocolate Biscuits,8,3,10 boxes x 12 pieces,4.6,25,0,5,0,Confections,4.6,7.3,36.5,23.0,13.5,0.3698630136986301,1997-03,0%
10487,QUEEN,2,1997-03-26,1997-04-23,1997-03-28,2,71.07,Queen Cozinha,"Alameda dos Canאrios, 891",Sao Paulo,SP,05487-020,Brazil,1997,3,March,1997-03,26,24.9,30,0.0,Gumbהr Gummibהrchen,11,3,100 - 250 g bags,15.615,15,0,0,0,Confections,15.615,24.9,747.0,468.45,278.55,0.37289156626506026,1997-03,0%
10487,QUEEN,2,1997-03-26,1997-04-23,1997-03-28,2,71.07,Queen Cozinha,"Alameda dos Canאrios, 891",Sao Paulo,SP,05487-020,Brazil,1997,3,March,1997-03,54,5.9,24,0.25,Tourtiטre,25,6,16 pies,3.725,21,0,10,0,Meat/Poultry,3.725,5.9,106.20000000000002,89.4,16.80000000000001,0.1581920903954803,1997-03,20%+
10488,FRANK,8,1997-03-27,1997-04-24,1997-04-02,2,4.93,Frankenversand,Berliner Platz 43,Mnchen,,80805,Germany,1997,3,March,1997-03,59,44.0,30,0.0,Raclette Courdavault,28,4,5 kg pkg.,27.5,79,0,0,0,Dairy Products,27.5,44.0,1320.0,825.0,495.0,0.375,1997-03,0%
10488,FRANK,8,1997-03-27,1997-04-24,1997-04-02,2,4.93,Frankenversand,Berliner Platz 43,Mnchen,,80805,Germany,1997,3,March,1997-03,73,12.0,20,0.2,Rצd Kaviar,17,8,24 - 150 g jars,7.5,101,0,5,0,Seafood,7.5,12.0,192.0,150.0,42.0,0.21875,1997-03,10-20%
10489,PICCO,6,1997-03-28,1997-04-25,1997-04-09,2,5.29,Piccolo und mehr,Geislweg 14,Salzburg,,5020,Austria,1997,3,March,1997-03,11,16.8,15,0.25,Queso Cabrales,5,4,1 kg pkg.,10.5,22,30,30,0,Dairy Products,10.5,16.8,189.0,157.5,31.5,0.16666666666666666,1997-03,20%+
10489,PICCO,6,1997-03-28,1997-04-25,1997-04-09,2,5.29,Piccolo und mehr,Geislweg 14,Salzburg,,5020,Austria,1997,3,March,1997-03,16,13.9,18,0.0,Pavlova,7,3,32 - 500 g boxes,8.725,29,0,10,0,Confections,8.725,13.9,250.20000000000002,157.04999999999998,93.15000000000003,0.3723021582733814,1997-03,0%
10490,HILAA,7,1997-03-31,1997-04-28,1997-04-03,2,210.19,HILARION-Abastos,Carrera 22 con Ave. Carlos Soublette #8-35,San Cristףbal,Tבchira,5022,Venezuela,1997,3,March,1997-03,59,44.0,60,0.0,Raclette Courdavault,28,4,5 kg pkg.,27.5,79,0,0,0,Dairy Products,27.5,44.0,2640.0,1650.0,990.0,0.375,1997-03,0%
10490,HILAA,7,1997-03-31,1997-04-28,1997-04-03,2,210.19,HILARION-Abastos,Carrera 22 con Ave. Carlos Soublette #8-35,San Cristףbal,Tבchira,5022,Venezuela,1997,3,March,1997-03,68,10.0,30,0.0,Scottish Longbreads,8,3,10 boxes x 8 pieces,6.25,6,10,15,0,Confections,6.25,10.0,300.0,187.5,112.5,0.375,1997-03,0%
10490,HILAA,7,1997-03-31,1997-04-28,1997-04-03,2,210.19,HILARION-Abastos,Carrera 22 con Ave. Carlos Soublette #8-35,San Cristףbal,Tבchira,5022,Venezuela,1997,3,March,1997-03,75,6.2,36,0.0,Rhצnbrהu Klosterbier,12,1,24 - 0.5 l bottles,3.875,125,0,25,0,Beverages,3.875,6.2,223.20000000000002,139.5,83.70000000000002,0.37500000000000006,1997-03,0%
10491,FURIB,8,1997-03-31,1997-04-28,1997-04-08,3,16.96,Furia Bacalhau e Frutos do Mar,Jardim das rosas n. 32,Lisboa,,1675,Portugal,1997,3,March,1997-03,44,15.5,15,0.15,Gula Malacca,20,2,20 - 2 kg bags,9.725,27,0,15,0,Condiments,9.725,15.5,197.625,145.875,51.75,0.2618595825426945,1997-03,10-20%
10491,FURIB,8,1997-03-31,1997-04-28,1997-04-08,3,16.96,Furia Bacalhau e Frutos do Mar,Jardim das rosas n. 32,Lisboa,,1675,Portugal,1997,3,March,1997-03,77,10.4,7,0.15,Original Frankfurter grne Soe,12,2,12 boxes,6.5,32,0,15,0,Condiments,6.5,10.4,61.879999999999995,45.5,16.379999999999995,0.2647058823529411,1997-03,10-20%
10492,BOTTM,3,1997-04-01,1997-04-29,1997-04-11,1,62.89,Bottom-Dollar Markets,23 Tsawassen Blvd.,Tsawassen,BC,T2F 8M4,Canada,1997,4,April,1997-04,25,11.2,60,0.05,NuNuCa Nu-Nougat-Creme,11,3,20 - 450 g glasses,7.0,76,0,30,0,Confections,7.0,11.2,638.4,420.0,218.39999999999998,0.3421052631578947,1997-04,0-5%
10492,BOTTM,3,1997-04-01,1997-04-29,1997-04-11,1,62.89,Bottom-Dollar Markets,23 Tsawassen Blvd.,Tsawassen,BC,T2F 8M4,Canada,1997,4,April,1997-04,42,11.2,20,0.05,Singaporean Hokkien Fried Mee,20,5,32 - 1 kg pkgs.,7.0,26,0,0,1,Grains/Cereals,7.0,11.2,212.79999999999998,140.0,72.79999999999998,0.3421052631578947,1997-04,0-5%
10493,LAMAI,4,1997-04-02,1997-04-30,1997-04-10,3,10.64,La maison d'Asie,1 rue Alsace-Lorraine,Toulouse,,31000,France,1997,4,April,1997-04,65,16.8,15,0.1,Louisiana Fiery Hot Pepper Sauce,2,2,32 - 8 oz bottles,10.525,76,0,0,0,Condiments,10.525,16.8,226.8,157.875,68.92500000000001,0.30390211640211645,1997-04,5-10%
10493,LAMAI,4,1997-04-02,1997-04-30,1997-04-10,3,10.64,La maison d'Asie,1 rue Alsace-Lorraine,Toulouse,,31000,France,1997,4,April,1997-04,66,13.6,10,0.1,Louisiana Hot Spiced Okra,2,2,24 - 8 oz jars,8.5,4,100,20,0,Condiments,8.5,13.6,122.4,85.0,37.400000000000006,0.3055555555555556,1997-04,5-10%
10493,LAMAI,4,1997-04-02,1997-04-30,1997-04-10,3,10.64,La maison d'Asie,1 rue Alsace-Lorraine,Toulouse,,31000,France,1997,4,April,1997-04,69,28.8,10,0.1,Gudbrandsdalsost,15,4,10 kg pkg.,18.0,26,0,15,0,Dairy Products,18.0,28.8,259.2,180.0,79.19999999999999,0.3055555555555555,1997-04,5-10%
10494,COMMI,4,1997-04-02,1997-04-30,1997-04-09,2,65.99,Comיrcio Mineiro,"Av. dos Lusםadas, 23",Sao Paulo,SP,05432-043,Brazil,1997,4,April,1997-04,56,30.4,30,0.0,Gnocchi di nonna Alice,26,5,24 - 250 g pkgs.,19.0,21,10,30,0,Grains/Cereals,19.0,30.4,912.0,570.0,342.0,0.375,1997-04,0%
10495,LAUGB,3,1997-04-03,1997-05-01,1997-04-11,3,4.65,Laughing Bacchus Wine Cellars,2319 Elm St.,Vancouver,BC,V3F 2K1,Canada,1997,4,April,1997-04,23,7.2,10,0.0,Tunnbrצd,9,5,12 - 250 g pkgs.,4.5,61,0,25,0,Grains/Cereals,4.5,7.2,72.0,45.0,27.0,0.375,1997-04,0%
10495,LAUGB,3,1997-04-03,1997-05-01,1997-04-11,3,4.65,Laughing Bacchus Wine Cellars,2319 Elm St.,Vancouver,BC,V3F 2K1,Canada,1997,4,April,1997-04,41,7.7,20,0.0,Jack's New England Clam Chowder,19,8,12 - 12 oz cans,4.825,85,0,10,0,Seafood,4.825,7.7,154.0,96.5,57.5,0.37337662337662336,1997-04,0%
10495,LAUGB,3,1997-04-03,1997-05-01,1997-04-11,3,4.65,Laughing Bacchus Wine Cellars,2319 Elm St.,Vancouver,BC,V3F 2K1,Canada,1997,4,April,1997-04,77,10.4,5,0.0,Original Frankfurter grne Soe,12,2,12 boxes,6.5,32,0,15,0,Condiments,6.5,10.4,52.0,32.5,19.5,0.375,1997-04,0%
10496,TRADH,7,1997-04-04,1997-05-02,1997-04-07,2,46.77,Tradiחao Hipermercados,"Av. Inךs de Castro, 414",Sao Paulo,SP,05634-030,Brazil,1997,4,April,1997-04,31,10.0,20,0.05,Gorgonzola Telino,14,4,12 - 100 g pkgs,6.25,0,70,20,0,Dairy Products,6.25,10.0,190.0,125.0,65.0,0.34210526315789475,1997-04,0-5%
10497,LEHMS,7,1997-04-04,1997-05-02,1997-04-07,1,36.21,Lehmanns Marktstand,Magazinweg 7,Frankfurt a.M.,,60528,Germany,1997,4,April,1997-04,56,30.4,14,0.0,Gnocchi di nonna Alice,26,5,24 - 250 g pkgs.,19.0,21,10,30,0,Grains/Cereals,19.0,30.4,425.59999999999997,266.0,159.59999999999997,0.37499999999999994,1997-04,0%
10497,LEHMS,7,1997-04-04,1997-05-02,1997-04-07,1,36.21,Lehmanns Marktstand,Magazinweg 7,Frankfurt a.M.,,60528,Germany,1997,4,April,1997-04,72,27.8,25,0.0,Mozzarella di Giovanni,14,4,24 - 200 g pkgs.,17.4,14,0,0,0,Dairy Products,17.4,27.8,695.0,434.99999999999994,260.00000000000006,0.3741007194244605,1997-04,0%
10497,LEHMS,7,1997-04-04,1997-05-02,1997-04-07,1,36.21,Lehmanns Marktstand,Magazinweg 7,Frankfurt a.M.,,60528,Germany,1997,4,April,1997-04,77,10.4,25,0.0,Original Frankfurter grne Soe,12,2,12 boxes,6.5,32,0,15,0,Condiments,6.5,10.4,260.0,162.5,97.5,0.375,1997-04,0%
10498,HILAA,8,1997-04-07,1997-05-05,1997-04-11,2,29.75,HILARION-Abastos,Carrera 22 con Ave. Carlos Soublette #8-35,San Cristףbal,Tבchira,5022,Venezuela,1997,4,April,1997-04,24,4.5,14,0.0,Guaranב Fantבstica,10,1,12 - 355 ml cans,2.25,20,0,0,1,Beverages,2.25,4.5,63.0,31.5,31.5,0.5,1997-04,0%
10498,HILAA,8,1997-04-07,1997-05-05,1997-04-11,2,29.75,HILARION-Abastos,Carrera 22 con Ave. Carlos Soublette #8-35,San Cristףbal,Tבchira,5022,Venezuela,1997,4,April,1997-04,40,18.4,5,0.0,Boston Crab Meat,19,8,24 - 4 oz tins,9.2,123,0,30,0,Seafood,9.2,18.4,92.0,46.0,46.0,0.5,1997-04,0%
10498,HILAA,8,1997-04-07,1997-05-05,1997-04-11,2,29.75,HILARION-Abastos,Carrera 22 con Ave. Carlos Soublette #8-35,San Cristףbal,Tבchira,5022,Venezuela,1997,4,April,1997-04,42,14.0,30,0.0,Singaporean Hokkien Fried Mee,20,5,32 - 1 kg pkgs.,7.0,26,0,0,1,Grains/Cereals,7.0,14.0,420.0,210.0,210.0,0.5,1997-04,0%
10499,LILAS,4,1997-04-08,1997-05-06,1997-04-16,2,102.02,LILA-Supermercado,Carrera 52 con Ave. Bolםvar #65-98 Llano Largo,Barquisimeto,Lara,3508,Venezuela,1997,4,April,1997-04,28,45.6,20,0.0,Rצssle Sauerkraut,12,7,25 - 825 g cans,22.8,26,0,0,1,Produce,22.8,45.6,912.0,456.0,456.0,0.5,1997-04,0%
10499,LILAS,4,1997-04-08,1997-05-06,1997-04-16,2,102.02,LILA-Supermercado,Carrera 52 con Ave. Bolםvar #65-98 Llano Largo,Barquisimeto,Lara,3508,Venezuela,1997,4,April,1997-04,49,20.0,25,0.0,Maxilaku,23,3,24 - 50 g pkgs.,10.0,10,60,15,0,Confections,10.0,20.0,500.0,250.0,250.0,0.5,1997-04,0%
10500,LAMAI,6,1997-04-09,1997-05-07,1997-04-17,1,42.68,La maison d'Asie,1 rue Alsace-Lorraine,Toulouse,,31000,France,1997,4,April,1997-04,15,15.5,12,0.05,Genen Shouyu,6,2,24 - 250 ml bottles,7.75,39,0,5,0,Condiments,7.75,15.5,176.7,93.0,83.69999999999999,0.47368421052631576,1997-04,0-5%
10500,LAMAI,6,1997-04-09,1997-05-07,1997-04-17,1,42.68,La maison d'Asie,1 rue Alsace-Lorraine,Toulouse,,31000,France,1997,4,April,1997-04,28,45.6,8,0.05,Rצssle Sauerkraut,12,7,25 - 825 g cans,22.8,26,0,0,1,Produce,22.8,45.6,346.56,182.4,164.16,0.47368421052631576,1997-04,0-5%
10501,BLAUS,9,1997-04-09,1997-05-07,1997-04-16,3,8.85,Blauer See Delikatessen,Forsterstr. 57,Mannheim,,68306,Germany,1997,4,April,1997-04,54,7.45,20,0.0,Tourtiטre,25,6,16 pies,3.725,21,0,10,0,Meat/Poultry,3.725,7.45,149.0,74.5,74.5,0.5,1997-04,0%
10502,PERIC,2,1997-04-10,1997-05-08,1997-04-29,1,69.32,Pericles Comidas clבsicas,Calle Dr. Jorge Cash 321,Mיxico D.F.,,5033,Mexico,1997,4,April,1997-04,45,9.5,21,0.0,Rogede sild,21,8,1k pkg.,4.75,5,70,15,0,Seafood,4.75,9.5,199.5,99.75,99.75,0.5,1997-04,0%
10502,PERIC,2,1997-04-10,1997-05-08,1997-04-29,1,69.32,Pericles Comidas clבsicas,Calle Dr. Jorge Cash 321,Mיxico D.F.,,5033,Mexico,1997,4,April,1997-04,53,32.8,6,0.0,Perth Pasties,24,6,48 pieces,16.4,0,0,0,1,Meat/Poultry,16.4,32.8,196.79999999999998,98.39999999999999,98.39999999999999,0.5,1997-04,0%
10502,PERIC,2,1997-04-10,1997-05-08,1997-04-29,1,69.32,Pericles Comidas clבsicas,Calle Dr. Jorge Cash 321,Mיxico D.F.,,5033,Mexico,1997,4,April,1997-04,67,14.0,30,0.0,Laughing Lumberjack Lager,16,1,24 - 12 oz bottles,7.0,52,0,10,0,Beverages,7.0,14.0,420.0,210.0,210.0,0.5,1997-04,0%
10503,HUNGO,6,1997-04-11,1997-05-09,1997-04-16,2,16.74,Hungry Owl All-Night Grocers,8 Johnstown Road,Cork,Co. Cork,,Ireland,1997,4,April,1997-04,14,23.25,70,0.0,Tofu,6,7,40 - 100 g pkgs.,11.625,35,0,0,0,Produce,11.625,23.25,1627.5,813.75,813.75,0.5,1997-04,0%
10503,HUNGO,6,1997-04-11,1997-05-09,1997-04-16,2,16.74,Hungry Owl All-Night Grocers,8 Johnstown Road,Cork,Co. Cork,,Ireland,1997,4,April,1997-04,65,21.05,20,0.0,Louisiana Fiery Hot Pepper Sauce,2,2,32 - 8 oz bottles,10.525,76,0,0,0,Condiments,10.525,21.05,421.0,210.5,210.5,0.5,1997-04,0%
10504,WHITC,4,1997-04-11,1997-05-09,1997-04-18,3,59.13,White Clover Markets,1029 - 12th Ave. S.,Seattle,WA,98124,USA,1997,4,April,1997-04,2,19.0,12,0.0,Chang,1,1,24 - 12 oz bottles,9.5,17,40,25,0,Beverages,9.5,19.0,228.0,114.0,114.0,0.5,1997-04,0%
10504,WHITC,4,1997-04-11,1997-05-09,1997-04-18,3,59.13,White Clover Markets,1029 - 12th Ave. S.,Seattle,WA,98124,USA,1997,4,April,1997-04,21,10.0,12,0.0,Sir Rodney's Scones,8,3,24 pkgs. x 4 pieces,5.0,3,40,5,0,Confections,5.0,10.0,120.0,60.0,60.0,0.5,1997-04,0%
10504,WHITC,4,1997-04-11,1997-05-09,1997-04-18,3,59.13,White Clover Markets,1029 - 12th Ave. S.,Seattle,WA,98124,USA,1997,4,April,1997-04,53,32.8,10,0.0,Perth Pasties,24,6,48 pieces,16.4,0,0,0,1,Meat/Poultry,16.4,32.8,328.0,164.0,164.0,0.5,1997-04,0%
10504,WHITC,4,1997-04-11,1997-05-09,1997-04-18,3,59.13,White Clover Markets,1029 - 12th Ave. S.,Seattle,WA,98124,USA,1997,4,April,1997-04,61,28.5,25,0.0,Sirop d'יrable,29,2,24 - 500 ml bottles,14.25,113,0,25,0,Condiments,14.25,28.5,712.5,356.25,356.25,0.5,1997-04,0%
10505,MEREP,3,1997-04-14,1997-05-12,1997-04-21,3,7.13,Mטre Paillarde,43 rue St. Laurent,Montrיal,Quיbec,H1J 1C3,Canada,1997,4,April,1997-04,62,49.3,3,0.0,Tarte au sucre,29,3,48 pies,24.65,17,0,0,0,Confections,24.65,49.3,147.89999999999998,73.94999999999999,73.94999999999999,0.5,1997-04,0%
10506,KOENE,9,1997-04-15,1997-05-13,1997-05-02,2,21.19,Kצniglich Essen,Maubelstr. 90,Brandenburg,,14776,Germany,1997,4,April,1997-04,25,14.0,18,0.1,NuNuCa Nu-Nougat-Creme,11,3,20 - 450 g glasses,7.0,76,0,30,0,Confections,7.0,14.0,226.8,126.0,100.80000000000001,0.4444444444444445,1997-04,5-10%
10506,KOENE,9,1997-04-15,1997-05-13,1997-05-02,2,21.19,Kצniglich Essen,Maubelstr. 90,Brandenburg,,14776,Germany,1997,4,April,1997-04,70,15.0,14,0.1,Outback Lager,7,1,24 - 355 ml bottles,7.5,15,10,30,0,Beverages,7.5,15.0,189.0,105.0,84.0,0.4444444444444444,1997-04,5-10%
10507,ANTON,7,1997-04-15,1997-05-13,1997-04-22,1,47.45,Antonio Moreno Taquerםa,Mataderos  2312,Mיxico D.F.,,5023,Mexico,1997,4,April,1997-04,43,46.0,15,0.15,Ipoh Coffee,20,1,16 - 500 g tins,23.0,17,10,25,0,Beverages,23.0,46.0,586.5,345.0,241.5,0.4117647058823529,1997-04,10-20%
10507,ANTON,7,1997-04-15,1997-05-13,1997-04-22,1,47.45,Antonio Moreno Taquerםa,Mataderos  2312,Mיxico D.F.,,5023,Mexico,1997,4,April,1997-04,48,12.75,15,0.15,Chocolade,22,3,10 pkgs.,6.375,15,70,25,0,Confections,6.375,12.75,162.5625,95.625,66.9375,0.4117647058823529,1997-04,10-20%
10508,OTTIK,1,1997-04-16,1997-05-14,1997-05-13,2,4.99,Ottilies Kהseladen,Mehrheimerstr. 369,Kצln,,50739,Germany,1997,4,April,1997-04,13,6.0,10,0.0,Konbu,6,8,2 kg box,3.0,24,0,5,0,Seafood,3.0,6.0,60.0,30.0,30.0,0.5,1997-04,0%
10508,OTTIK,1,1997-04-16,1997-05-14,1997-05-13,2,4.99,Ottilies Kהseladen,Mehrheimerstr. 369,Kצln,,50739,Germany,1997,4,April,1997-04,39,18.0,10,0.0,Chartreuse verte,18,1,750 cc per bottle,9.0,69,0,5,0,Beverages,9.0,18.0,180.0,90.0,90.0,0.5,1997-04,0%
10509,BLAUS,4,1997-04-17,1997-05-15,1997-04-29,1,0.15,Blauer See Delikatessen,Forsterstr. 57,Mannheim,,68306,Germany,1997,4,April,1997-04,28,45.6,3,0.0,Rצssle Sauerkraut,12,7,25 - 825 g cans,22.8,26,0,0,1,Produce,22.8,45.6,136.8,68.4,68.4,0.5,1997-04,0%
10510,SAVEA,6,1997-04-18,1997-05-16,1997-04-28,3,367.63,Save-a-lot Markets,187 Suffolk Ln.,Boise,ID,83720,USA,1997,4,April,1997-04,29,123.79,36,0.0,Thringer Rostbratwurst,12,6,50 bags x 30 sausgs.,61.895,0,0,0,1,Meat/Poultry,61.895,123.79,4456.4400000000005,2228.2200000000003,2228.2200000000003,0.5,1997-04,0%
10510,SAVEA,6,1997-04-18,1997-05-16,1997-04-28,3,367.63,Save-a-lot Markets,187 Suffolk Ln.,Boise,ID,83720,USA,1997,4,April,1997-04,75,7.75,36,0.1,Rhצnbrהu Klosterbier,12,1,24 - 0.5 l bottles,3.875,125,0,25,0,Beverages,3.875,7.75,251.1,139.5,111.6,0.4444444444444444,1997-04,5-10%
10511,BONAP,4,1997-04-18,1997-05-16,1997-04-21,3,350.64,Bon app',"12, rue des Bouchers",Marseille,,13008,France,1997,4,April,1997-04,4,22.0,50,0.15,Chef Anton's Cajun Seasoning,2,2,48 - 6 oz jars,11.0,53,0,0,0,Condiments,11.0,22.0,935.0,550.0,385.0,0.4117647058823529,1997-04,10-20%
10511,BONAP,4,1997-04-18,1997-05-16,1997-04-21,3,350.64,Bon app',"12, rue des Bouchers",Marseille,,13008,France,1997,4,April,1997-04,7,30.0,50,0.15,Uncle Bob's Organic Dried Pears,3,7,12 - 1 lb pkgs.,15.0,15,0,10,0,Produce,15.0,30.0,1275.0,750.0,525.0,0.4117647058823529,1997-04,10-20%
10511,BONAP,4,1997-04-18,1997-05-16,1997-04-21,3,350.64,Bon app',"12, rue des Bouchers",Marseille,,13008,France,1997,4,April,1997-04,8,40.0,10,0.15,Northwoods Cranberry Sauce,3,2,12 - 12 oz jars,20.0,6,0,0,0,Condiments,20.0,40.0,340.0,200.0,140.0,0.4117647058823529,1997-04,10-20%
10512,FAMIA,7,1997-04-21,1997-05-19,1997-04-24,2,3.53,Familia Arquibaldo,"Rua Orףs, 92",Sao Paulo,SP,05442-030,Brazil,1997,4,April,1997-04,24,4.5,10,0.15,Guaranב Fantבstica,10,1,12 - 355 ml cans,2.25,20,0,0,1,Beverages,2.25,4.5,38.25,22.5,15.75,0.4117647058823529,1997-04,10-20%
10512,FAMIA,7,1997-04-21,1997-05-19,1997-04-24,2,3.53,Familia Arquibaldo,"Rua Orףs, 92",Sao Paulo,SP,05442-030,Brazil,1997,4,April,1997-04,46,12.0,9,0.15,Spegesild,21,8,4 - 450 g glasses,6.0,95,0,0,0,Seafood,6.0,12.0,91.8,54.0,37.8,0.4117647058823529,1997-04,10-20%
10512,FAMIA,7,1997-04-21,1997-05-19,1997-04-24,2,3.53,Familia Arquibaldo,"Rua Orףs, 92",Sao Paulo,SP,05442-030,Brazil,1997,4,April,1997-04,47,9.5,6,0.15,Zaanse koeken,22,3,10 - 4 oz boxes,4.75,36,0,0,0,Confections,4.75,9.5,48.449999999999996,28.5,19.949999999999996,0.41176470588235287,1997-04,10-20%
10512,FAMIA,7,1997-04-21,1997-05-19,1997-04-24,2,3.53,Familia Arquibaldo,"Rua Orףs, 92",Sao Paulo,SP,05442-030,Brazil,1997,4,April,1997-04,60,34.0,12,0.15,Camembert Pierrot,28,4,15 - 300 g rounds,17.0,19,0,0,0,Dairy Products,17.0,34.0,346.8,204.0,142.8,0.411764705882353,1997-04,10-20%
10513,WANDK,7,1997-04-22,1997-06-03,1997-04-28,1,105.65,Die Wandernde Kuh,Adenauerallee 900,Stuttgart,,70563,Germany,1997,4,April,1997-04,21,10.0,40,0.2,Sir Rodney's Scones,8,3,24 pkgs. x 4 pieces,5.0,3,40,5,0,Confections,5.0,10.0,320.0,200.0,120.0,0.375,1997-04,10-20%
10513,WANDK,7,1997-04-22,1997-06-03,1997-04-28,1,105.65,Die Wandernde Kuh,Adenauerallee 900,Stuttgart,,70563,Germany,1997,4,April,1997-04,32,32.0,50,0.2,Mascarpone Fabioli,14,4,24 - 200 g pkgs.,16.0,9,40,25,0,Dairy Products,16.0,32.0,1280.0,800.0,480.0,0.375,1997-04,10-20%
10513,WANDK,7,1997-04-22,1997-06-03,1997-04-28,1,105.65,Die Wandernde Kuh,Adenauerallee 900,Stuttgart,,70563,Germany,1997,4,April,1997-04,61,28.5,15,0.2,Sirop d'יrable,29,2,24 - 500 ml bottles,14.25,113,0,25,0,Condiments,14.25,28.5,342.0,213.75,128.25,0.375,1997-04,10-20%
10514,ERNSH,3,1997-04-22,1997-05-20,1997-05-16,2,789.95,Ernst Handel,Kirchgasse 6,Graz,,8010,Austria,1997,4,April,1997-04,20,81.0,39,0.0,Sir Rodney's Marmalade,8,3,30 gift boxes,40.5,40,0,0,0,Confections,40.5,81.0,3159.0,1579.5,1579.5,0.5,1997-04,0%
10514,ERNSH,3,1997-04-22,1997-05-20,1997-05-16,2,789.95,Ernst Handel,Kirchgasse 6,Graz,,8010,Austria,1997,4,April,1997-04,28,45.6,35,0.0,Rצssle Sauerkraut,12,7,25 - 825 g cans,22.8,26,0,0,1,Produce,22.8,45.6,1596.0,798.0,798.0,0.5,1997-04,0%
10514,ERNSH,3,1997-04-22,1997-05-20,1997-05-16,2,789.95,Ernst Handel,Kirchgasse 6,Graz,,8010,Austria,1997,4,April,1997-04,56,38.0,70,0.0,Gnocchi di nonna Alice,26,5,24 - 250 g pkgs.,19.0,21,10,30,0,Grains/Cereals,19.0,38.0,2660.0,1330.0,1330.0,0.5,1997-04,0%
10514,ERNSH,3,1997-04-22,1997-05-20,1997-05-16,2,789.95,Ernst Handel,Kirchgasse 6,Graz,,8010,Austria,1997,4,April,1997-04,65,21.05,39,0.0,Louisiana Fiery Hot Pepper Sauce,2,2,32 - 8 oz bottles,10.525,76,0,0,0,Condiments,10.525,21.05,820.95,410.475,410.475,0.5,1997-04,0%
10514,ERNSH,3,1997-04-22,1997-05-20,1997-05-16,2,789.95,Ernst Handel,Kirchgasse 6,Graz,,8010,Austria,1997,4,April,1997-04,75,7.75,50,0.0,Rhצnbrהu Klosterbier,12,1,24 - 0.5 l bottles,3.875,125,0,25,0,Beverages,3.875,7.75,387.5,193.75,193.75,0.5,1997-04,0%
10515,QUICK,2,1997-04-23,1997-05-07,1997-05-23,1,204.47,QUICK-Stop,Taucherstrae 10,Cunewalde,,1307,Germany,1997,4,April,1997-04,9,97.0,16,0.15,Mishi Kobe Niku,4,6,18 - 500 g pkgs.,48.5,29,0,0,1,Meat/Poultry,48.5,97.0,1319.2,776.0,543.2,0.411764705882353,1997-04,10-20%
10515,QUICK,2,1997-04-23,1997-05-07,1997-05-23,1,204.47,QUICK-Stop,Taucherstrae 10,Cunewalde,,1307,Germany,1997,4,April,1997-04,16,17.45,50,0.0,Pavlova,7,3,32 - 500 g boxes,8.725,29,0,10,0,Confections,8.725,17.45,872.5,436.25,436.25,0.5,1997-04,0%
10515,QUICK,2,1997-04-23,1997-05-07,1997-05-23,1,204.47,QUICK-Stop,Taucherstrae 10,Cunewalde,,1307,Germany,1997,4,April,1997-04,27,43.9,120,0.0,Schoggi Schokolade,11,3,100 - 100 g pieces,21.95,49,0,30,0,Confections,21.95,43.9,5268.0,2634.0,2634.0,0.5,1997-04,0%
10515,QUICK,2,1997-04-23,1997-05-07,1997-05-23,1,204.47,QUICK-Stop,Taucherstrae 10,Cunewalde,,1307,Germany,1997,4,April,1997-04,33,2.5,16,0.15,Geitost,15,4,500 g,1.25,112,0,20,0,Dairy Products,1.25,2.5,34.0,20.0,14.0,0.4117647058823529,1997-04,10-20%
10515,QUICK,2,1997-04-23,1997-05-07,1997-05-23,1,204.47,QUICK-Stop,Taucherstrae 10,Cunewalde,,1307,Germany,1997,4,April,1997-04,60,34.0,84,0.15,Camembert Pierrot,28,4,15 - 300 g rounds,17.0,19,0,0,0,Dairy Products,17.0,34.0,2427.6,1428.0,999.5999999999999,0.4117647058823529,1997-04,10-20%
10516,HUNGO,2,1997-04-24,1997-05-22,1997-05-01,3,62.78,Hungry Owl All-Night Grocers,8 Johnstown Road,Cork,Co. Cork,,Ireland,1997,4,April,1997-04,18,62.5,25,0.1,Carnarvon Tigers,7,8,16 kg pkg.,31.25,42,0,0,0,Seafood,31.25,62.5,1406.25,781.25,625.0,0.4444444444444444,1997-04,5-10%
10516,HUNGO,2,1997-04-24,1997-05-22,1997-05-01,3,62.78,Hungry Owl All-Night Grocers,8 Johnstown Road,Cork,Co. Cork,,Ireland,1997,4,April,1997-04,41,9.65,80,0.1,Jack's New England Clam Chowder,19,8,12 - 12 oz cans,4.825,85,0,10,0,Seafood,4.825,9.65,694.8000000000001,386.0,308.80000000000007,0.4444444444444445,1997-04,5-10%
10516,HUNGO,2,1997-04-24,1997-05-22,1997-05-01,3,62.78,Hungry Owl All-Night Grocers,8 Johnstown Road,Cork,Co. Cork,,Ireland,1997,4,April,1997-04,42,14.0,20,0.0,Singaporean Hokkien Fried Mee,20,5,32 - 1 kg pkgs.,7.0,26,0,0,1,Grains/Cereals,7.0,14.0,280.0,140.0,140.0,0.5,1997-04,0%
10517,NORTS,3,1997-04-24,1997-05-22,1997-04-29,3,32.07,North/South,South House 300 Queensbridge,London,,SW7 1RZ,UK,1997,4,April,1997-04,52,7.0,6,0.0,Filo Mix,24,5,16 - 2 kg boxes,3.5,38,0,25,0,Grains/Cereals,3.5,7.0,42.0,21.0,21.0,0.5,1997-04,0%
10517,NORTS,3,1997-04-24,1997-05-22,1997-04-29,3,32.07,North/South,South House 300 Queensbridge,London,,SW7 1RZ,UK,1997,4,April,1997-04,59,55.0,4,0.0,Raclette Courdavault,28,4,5 kg pkg.,27.5,79,0,0,0,Dairy Products,27.5,55.0,220.0,110.0,110.0,0.5,1997-04,0%
10517,NORTS,3,1997-04-24,1997-05-22,1997-04-29,3,32.07,North/South,South House 300 Queensbridge,London,,SW7 1RZ,UK,1997,4,April,1997-04,70,15.0,6,0.0,Outback Lager,7,1,24 - 355 ml bottles,7.5,15,10,30,0,Beverages,7.5,15.0,90.0,45.0,45.0,0.5,1997-04,0%
10518,TORTU,4,1997-04-25,1997-05-09,1997-05-05,2,218.15,Tortuga Restaurante,Avda. Azteca 123,Mיxico D.F.,,5033,Mexico,1997,4,April,1997-04,24,4.5,5,0.0,Guaranב Fantבstica,10,1,12 - 355 ml cans,2.25,20,0,0,1,Beverages,2.25,4.5,22.5,11.25,11.25,0.5,1997-04,0%
10518,TORTU,4,1997-04-25,1997-05-09,1997-05-05,2,218.15,Tortuga Restaurante,Avda. Azteca 123,Mיxico D.F.,,5033,Mexico,1997,4,April,1997-04,38,263.5,15,0.0,Cפte de Blaye,18,1,12 - 75 cl bottles,131.75,17,0,15,0,Beverages,131.75,263.5,3952.5,1976.25,1976.25,0.5,1997-04,0%
10518,TORTU,4,1997-04-25,1997-05-09,1997-05-05,2,218.15,Tortuga Restaurante,Avda. Azteca 123,Mיxico D.F.,,5033,Mexico,1997,4,April,1997-04,44,19.45,9,0.0,Gula Malacca,20,2,20 - 2 kg bags,9.725,27,0,15,0,Condiments,9.725,19.45,175.04999999999998,87.52499999999999,87.52499999999999,0.5,1997-04,0%
10519,CHOPS,6,1997-04-28,1997-05-26,1997-05-01,3,91.76,Chop-suey Chinese,Hauptstr. 31,Bern,,3012,Switzerland,1997,4,April,1997-04,10,31.0,16,0.05,Ikura,4,8,12 - 200 ml jars,15.5,31,0,0,0,Seafood,15.5,31.0,471.2,248.0,223.2,0.47368421052631576,1997-04,0-5%
10519,CHOPS,6,1997-04-28,1997-05-26,1997-05-01,3,91.76,Chop-suey Chinese,Hauptstr. 31,Bern,,3012,Switzerland,1997,4,April,1997-04,56,38.0,40,0.0,Gnocchi di nonna Alice,26,5,24 - 250 g pkgs.,19.0,21,10,30,0,Grains/Cereals,19.0,38.0,1520.0,760.0,760.0,0.5,1997-04,0%
10519,CHOPS,6,1997-04-28,1997-05-26,1997-05-01,3,91.76,Chop-suey Chinese,Hauptstr. 31,Bern,,3012,Switzerland,1997,4,April,1997-04,60,34.0,10,0.05,Camembert Pierrot,28,4,15 - 300 g rounds,17.0,19,0,0,0,Dairy Products,17.0,34.0,323.0,170.0,153.0,0.47368421052631576,1997-04,0-5%
10520,SANTG,7,1997-04-29,1997-05-27,1997-05-01,1,13.37,Santי Gourmet,Erling Skakkes gate 78,Stavern,,4110,Norway,1997,4,April,1997-04,24,4.5,8,0.0,Guaranב Fantבstica,10,1,12 - 355 ml cans,2.25,20,0,0,1,Beverages,2.25,4.5,36.0,18.0,18.0,0.5,1997-04,0%
10520,SANTG,7,1997-04-29,1997-05-27,1997-05-01,1,13.37,Santי Gourmet,Erling Skakkes gate 78,Stavern,,4110,Norway,1997,4,April,1997-04,53,32.8,5,0.0,Perth Pasties,24,6,48 pieces,16.4,0,0,0,1,Meat/Poultry,16.4,32.8,164.0,82.0,82.0,0.5,1997-04,0%
10521,CACTU,8,1997-04-29,1997-05-27,1997-05-02,2,17.22,Cactus Comidas para llevar,Cerrito 333,Buenos Aires,,1010,Argentina,1997,4,April,1997-04,35,18.0,3,0.0,Steeleye Stout,16,1,24 - 12 oz bottles,9.0,20,0,15,0,Beverages,9.0,18.0,54.0,27.0,27.0,0.5,1997-04,0%
10521,CACTU,8,1997-04-29,1997-05-27,1997-05-02,2,17.22,Cactus Comidas para llevar,Cerrito 333,Buenos Aires,,1010,Argentina,1997,4,April,1997-04,41,9.65,10,0.0,Jack's New England Clam Chowder,19,8,12 - 12 oz cans,4.825,85,0,10,0,Seafood,4.825,9.65,96.5,48.25,48.25,0.5,1997-04,0%
10521,CACTU,8,1997-04-29,1997-05-27,1997-05-02,2,17.22,Cactus Comidas para llevar,Cerrito 333,Buenos Aires,,1010,Argentina,1997,4,April,1997-04,68,12.5,6,0.0,Scottish Longbreads,8,3,10 boxes x 8 pieces,6.25,6,10,15,0,Confections,6.25,12.5,75.0,37.5,37.5,0.5,1997-04,0%
10522,LEHMS,4,1997-04-30,1997-05-28,1997-05-06,1,45.33,Lehmanns Marktstand,Magazinweg 7,Frankfurt a.M.,,60528,Germany,1997,4,April,1997-04,1,18.0,40,0.2,Chai,1,1,10 boxes x 20 bags,9.0,39,0,10,0,Beverages,9.0,18.0,576.0,360.0,216.0,0.375,1997-04,10-20%
10522,LEHMS,4,1997-04-30,1997-05-28,1997-05-06,1,45.33,Lehmanns Marktstand,Magazinweg 7,Frankfurt a.M.,,60528,Germany,1997,4,April,1997-04,8,40.0,24,0.0,Northwoods Cranberry Sauce,3,2,12 - 12 oz jars,20.0,6,0,0,0,Condiments,20.0,40.0,960.0,480.0,480.0,0.5,1997-04,0%
10522,LEHMS,4,1997-04-30,1997-05-28,1997-05-06,1,45.33,Lehmanns Marktstand,Magazinweg 7,Frankfurt a.M.,,60528,Germany,1997,4,April,1997-04,30,25.89,20,0.2,Nord-Ost Matjeshering,13,8,10 - 200 g glasses,12.945,10,0,15,0,Seafood,12.945,25.89,414.24,258.9,155.34000000000003,0.37500000000000006,1997-04,10-20%
10522,LEHMS,4,1997-04-30,1997-05-28,1997-05-06,1,45.33,Lehmanns Marktstand,Magazinweg 7,Frankfurt a.M.,,60528,Germany,1997,4,April,1997-04,40,18.4,25,0.2,Boston Crab Meat,19,8,24 - 4 oz tins,9.2,123,0,30,0,Seafood,9.2,18.4,368.0,229.99999999999997,138.00000000000003,0.37500000000000006,1997-04,10-20%
10523,SEVES,7,1997-05-01,1997-05-29,1997-05-30,2,77.63,Seven Seas Imports,90 Wadhurst Rd.,London,,OX15 4NB,UK,1997,5,May,1997-05,17,39.0,25,0.1,Alice Mutton,7,6,20 - 1 kg tins,19.5,0,0,0,1,Meat/Poultry,19.5,39.0,877.5,487.5,390.0,0.4444444444444444,1997-05,5-10%
10523,SEVES,7,1997-05-01,1997-05-29,1997-05-30,2,77.63,Seven Seas Imports,90 Wadhurst Rd.,London,,OX15 4NB,UK,1997,5,May,1997-05,20,81.0,15,0.1,Sir Rodney's Marmalade,8,3,30 gift boxes,40.5,40,0,0,0,Confections,40.5,81.0,1093.5,607.5,486.0,0.4444444444444444,1997-05,5-10%
10523,SEVES,7,1997-05-01,1997-05-29,1997-05-30,2,77.63,Seven Seas Imports,90 Wadhurst Rd.,London,,OX15 4NB,UK,1997,5,May,1997-05,37,26.0,18,0.1,Gravad lax,17,8,12 - 500 g pkgs.,13.0,11,50,25,0,Seafood,13.0,26.0,421.2,234.0,187.2,0.4444444444444444,1997-05,5-10%
10523,SEVES,7,1997-05-01,1997-05-29,1997-05-30,2,77.63,Seven Seas Imports,90 Wadhurst Rd.,London,,OX15 4NB,UK,1997,5,May,1997-05,41,9.65,6,0.1,Jack's New England Clam Chowder,19,8,12 - 12 oz cans,4.825,85,0,10,0,Seafood,4.825,9.65,52.11000000000001,28.950000000000003,23.160000000000004,0.4444444444444445,1997-05,5-10%
10524,BERGS,1,1997-05-01,1997-05-29,1997-05-07,2,244.79,Berglunds snabbkצp,Berguvsvהgen  8,Luleו,,S-958 22,Sweden,1997,5,May,1997-05,10,31.0,2,0.0,Ikura,4,8,12 - 200 ml jars,15.5,31,0,0,0,Seafood,15.5,31.0,62.0,31.0,31.0,0.5,1997-05,0%
10524,BERGS,1,1997-05-01,1997-05-29,1997-05-07,2,244.79,Berglunds snabbkצp,Berguvsvהgen  8,Luleו,,S-958 22,Sweden,1997,5,May,1997-05,30,25.89,10,0.0,Nord-Ost Matjeshering,13,8,10 - 200 g glasses,12.945,10,0,15,0,Seafood,12.945,25.89,258.9,129.45,129.45,0.5,1997-05,0%
10524,BERGS,1,1997-05-01,1997-05-29,1997-05-07,2,244.79,Berglunds snabbkצp,Berguvsvהgen  8,Luleו,,S-958 22,Sweden,1997,5,May,1997-05,43,46.0,60,0.0,Ipoh Coffee,20,1,16 - 500 g tins,23.0,17,10,25,0,Beverages,23.0,46.0,2760.0,1380.0,1380.0,0.5,1997-05,0%
10524,BERGS,1,1997-05-01,1997-05-29,1997-05-07,2,244.79,Berglunds snabbkצp,Berguvsvהgen  8,Luleו,,S-958 22,Sweden,1997,5,May,1997-05,54,7.45,15,0.0,Tourtiטre,25,6,16 pies,3.725,21,0,10,0,Meat/Poultry,3.725,7.45,111.75,55.875,55.875,0.5,1997-05,0%
10525,BONAP,1,1997-05-02,1997-05-30,1997-05-23,2,11.06,Bon app',"12, rue des Bouchers",Marseille,,13008,France,1997,5,May,1997-05,36,19.0,30,0.0,Inlagd Sill,17,8,24 - 250 g  jars,9.5,112,0,20,0,Seafood,9.5,19.0,570.0,285.0,285.0,0.5,1997-05,0%
10525,BONAP,1,1997-05-02,1997-05-30,1997-05-23,2,11.06,Bon app',"12, rue des Bouchers",Marseille,,13008,France,1997,5,May,1997-05,40,18.4,15,0.1,Boston Crab Meat,19,8,24 - 4 oz tins,9.2,123,0,30,0,Seafood,9.2,18.4,248.4,138.0,110.4,0.4444444444444445,1997-05,5-10%
10526,WARTH,4,1997-05-05,1997-06-02,1997-05-15,2,58.59,Wartian Herkku,Torikatu 38,Oulu,,90110,Finland,1997,5,May,1997-05,1,18.0,8,0.15,Chai,1,1,10 boxes x 20 bags,9.0,39,0,10,0,Beverages,9.0,18.0,122.39999999999999,72.0,50.39999999999999,0.4117647058823529,1997-05,10-20%
10526,WARTH,4,1997-05-05,1997-06-02,1997-05-15,2,58.59,Wartian Herkku,Torikatu 38,Oulu,,90110,Finland,1997,5,May,1997-05,13,6.0,10,0.0,Konbu,6,8,2 kg box,3.0,24,0,5,0,Seafood,3.0,6.0,60.0,30.0,30.0,0.5,1997-05,0%
10526,WARTH,4,1997-05-05,1997-06-02,1997-05-15,2,58.59,Wartian Herkku,Torikatu 38,Oulu,,90110,Finland,1997,5,May,1997-05,56,38.0,30,0.15,Gnocchi di nonna Alice,26,5,24 - 250 g pkgs.,19.0,21,10,30,0,Grains/Cereals,19.0,38.0,969.0,570.0,399.0,0.4117647058823529,1997-05,10-20%
10527,QUICK,7,1997-05-05,1997-06-02,1997-05-07,1,41.9,QUICK-Stop,Taucherstrae 10,Cunewalde,,1307,Germany,1997,5,May,1997-05,4,22.0,50,0.1,Chef Anton's Cajun Seasoning,2,2,48 - 6 oz jars,11.0,53,0,0,0,Condiments,11.0,22.0,990.0,550.0,440.0,0.4444444444444444,1997-05,5-10%
10527,QUICK,7,1997-05-05,1997-06-02,1997-05-07,1,41.9,QUICK-Stop,Taucherstrae 10,Cunewalde,,1307,Germany,1997,5,May,1997-05,36,19.0,30,0.1,Inlagd Sill,17,8,24 - 250 g  jars,9.5,112,0,20,0,Seafood,9.5,19.0,513.0,285.0,228.0,0.4444444444444444,1997-05,5-10%
10528,GREAL,6,1997-05-06,1997-05-20,1997-05-09,2,3.35,Great Lakes Food Market,2732 Baker Blvd.,Eugene,OR,97403,USA,1997,5,May,1997-05,11,21.0,3,0.0,Queso Cabrales,5,4,1 kg pkg.,10.5,22,30,30,0,Dairy Products,10.5,21.0,63.0,31.5,31.5,0.5,1997-05,0%
10528,GREAL,6,1997-05-06,1997-05-20,1997-05-09,2,3.35,Great Lakes Food Market,2732 Baker Blvd.,Eugene,OR,97403,USA,1997,5,May,1997-05,33,2.5,8,0.2,Geitost,15,4,500 g,1.25,112,0,20,0,Dairy Products,1.25,2.5,16.0,10.0,6.0,0.375,1997-05,10-20%
10528,GREAL,6,1997-05-06,1997-05-20,1997-05-09,2,3.35,Great Lakes Food Market,2732 Baker Blvd.,Eugene,OR,97403,USA,1997,5,May,1997-05,72,34.8,9,0.0,Mozzarella di Giovanni,14,4,24 - 200 g pkgs.,17.4,14,0,0,0,Dairy Products,17.4,34.8,313.2,156.6,156.6,0.5,1997-05,0%
10529,MAISD,5,1997-05-07,1997-06-04,1997-05-09,2,66.69,Maison Dewey,Rue Joseph-Bens 532,Bruxelles,,B-1180,Belgium,1997,5,May,1997-05,55,24.0,14,0.0,Pגtי chinois,25,6,24 boxes x 2 pies,12.0,115,0,20,0,Meat/Poultry,12.0,24.0,336.0,168.0,168.0,0.5,1997-05,0%
10529,MAISD,5,1997-05-07,1997-06-04,1997-05-09,2,66.69,Maison Dewey,Rue Joseph-Bens 532,Bruxelles,,B-1180,Belgium,1997,5,May,1997-05,68,12.5,20,0.0,Scottish Longbreads,8,3,10 boxes x 8 pieces,6.25,6,10,15,0,Confections,6.25,12.5,250.0,125.0,125.0,0.5,1997-05,0%
10529,MAISD,5,1997-05-07,1997-06-04,1997-05-09,2,66.69,Maison Dewey,Rue Joseph-Bens 532,Bruxelles,,B-1180,Belgium,1997,5,May,1997-05,69,36.0,10,0.0,Gudbrandsdalsost,15,4,10 kg pkg.,18.0,26,0,15,0,Dairy Products,18.0,36.0,360.0,180.0,180.0,0.5,1997-05,0%
10530,PICCO,3,1997-05-08,1997-06-05,1997-05-12,2,339.22,Piccolo und mehr,Geislweg 14,Salzburg,,5020,Austria,1997,5,May,1997-05,17,39.0,40,0.0,Alice Mutton,7,6,20 - 1 kg tins,19.5,0,0,0,1,Meat/Poultry,19.5,39.0,1560.0,780.0,780.0,0.5,1997-05,0%
10530,PICCO,3,1997-05-08,1997-06-05,1997-05-12,2,339.22,Piccolo und mehr,Geislweg 14,Salzburg,,5020,Austria,1997,5,May,1997-05,43,46.0,25,0.0,Ipoh Coffee,20,1,16 - 500 g tins,23.0,17,10,25,0,Beverages,23.0,46.0,1150.0,575.0,575.0,0.5,1997-05,0%
10530,PICCO,3,1997-05-08,1997-06-05,1997-05-12,2,339.22,Piccolo und mehr,Geislweg 14,Salzburg,,5020,Austria,1997,5,May,1997-05,61,28.5,20,0.0,Sirop d'יrable,29,2,24 - 500 ml bottles,14.25,113,0,25,0,Condiments,14.25,28.5,570.0,285.0,285.0,0.5,1997-05,0%
10530,PICCO,3,1997-05-08,1997-06-05,1997-05-12,2,339.22,Piccolo und mehr,Geislweg 14,Salzburg,,5020,Austria,1997,5,May,1997-05,76,18.0,50,0.0,Lakkalikצצri,23,1,500 ml,9.0,57,0,20,0,Beverages,9.0,18.0,900.0,450.0,450.0,0.5,1997-05,0%
10531,OCEAN,7,1997-05-08,1997-06-05,1997-05-19,1,8.12,Ocיano Atlבntico Ltda.,Ing. Gustavo Moncada 8585 Piso 20-A,Buenos Aires,,1010,Argentina,1997,5,May,1997-05,59,55.0,2,0.0,Raclette Courdavault,28,4,5 kg pkg.,27.5,79,0,0,0,Dairy Products,27.5,55.0,110.0,55.0,55.0,0.5,1997-05,0%
10532,EASTC,7,1997-05-09,1997-06-06,1997-05-12,3,74.46,Eastern Connection,35 King George,London,,WX3 6FW,UK,1997,5,May,1997-05,30,25.89,15,0.0,Nord-Ost Matjeshering,13,8,10 - 200 g glasses,12.945,10,0,15,0,Seafood,12.945,25.89,388.35,194.175,194.175,0.5,1997-05,0%
10532,EASTC,7,1997-05-09,1997-06-06,1997-05-12,3,74.46,Eastern Connection,35 King George,London,,WX3 6FW,UK,1997,5,May,1997-05,66,17.0,24,0.0,Louisiana Hot Spiced Okra,2,2,24 - 8 oz jars,8.5,4,100,20,0,Condiments,8.5,17.0,408.0,204.0,204.0,0.5,1997-05,0%
10533,FOLKO,8,1997-05-12,1997-06-09,1997-05-22,1,188.04,Folk och fה HB,ֵkergatan 24,Brהcke,,S-844 67,Sweden,1997,5,May,1997-05,4,22.0,50,0.05,Chef Anton's Cajun Seasoning,2,2,48 - 6 oz jars,11.0,53,0,0,0,Condiments,11.0,22.0,1045.0,550.0,495.0,0.47368421052631576,1997-05,0-5%
10533,FOLKO,8,1997-05-12,1997-06-09,1997-05-22,1,188.04,Folk och fה HB,ֵkergatan 24,Brהcke,,S-844 67,Sweden,1997,5,May,1997-05,72,34.8,24,0.0,Mozzarella di Giovanni,14,4,24 - 200 g pkgs.,17.4,14,0,0,0,Dairy Products,17.4,34.8,835.1999999999999,417.59999999999997,417.59999999999997,0.5,1997-05,0%
10533,FOLKO,8,1997-05-12,1997-06-09,1997-05-22,1,188.04,Folk och fה HB,ֵkergatan 24,Brהcke,,S-844 67,Sweden,1997,5,May,1997-05,73,15.0,24,0.05,Rצd Kaviar,17,8,24 - 150 g jars,7.5,101,0,5,0,Seafood,7.5,15.0,342.0,180.0,162.0,0.47368421052631576,1997-05,0-5%
10534,LEHMS,8,1997-05-12,1997-06-09,1997-05-14,2,27.94,Lehmanns Marktstand,Magazinweg 7,Frankfurt a.M.,,60528,Germany,1997,5,May,1997-05,30,25.89,10,0.0,Nord-Ost Matjeshering,13,8,10 - 200 g glasses,12.945,10,0,15,0,Seafood,12.945,25.89,258.9,129.45,129.45,0.5,1997-05,0%
10534,LEHMS,8,1997-05-12,1997-06-09,1997-05-14,2,27.94,Lehmanns Marktstand,Magazinweg 7,Frankfurt a.M.,,60528,Germany,1997,5,May,1997-05,40,18.4,10,0.2,Boston Crab Meat,19,8,24 - 4 oz tins,9.2,123,0,30,0,Seafood,9.2,18.4,147.20000000000002,92.0,55.20000000000002,0.37500000000000006,1997-05,10-20%
10534,LEHMS,8,1997-05-12,1997-06-09,1997-05-14,2,27.94,Lehmanns Marktstand,Magazinweg 7,Frankfurt a.M.,,60528,Germany,1997,5,May,1997-05,54,7.45,10,0.2,Tourtiטre,25,6,16 pies,3.725,21,0,10,0,Meat/Poultry,3.725,7.45,59.6,37.25,22.35,0.375,1997-05,10-20%
10535,ANTON,4,1997-05-13,1997-06-10,1997-05-21,1,15.64,Antonio Moreno Taquerםa,Mataderos  2312,Mיxico D.F.,,5023,Mexico,1997,5,May,1997-05,11,21.0,50,0.1,Queso Cabrales,5,4,1 kg pkg.,10.5,22,30,30,0,Dairy Products,10.5,21.0,945.0,525.0,420.0,0.4444444444444444,1997-05,5-10%
10535,ANTON,4,1997-05-13,1997-06-10,1997-05-21,1,15.64,Antonio Moreno Taquerםa,Mataderos  2312,Mיxico D.F.,,5023,Mexico,1997,5,May,1997-05,40,18.4,10,0.1,Boston Crab Meat,19,8,24 - 4 oz tins,9.2,123,0,30,0,Seafood,9.2,18.4,165.6,92.0,73.6,0.4444444444444444,1997-05,5-10%
10535,ANTON,4,1997-05-13,1997-06-10,1997-05-21,1,15.64,Antonio Moreno Taquerםa,Mataderos  2312,Mיxico D.F.,,5023,Mexico,1997,5,May,1997-05,57,19.5,5,0.1,Ravioli Angelo,26,5,24 - 250 g pkgs.,9.75,36,0,20,0,Grains/Cereals,9.75,19.5,87.75,48.75,39.0,0.4444444444444444,1997-05,5-10%
10535,ANTON,4,1997-05-13,1997-06-10,1997-05-21,1,15.64,Antonio Moreno Taquerםa,Mataderos  2312,Mיxico D.F.,,5023,Mexico,1997,5,May,1997-05,59,55.0,15,0.1,Raclette Courdavault,28,4,5 kg pkg.,27.5,79,0,0,0,Dairy Products,27.5,55.0,742.5,412.5,330.0,0.4444444444444444,1997-05,5-10%
10536,LEHMS,3,1997-05-14,1997-06-11,1997-06-06,2,58.88,Lehmanns Marktstand,Magazinweg 7,Frankfurt a.M.,,60528,Germany,1997,5,May,1997-05,12,38.0,15,0.25,Queso Manchego La Pastora,5,4,10 - 500 g pkgs.,19.0,86,0,0,0,Dairy Products,19.0,38.0,427.5,285.0,142.5,0.3333333333333333,1997-05,20%+
10536,LEHMS,3,1997-05-14,1997-06-11,1997-06-06,2,58.88,Lehmanns Marktstand,Magazinweg 7,Frankfurt a.M.,,60528,Germany,1997,5,May,1997-05,31,12.5,20,0.0,Gorgonzola Telino,14,4,12 - 100 g pkgs,6.25,0,70,20,0,Dairy Products,6.25,12.5,250.0,125.0,125.0,0.5,1997-05,0%
10536,LEHMS,3,1997-05-14,1997-06-11,1997-06-06,2,58.88,Lehmanns Marktstand,Magazinweg 7,Frankfurt a.M.,,60528,Germany,1997,5,May,1997-05,33,2.5,30,0.0,Geitost,15,4,500 g,1.25,112,0,20,0,Dairy Products,1.25,2.5,75.0,37.5,37.5,0.5,1997-05,0%
10536,LEHMS,3,1997-05-14,1997-06-11,1997-06-06,2,58.88,Lehmanns Marktstand,Magazinweg 7,Frankfurt a.M.,,60528,Germany,1997,5,May,1997-05,60,34.0,35,0.25,Camembert Pierrot,28,4,15 - 300 g rounds,17.0,19,0,0,0,Dairy Products,17.0,34.0,892.5,595.0,297.5,0.3333333333333333,1997-05,20%+
10537,RICSU,1,1997-05-14,1997-05-28,1997-05-19,1,78.85,Richter Supermarkt,Starenweg 5,Genטve,,1204,Switzerland,1997,5,May,1997-05,31,12.5,30,0.0,Gorgonzola Telino,14,4,12 - 100 g pkgs,6.25,0,70,20,0,Dairy Products,6.25,12.5,375.0,187.5,187.5,0.5,1997-05,0%
10537,RICSU,1,1997-05-14,1997-05-28,1997-05-19,1,78.85,Richter Supermarkt,Starenweg 5,Genטve,,1204,Switzerland,1997,5,May,1997-05,51,53.0,6,0.0,Manjimup Dried Apples,24,7,50 - 300 g pkgs.,26.5,20,0,10,0,Produce,26.5,53.0,318.0,159.0,159.0,0.5,1997-05,0%
10537,RICSU,1,1997-05-14,1997-05-28,1997-05-19,1,78.85,Richter Supermarkt,Starenweg 5,Genטve,,1204,Switzerland,1997,5,May,1997-05,58,13.25,20,0.0,Escargots de Bourgogne,27,8,24 pieces,6.625,62,0,20,0,Seafood,6.625,13.25,265.0,132.5,132.5,0.5,1997-05,0%
10537,RICSU,1,1997-05-14,1997-05-28,1997-05-19,1,78.85,Richter Supermarkt,Starenweg 5,Genטve,,1204,Switzerland,1997,5,May,1997-05,72,34.8,21,0.0,Mozzarella di Giovanni,14,4,24 - 200 g pkgs.,17.4,14,0,0,0,Dairy Products,17.4,34.8,730.8,365.4,365.4,0.5,1997-05,0%
10537,RICSU,1,1997-05-14,1997-05-28,1997-05-19,1,78.85,Richter Supermarkt,Starenweg 5,Genטve,,1204,Switzerland,1997,5,May,1997-05,73,15.0,9,0.0,Rצd Kaviar,17,8,24 - 150 g jars,7.5,101,0,5,0,Seafood,7.5,15.0,135.0,67.5,67.5,0.5,1997-05,0%
10538,BSBEV,9,1997-05-15,1997-06-12,1997-05-16,3,4.87,B's Beverages,Fauntleroy Circus,London,,EC2 5NT,UK,1997,5,May,1997-05,70,15.0,7,0.0,Outback Lager,7,1,24 - 355 ml bottles,7.5,15,10,30,0,Beverages,7.5,15.0,105.0,52.5,52.5,0.5,1997-05,0%
10538,BSBEV,9,1997-05-15,1997-06-12,1997-05-16,3,4.87,B's Beverages,Fauntleroy Circus,London,,EC2 5NT,UK,1997,5,May,1997-05,72,34.8,1,0.0,Mozzarella di Giovanni,14,4,24 - 200 g pkgs.,17.4,14,0,0,0,Dairy Products,17.4,34.8,34.8,17.4,17.4,0.5,1997-05,0%
10539,BSBEV,6,1997-05-16,1997-06-13,1997-05-23,3,12.36,B's Beverages,Fauntleroy Circus,London,,EC2 5NT,UK,1997,5,May,1997-05,13,6.0,8,0.0,Konbu,6,8,2 kg box,3.0,24,0,5,0,Seafood,3.0,6.0,48.0,24.0,24.0,0.5,1997-05,0%
10539,BSBEV,6,1997-05-16,1997-06-13,1997-05-23,3,12.36,B's Beverages,Fauntleroy Circus,London,,EC2 5NT,UK,1997,5,May,1997-05,21,10.0,15,0.0,Sir Rodney's Scones,8,3,24 pkgs. x 4 pieces,5.0,3,40,5,0,Confections,5.0,10.0,150.0,75.0,75.0,0.5,1997-05,0%
10539,BSBEV,6,1997-05-16,1997-06-13,1997-05-23,3,12.36,B's Beverages,Fauntleroy Circus,London,,EC2 5NT,UK,1997,5,May,1997-05,33,2.5,15,0.0,Geitost,15,4,500 g,1.25,112,0,20,0,Dairy Products,1.25,2.5,37.5,18.75,18.75,0.5,1997-05,0%
10539,BSBEV,6,1997-05-16,1997-06-13,1997-05-23,3,12.36,B's Beverages,Fauntleroy Circus,London,,EC2 5NT,UK,1997,5,May,1997-05,49,20.0,6,0.0,Maxilaku,23,3,24 - 50 g pkgs.,10.0,10,60,15,0,Confections,10.0,20.0,120.0,60.0,60.0,0.5,1997-05,0%
10540,QUICK,3,1997-05-19,1997-06-16,1997-06-13,3,1007.64,QUICK-Stop,Taucherstrae 10,Cunewalde,,1307,Germany,1997,5,May,1997-05,3,10.0,60,0.0,Aniseed Syrup,1,2,12 - 550 ml bottles,5.0,13,70,25,0,Condiments,5.0,10.0,600.0,300.0,300.0,0.5,1997-05,0%
10540,QUICK,3,1997-05-19,1997-06-16,1997-06-13,3,1007.64,QUICK-Stop,Taucherstrae 10,Cunewalde,,1307,Germany,1997,5,May,1997-05,26,31.23,40,0.0,Gumbהr Gummibהrchen,11,3,100 - 250 g bags,15.615,15,0,0,0,Confections,15.615,31.23,1249.2,624.6,624.6,0.5,1997-05,0%
10540,QUICK,3,1997-05-19,1997-06-16,1997-06-13,3,1007.64,QUICK-Stop,Taucherstrae 10,Cunewalde,,1307,Germany,1997,5,May,1997-05,38,263.5,30,0.0,Cפte de Blaye,18,1,12 - 75 cl bottles,131.75,17,0,15,0,Beverages,131.75,263.5,7905.0,3952.5,3952.5,0.5,1997-05,0%
10540,QUICK,3,1997-05-19,1997-06-16,1997-06-13,3,1007.64,QUICK-Stop,Taucherstrae 10,Cunewalde,,1307,Germany,1997,5,May,1997-05,68,12.5,35,0.0,Scottish Longbreads,8,3,10 boxes x 8 pieces,6.25,6,10,15,0,Confections,6.25,12.5,437.5,218.75,218.75,0.5,1997-05,0%
10541,HANAR,2,1997-05-19,1997-06-16,1997-05-29,1,68.65,Hanari Carnes,"Rua do Paחo, 67",Rio de Janeiro,RJ,05454-876,Brazil,1997,5,May,1997-05,24,4.5,35,0.1,Guaranב Fantבstica,10,1,12 - 355 ml cans,2.25,20,0,0,1,Beverages,2.25,4.5,141.75,78.75,63.0,0.4444444444444444,1997-05,5-10%
10541,HANAR,2,1997-05-19,1997-06-16,1997-05-29,1,68.65,Hanari Carnes,"Rua do Paחo, 67",Rio de Janeiro,RJ,05454-876,Brazil,1997,5,May,1997-05,38,263.5,4,0.1,Cפte de Blaye,18,1,12 - 75 cl bottles,131.75,17,0,15,0,Beverages,131.75,263.5,948.6,527.0,421.6,0.4444444444444445,1997-05,5-10%
10541,HANAR,2,1997-05-19,1997-06-16,1997-05-29,1,68.65,Hanari Carnes,"Rua do Paחo, 67",Rio de Janeiro,RJ,05454-876,Brazil,1997,5,May,1997-05,65,21.05,36,0.1,Louisiana Fiery Hot Pepper Sauce,2,2,32 - 8 oz bottles,10.525,76,0,0,0,Condiments,10.525,21.05,682.0200000000001,378.90000000000003,303.12000000000006,0.4444444444444445,1997-05,5-10%
10541,HANAR,2,1997-05-19,1997-06-16,1997-05-29,1,68.65,Hanari Carnes,"Rua do Paחo, 67",Rio de Janeiro,RJ,05454-876,Brazil,1997,5,May,1997-05,71,21.5,9,0.1,Flotemysost,15,4,10 - 500 g pkgs.,10.75,26,0,0,0,Dairy Products,10.75,21.5,174.15,96.75,77.4,0.4444444444444445,1997-05,5-10%
10542,KOENE,1,1997-05-20,1997-06-17,1997-05-26,3,10.95,Kצniglich Essen,Maubelstr. 90,Brandenburg,,14776,Germany,1997,5,May,1997-05,11,21.0,15,0.05,Queso Cabrales,5,4,1 kg pkg.,10.5,22,30,30,0,Dairy Products,10.5,21.0,299.25,157.5,141.75,0.47368421052631576,1997-05,0-5%
10542,KOENE,1,1997-05-20,1997-06-17,1997-05-26,3,10.95,Kצniglich Essen,Maubelstr. 90,Brandenburg,,14776,Germany,1997,5,May,1997-05,54,7.45,24,0.05,Tourtiטre,25,6,16 pies,3.725,21,0,10,0,Meat/Poultry,3.725,7.45,169.86,89.4,80.46000000000001,0.4736842105263158,1997-05,0-5%
10543,LILAS,8,1997-05-21,1997-06-18,1997-05-23,2,48.17,LILA-Supermercado,Carrera 52 con Ave. Bolםvar #65-98 Llano Largo,Barquisimeto,Lara,3508,Venezuela,1997,5,May,1997-05,12,38.0,30,0.15,Queso Manchego La Pastora,5,4,10 - 500 g pkgs.,19.0,86,0,0,0,Dairy Products,19.0,38.0,969.0,570.0,399.0,0.4117647058823529,1997-05,10-20%
10543,LILAS,8,1997-05-21,1997-06-18,1997-05-23,2,48.17,LILA-Supermercado,Carrera 52 con Ave. Bolםvar #65-98 Llano Largo,Barquisimeto,Lara,3508,Venezuela,1997,5,May,1997-05,23,9.0,70,0.15,Tunnbrצd,9,5,12 - 250 g pkgs.,4.5,61,0,25,0,Grains/Cereals,4.5,9.0,535.5,315.0,220.5,0.4117647058823529,1997-05,10-20%
10544,LONEP,4,1997-05-21,1997-06-18,1997-05-30,1,24.91,Lonesome Pine Restaurant,89 Chiaroscuro Rd.,Portland,OR,97219,USA,1997,5,May,1997-05,28,45.6,7,0.0,Rצssle Sauerkraut,12,7,25 - 825 g cans,22.8,26,0,0,1,Produce,22.8,45.6,319.2,159.6,159.6,0.5,1997-05,0%
10544,LONEP,4,1997-05-21,1997-06-18,1997-05-30,1,24.91,Lonesome Pine Restaurant,89 Chiaroscuro Rd.,Portland,OR,97219,USA,1997,5,May,1997-05,67,14.0,7,0.0,Laughing Lumberjack Lager,16,1,24 - 12 oz bottles,7.0,52,0,10,0,Beverages,7.0,14.0,98.0,49.0,49.0,0.5,1997-05,0%
10545,LAZYK,8,1997-05-22,1997-06-19,1997-06-26,2,11.92,Lazy K Kountry Store,12 Orchestra Terrace,Walla Walla,WA,99362,USA,1997,5,May,1997-05,11,21.0,10,0.0,Queso Cabrales,5,4,1 kg pkg.,10.5,22,30,30,0,Dairy Products,10.5,21.0,210.0,105.0,105.0,0.5,1997-05,0%
10546,VICTE,1,1997-05-23,1997-06-20,1997-05-27,3,194.72,Victuailles en stock,"2, rue du Commerce",Lyon,,69004,France,1997,5,May,1997-05,7,30.0,10,0.0,Uncle Bob's Organic Dried Pears,3,7,12 - 1 lb pkgs.,15.0,15,0,10,0,Produce,15.0,30.0,300.0,150.0,150.0,0.5,1997-05,0%
10546,VICTE,1,1997-05-23,1997-06-20,1997-05-27,3,194.72,Victuailles en stock,"2, rue du Commerce",Lyon,,69004,France,1997,5,May,1997-05,35,18.0,30,0.0,Steeleye Stout,16,1,24 - 12 oz bottles,9.0,20,0,15,0,Beverages,9.0,18.0,540.0,270.0,270.0,0.5,1997-05,0%
10546,VICTE,1,1997-05-23,1997-06-20,1997-05-27,3,194.72,Victuailles en stock,"2, rue du Commerce",Lyon,,69004,France,1997,5,May,1997-05,62,49.3,40,0.0,Tarte au sucre,29,3,48 pies,24.65,17,0,0,0,Confections,24.65,49.3,1972.0,986.0,986.0,0.5,1997-05,0%
10547,SEVES,3,1997-05-23,1997-06-20,1997-06-02,2,178.43,Seven Seas Imports,90 Wadhurst Rd.,London,,OX15 4NB,UK,1997,5,May,1997-05,32,32.0,24,0.15,Mascarpone Fabioli,14,4,24 - 200 g pkgs.,16.0,9,40,25,0,Dairy Products,16.0,32.0,652.8,384.0,268.79999999999995,0.4117647058823529,1997-05,10-20%
10547,SEVES,3,1997-05-23,1997-06-20,1997-06-02,2,178.43,Seven Seas Imports,90 Wadhurst Rd.,London,,OX15 4NB,UK,1997,5,May,1997-05,36,19.0,60,0.0,Inlagd Sill,17,8,24 - 250 g  jars,9.5,112,0,20,0,Seafood,9.5,19.0,1140.0,570.0,570.0,0.5,1997-05,0%
10548,TOMSP,3,1997-05-26,1997-06-23,1997-06-02,2,1.43,Toms Spezialitהten,Luisenstr. 48,Mnster,,44087,Germany,1997,5,May,1997-05,34,14.0,10,0.25,Sasquatch Ale,16,1,24 - 12 oz bottles,7.0,111,0,15,0,Beverages,7.0,14.0,105.0,70.0,35.0,0.3333333333333333,1997-05,20%+
10548,TOMSP,3,1997-05-26,1997-06-23,1997-06-02,2,1.43,Toms Spezialitהten,Luisenstr. 48,Mnster,,44087,Germany,1997,5,May,1997-05,41,9.65,14,0.0,Jack's New England Clam Chowder,19,8,12 - 12 oz cans,4.825,85,0,10,0,Seafood,4.825,9.65,135.1,67.55,67.55,0.5,1997-05,0%
10549,QUICK,5,1997-05-27,1997-06-10,1997-05-30,1,171.24,QUICK-Stop,Taucherstrae 10,Cunewalde,,1307,Germany,1997,5,May,1997-05,31,12.5,55,0.15,Gorgonzola Telino,14,4,12 - 100 g pkgs,6.25,0,70,20,0,Dairy Products,6.25,12.5,584.375,343.75,240.625,0.4117647058823529,1997-05,10-20%
10549,QUICK,5,1997-05-27,1997-06-10,1997-05-30,1,171.24,QUICK-Stop,Taucherstrae 10,Cunewalde,,1307,Germany,1997,5,May,1997-05,45,9.5,100,0.15,Rogede sild,21,8,1k pkg.,4.75,5,70,15,0,Seafood,4.75,9.5,807.5,475.0,332.5,0.4117647058823529,1997-05,10-20%
10549,QUICK,5,1997-05-27,1997-06-10,1997-05-30,1,171.24,QUICK-Stop,Taucherstrae 10,Cunewalde,,1307,Germany,1997,5,May,1997-05,51,53.0,48,0.15,Manjimup Dried Apples,24,7,50 - 300 g pkgs.,26.5,20,0,10,0,Produce,26.5,53.0,2162.4,1272.0,890.4000000000001,0.411764705882353,1997-05,10-20%
10550,GODOS,7,1997-05-28,1997-06-25,1997-06-06,3,4.32,Godos Cocina Tםpica,"C/ Romero, 33",Sevilla,,41101,Spain,1997,5,May,1997-05,17,39.0,8,0.1,Alice Mutton,7,6,20 - 1 kg tins,19.5,0,0,0,1,Meat/Poultry,19.5,39.0,280.8,156.0,124.80000000000001,0.4444444444444445,1997-05,5-10%
10550,GODOS,7,1997-05-28,1997-06-25,1997-06-06,3,4.32,Godos Cocina Tםpica,"C/ Romero, 33",Sevilla,,41101,Spain,1997,5,May,1997-05,19,9.2,10,0.0,Teatime Chocolate Biscuits,8,3,10 boxes x 12 pieces,4.6,25,0,5,0,Confections,4.6,9.2,92.0,46.0,46.0,0.5,1997-05,0%
10550,GODOS,7,1997-05-28,1997-06-25,1997-06-06,3,4.32,Godos Cocina Tםpica,"C/ Romero, 33",Sevilla,,41101,Spain,1997,5,May,1997-05,21,10.0,6,0.1,Sir Rodney's Scones,8,3,24 pkgs. x 4 pieces,5.0,3,40,5,0,Confections,5.0,10.0,54.0,30.0,24.0,0.4444444444444444,1997-05,5-10%
10550,GODOS,7,1997-05-28,1997-06-25,1997-06-06,3,4.32,Godos Cocina Tםpica,"C/ Romero, 33",Sevilla,,41101,Spain,1997,5,May,1997-05,61,28.5,10,0.1,Sirop d'יrable,29,2,24 - 500 ml bottles,14.25,113,0,25,0,Condiments,14.25,28.5,256.5,142.5,114.0,0.4444444444444444,1997-05,5-10%
10551,FURIB,4,1997-05-28,1997-07-09,1997-06-06,3,72.95,Furia Bacalhau e Frutos do Mar,Jardim das rosas n. 32,Lisboa,,1675,Portugal,1997,5,May,1997-05,16,17.45,40,0.15,Pavlova,7,3,32 - 500 g boxes,8.725,29,0,10,0,Confections,8.725,17.45,593.3,349.0,244.29999999999995,0.4117647058823529,1997-05,10-20%
10551,FURIB,4,1997-05-28,1997-07-09,1997-06-06,3,72.95,Furia Bacalhau e Frutos do Mar,Jardim das rosas n. 32,Lisboa,,1675,Portugal,1997,5,May,1997-05,35,18.0,20,0.15,Steeleye Stout,16,1,24 - 12 oz bottles,9.0,20,0,15,0,Beverages,9.0,18.0,306.0,180.0,126.0,0.4117647058823529,1997-05,10-20%
10551,FURIB,4,1997-05-28,1997-07-09,1997-06-06,3,72.95,Furia Bacalhau e Frutos do Mar,Jardim das rosas n. 32,Lisboa,,1675,Portugal,1997,5,May,1997-05,44,19.45,40,0.0,Gula Malacca,20,2,20 - 2 kg bags,9.725,27,0,15,0,Condiments,9.725,19.45,778.0,389.0,389.0,0.5,1997-05,0%
10552,HILAA,2,1997-05-29,1997-06-26,1997-06-05,1,83.22,HILARION-Abastos,Carrera 22 con Ave. Carlos Soublette #8-35,San Cristףbal,Tבchira,5022,Venezuela,1997,5,May,1997-05,69,36.0,18,0.0,Gudbrandsdalsost,15,4,10 kg pkg.,18.0,26,0,15,0,Dairy Products,18.0,36.0,648.0,324.0,324.0,0.5,1997-05,0%
10552,HILAA,2,1997-05-29,1997-06-26,1997-06-05,1,83.22,HILARION-Abastos,Carrera 22 con Ave. Carlos Soublette #8-35,San Cristףbal,Tבchira,5022,Venezuela,1997,5,May,1997-05,75,7.75,30,0.0,Rhצnbrהu Klosterbier,12,1,24 - 0.5 l bottles,3.875,125,0,25,0,Beverages,3.875,7.75,232.5,116.25,116.25,0.5,1997-05,0%
10553,WARTH,2,1997-05-30,1997-06-27,1997-06-03,2,149.49,Wartian Herkku,Torikatu 38,Oulu,,90110,Finland,1997,5,May,1997-05,11,21.0,15,0.0,Queso Cabrales,5,4,1 kg pkg.,10.5,22,30,30,0,Dairy Products,10.5,21.0,315.0,157.5,157.5,0.5,1997-05,0%
10553,WARTH,2,1997-05-30,1997-06-27,1997-06-03,2,149.49,Wartian Herkku,Torikatu 38,Oulu,,90110,Finland,1997,5,May,1997-05,16,17.45,14,0.0,Pavlova,7,3,32 - 500 g boxes,8.725,29,0,10,0,Confections,8.725,17.45,244.29999999999998,122.14999999999999,122.14999999999999,0.5,1997-05,0%
10553,WARTH,2,1997-05-30,1997-06-27,1997-06-03,2,149.49,Wartian Herkku,Torikatu 38,Oulu,,90110,Finland,1997,5,May,1997-05,22,21.0,24,0.0,Gustaf's Knהckebrצd,9,5,24 - 500 g pkgs.,10.5,104,0,25,0,Grains/Cereals,10.5,21.0,504.0,252.0,252.0,0.5,1997-05,0%
10553,WARTH,2,1997-05-30,1997-06-27,1997-06-03,2,149.49,Wartian Herkku,Torikatu 38,Oulu,,90110,Finland,1997,5,May,1997-05,31,12.5,30,0.0,Gorgonzola Telino,14,4,12 - 100 g pkgs,6.25,0,70,20,0,Dairy Products,6.25,12.5,375.0,187.5,187.5,0.5,1997-05,0%
10553,WARTH,2,1997-05-30,1997-06-27,1997-06-03,2,149.49,Wartian Herkku,Torikatu 38,Oulu,,90110,Finland,1997,5,May,1997-05,35,18.0,6,0.0,Steeleye Stout,16,1,24 - 12 oz bottles,9.0,20,0,15,0,Beverages,9.0,18.0,108.0,54.0,54.0,0.5,1997-05,0%
10554,OTTIK,4,1997-05-30,1997-06-27,1997-06-05,3,120.97,Ottilies Kהseladen,Mehrheimerstr. 369,Kצln,,50739,Germany,1997,5,May,1997-05,16,17.45,30,0.05,Pavlova,7,3,32 - 500 g boxes,8.725,29,0,10,0,Confections,8.725,17.45,497.325,261.75,235.575,0.47368421052631576,1997-05,0-5%
10554,OTTIK,4,1997-05-30,1997-06-27,1997-06-05,3,120.97,Ottilies Kהseladen,Mehrheimerstr. 369,Kצln,,50739,Germany,1997,5,May,1997-05,23,9.0,20,0.05,Tunnbrצd,9,5,12 - 250 g pkgs.,4.5,61,0,25,0,Grains/Cereals,4.5,9.0,171.0,90.0,81.0,0.47368421052631576,1997-05,0-5%
10554,OTTIK,4,1997-05-30,1997-06-27,1997-06-05,3,120.97,Ottilies Kהseladen,Mehrheimerstr. 369,Kצln,,50739,Germany,1997,5,May,1997-05,62,49.3,20,0.05,Tarte au sucre,29,3,48 pies,24.65,17,0,0,0,Confections,24.65,49.3,936.6999999999999,493.0,443.69999999999993,0.47368421052631576,1997-05,0-5%
10554,OTTIK,4,1997-05-30,1997-06-27,1997-06-05,3,120.97,Ottilies Kהseladen,Mehrheimerstr. 369,Kצln,,50739,Germany,1997,5,May,1997-05,77,13.0,10,0.05,Original Frankfurter grne Soe,12,2,12 boxes,6.5,32,0,15,0,Condiments,6.5,13.0,123.5,65.0,58.5,0.47368421052631576,1997-05,0-5%
10555,SAVEA,6,1997-06-02,1997-06-30,1997-06-04,3,252.49,Save-a-lot Markets,187 Suffolk Ln.,Boise,ID,83720,USA,1997,6,June,1997-06,14,23.25,30,0.2,Tofu,6,7,40 - 100 g pkgs.,11.625,35,0,0,0,Produce,11.625,23.25,558.0,348.75,209.25,0.375,1997-06,10-20%
10555,SAVEA,6,1997-06-02,1997-06-30,1997-06-04,3,252.49,Save-a-lot Markets,187 Suffolk Ln.,Boise,ID,83720,USA,1997,6,June,1997-06,19,9.2,35,0.2,Teatime Chocolate Biscuits,8,3,10 boxes x 12 pieces,4.6,25,0,5,0,Confections,4.6,9.2,257.6,161.0,96.60000000000002,0.37500000000000006,1997-06,10-20%
10555,SAVEA,6,1997-06-02,1997-06-30,1997-06-04,3,252.49,Save-a-lot Markets,187 Suffolk Ln.,Boise,ID,83720,USA,1997,6,June,1997-06,24,4.5,18,0.2,Guaranב Fantבstica,10,1,12 - 355 ml cans,2.25,20,0,0,1,Beverages,2.25,4.5,64.8,40.5,24.299999999999997,0.375,1997-06,10-20%
10555,SAVEA,6,1997-06-02,1997-06-30,1997-06-04,3,252.49,Save-a-lot Markets,187 Suffolk Ln.,Boise,ID,83720,USA,1997,6,June,1997-06,51,53.0,20,0.2,Manjimup Dried Apples,24,7,50 - 300 g pkgs.,26.5,20,0,10,0,Produce,26.5,53.0,848.0,530.0,318.0,0.375,1997-06,10-20%
10555,SAVEA,6,1997-06-02,1997-06-30,1997-06-04,3,252.49,Save-a-lot Markets,187 Suffolk Ln.,Boise,ID,83720,USA,1997,6,June,1997-06,56,38.0,40,0.2,Gnocchi di nonna Alice,26,5,24 - 250 g pkgs.,19.0,21,10,30,0,Grains/Cereals,19.0,38.0,1216.0,760.0,456.0,0.375,1997-06,10-20%
10556,SIMOB,2,1997-06-03,1997-07-15,1997-06-13,1,9.8,Simons bistro,Vinbזltet 34,Kobenhavn,,1734,Denmark,1997,6,June,1997-06,72,34.8,24,0.0,Mozzarella di Giovanni,14,4,24 - 200 g pkgs.,17.4,14,0,0,0,Dairy Products,17.4,34.8,835.1999999999999,417.59999999999997,417.59999999999997,0.5,1997-06,0%
10557,LEHMS,9,1997-06-03,1997-06-17,1997-06-06,2,96.72,Lehmanns Marktstand,Magazinweg 7,Frankfurt a.M.,,60528,Germany,1997,6,June,1997-06,64,33.25,30,0.0,Wimmers gute Semmelknצdel,12,5,20 bags x 4 pieces,16.625,22,80,30,0,Grains/Cereals,16.625,33.25,997.5,498.75,498.75,0.5,1997-06,0%
10557,LEHMS,9,1997-06-03,1997-06-17,1997-06-06,2,96.72,Lehmanns Marktstand,Magazinweg 7,Frankfurt a.M.,,60528,Germany,1997,6,June,1997-06,75,7.75,20,0.0,Rhצnbrהu Klosterbier,12,1,24 - 0.5 l bottles,3.875,125,0,25,0,Beverages,3.875,7.75,155.0,77.5,77.5,0.5,1997-06,0%
10558,AROUT,1,1997-06-04,1997-07-02,1997-06-10,2,72.97,Around the Horn,Brook Farm Stratford St. Mary,Colchester,Essex,CO7 6JX,UK,1997,6,June,1997-06,47,9.5,25,0.0,Zaanse koeken,22,3,10 - 4 oz boxes,4.75,36,0,0,0,Confections,4.75,9.5,237.5,118.75,118.75,0.5,1997-06,0%
10558,AROUT,1,1997-06-04,1997-07-02,1997-06-10,2,72.97,Around the Horn,Brook Farm Stratford St. Mary,Colchester,Essex,CO7 6JX,UK,1997,6,June,1997-06,51,53.0,20,0.0,Manjimup Dried Apples,24,7,50 - 300 g pkgs.,26.5,20,0,10,0,Produce,26.5,53.0,1060.0,530.0,530.0,0.5,1997-06,0%
10558,AROUT,1,1997-06-04,1997-07-02,1997-06-10,2,72.97,Around the Horn,Brook Farm Stratford St. Mary,Colchester,Essex,CO7 6JX,UK,1997,6,June,1997-06,52,7.0,30,0.0,Filo Mix,24,5,16 - 2 kg boxes,3.5,38,0,25,0,Grains/Cereals,3.5,7.0,210.0,105.0,105.0,0.5,1997-06,0%
10558,AROUT,1,1997-06-04,1997-07-02,1997-06-10,2,72.97,Around the Horn,Brook Farm Stratford St. Mary,Colchester,Essex,CO7 6JX,UK,1997,6,June,1997-06,53,32.8,18,0.0,Perth Pasties,24,6,48 pieces,16.4,0,0,0,1,Meat/Poultry,16.4,32.8,590.4,295.2,295.2,0.5,1997-06,0%
10558,AROUT,1,1997-06-04,1997-07-02,1997-06-10,2,72.97,Around the Horn,Brook Farm Stratford St. Mary,Colchester,Essex,CO7 6JX,UK,1997,6,June,1997-06,73,15.0,3,0.0,Rצd Kaviar,17,8,24 - 150 g jars,7.5,101,0,5,0,Seafood,7.5,15.0,45.0,22.5,22.5,0.5,1997-06,0%
10559,BLONP,6,1997-06-05,1997-07-03,1997-06-13,1,8.05,Blondel pטre et fils,"24, place Klיber",Strasbourg,,67000,France,1997,6,June,1997-06,41,9.65,12,0.05,Jack's New England Clam Chowder,19,8,12 - 12 oz cans,4.825,85,0,10,0,Seafood,4.825,9.65,110.01,57.900000000000006,52.11,0.47368421052631576,1997-06,0-5%
10559,BLONP,6,1997-06-05,1997-07-03,1997-06-13,1,8.05,Blondel pטre et fils,"24, place Klיber",Strasbourg,,67000,France,1997,6,June,1997-06,55,24.0,18,0.05,Pגtי chinois,25,6,24 boxes x 2 pies,12.0,115,0,20,0,Meat/Poultry,12.0,24.0,410.4,216.0,194.39999999999998,0.47368421052631576,1997-06,0-5%
10560,FRANK,8,1997-06-06,1997-07-04,1997-06-09,1,36.65,Frankenversand,Berliner Platz 43,Mnchen,,80805,Germany,1997,6,June,1997-06,30,25.89,20,0.0,Nord-Ost Matjeshering,13,8,10 - 200 g glasses,12.945,10,0,15,0,Seafood,12.945,25.89,517.8,258.9,258.9,0.5,1997-06,0%
10560,FRANK,8,1997-06-06,1997-07-04,1997-06-09,1,36.65,Frankenversand,Berliner Platz 43,Mnchen,,80805,Germany,1997,6,June,1997-06,62,49.3,15,0.25,Tarte au sucre,29,3,48 pies,24.65,17,0,0,0,Confections,24.65,49.3,554.625,369.75,184.875,0.3333333333333333,1997-06,20%+
10561,FOLKO,2,1997-06-06,1997-07-04,1997-06-09,2,242.21,Folk och fה HB,ֵkergatan 24,Brהcke,,S-844 67,Sweden,1997,6,June,1997-06,44,19.45,10,0.0,Gula Malacca,20,2,20 - 2 kg bags,9.725,27,0,15,0,Condiments,9.725,19.45,194.5,97.25,97.25,0.5,1997-06,0%
10561,FOLKO,2,1997-06-06,1997-07-04,1997-06-09,2,242.21,Folk och fה HB,ֵkergatan 24,Brהcke,,S-844 67,Sweden,1997,6,June,1997-06,51,53.0,50,0.0,Manjimup Dried Apples,24,7,50 - 300 g pkgs.,26.5,20,0,10,0,Produce,26.5,53.0,2650.0,1325.0,1325.0,0.5,1997-06,0%
10562,REGGC,1,1997-06-09,1997-07-07,1997-06-12,1,22.95,Reggiani Caseifici,Strada Provinciale 124,Reggio Emilia,,42100,Italy,1997,6,June,1997-06,33,2.5,20,0.1,Geitost,15,4,500 g,1.25,112,0,20,0,Dairy Products,1.25,2.5,45.0,25.0,20.0,0.4444444444444444,1997-06,5-10%
10562,REGGC,1,1997-06-09,1997-07-07,1997-06-12,1,22.95,Reggiani Caseifici,Strada Provinciale 124,Reggio Emilia,,42100,Italy,1997,6,June,1997-06,62,49.3,10,0.1,Tarte au sucre,29,3,48 pies,24.65,17,0,0,0,Confections,24.65,49.3,443.7,246.5,197.2,0.4444444444444444,1997-06,5-10%
10563,RICAR,2,1997-06-10,1997-07-22,1997-06-24,2,60.43,Ricardo Adocicados,"Av. Copacabana, 267",Rio de Janeiro,RJ,02389-890,Brazil,1997,6,June,1997-06,36,19.0,25,0.0,Inlagd Sill,17,8,24 - 250 g  jars,9.5,112,0,20,0,Seafood,9.5,19.0,475.0,237.5,237.5,0.5,1997-06,0%
10563,RICAR,2,1997-06-10,1997-07-22,1997-06-24,2,60.43,Ricardo Adocicados,"Av. Copacabana, 267",Rio de Janeiro,RJ,02389-890,Brazil,1997,6,June,1997-06,52,7.0,70,0.0,Filo Mix,24,5,16 - 2 kg boxes,3.5,38,0,25,0,Grains/Cereals,3.5,7.0,490.0,245.0,245.0,0.5,1997-06,0%
10564,RATTC,4,1997-06-10,1997-07-08,1997-06-16,3,13.75,Rattlesnake Canyon Grocery,2817 Milton Dr.,Albuquerque,NM,87110,USA,1997,6,June,1997-06,17,39.0,16,0.05,Alice Mutton,7,6,20 - 1 kg tins,19.5,0,0,0,1,Meat/Poultry,19.5,39.0,592.8,312.0,280.79999999999995,0.47368421052631576,1997-06,0-5%
10564,RATTC,4,1997-06-10,1997-07-08,1997-06-16,3,13.75,Rattlesnake Canyon Grocery,2817 Milton Dr.,Albuquerque,NM,87110,USA,1997,6,June,1997-06,31,12.5,6,0.05,Gorgonzola Telino,14,4,12 - 100 g pkgs,6.25,0,70,20,0,Dairy Products,6.25,12.5,71.25,37.5,33.75,0.47368421052631576,1997-06,0-5%
10564,RATTC,4,1997-06-10,1997-07-08,1997-06-16,3,13.75,Rattlesnake Canyon Grocery,2817 Milton Dr.,Albuquerque,NM,87110,USA,1997,6,June,1997-06,55,24.0,25,0.05,Pגtי chinois,25,6,24 boxes x 2 pies,12.0,115,0,20,0,Meat/Poultry,12.0,24.0,570.0,300.0,270.0,0.47368421052631576,1997-06,0-5%
10565,MEREP,8,1997-06-11,1997-07-09,1997-06-18,2,7.15,Mטre Paillarde,43 rue St. Laurent,Montrיal,Quיbec,H1J 1C3,Canada,1997,6,June,1997-06,24,4.5,25,0.1,Guaranב Fantבstica,10,1,12 - 355 ml cans,2.25,20,0,0,1,Beverages,2.25,4.5,101.25,56.25,45.0,0.4444444444444444,1997-06,5-10%
10565,MEREP,8,1997-06-11,1997-07-09,1997-06-18,2,7.15,Mטre Paillarde,43 rue St. Laurent,Montrיal,Quיbec,H1J 1C3,Canada,1997,6,June,1997-06,64,33.25,18,0.1,Wimmers gute Semmelknצdel,12,5,20 bags x 4 pieces,16.625,22,80,30,0,Grains/Cereals,16.625,33.25,538.65,299.25,239.39999999999998,0.4444444444444444,1997-06,5-10%
10566,BLONP,9,1997-06-12,1997-07-10,1997-06-18,1,88.4,Blondel pטre et fils,"24, place Klיber",Strasbourg,,67000,France,1997,6,June,1997-06,11,21.0,35,0.15,Queso Cabrales,5,4,1 kg pkg.,10.5,22,30,30,0,Dairy Products,10.5,21.0,624.75,367.5,257.25,0.4117647058823529,1997-06,10-20%
10566,BLONP,9,1997-06-12,1997-07-10,1997-06-18,1,88.4,Blondel pטre et fils,"24, place Klיber",Strasbourg,,67000,France,1997,6,June,1997-06,18,62.5,18,0.15,Carnarvon Tigers,7,8,16 kg pkg.,31.25,42,0,0,0,Seafood,31.25,62.5,956.25,562.5,393.75,0.4117647058823529,1997-06,10-20%
10566,BLONP,9,1997-06-12,1997-07-10,1997-06-18,1,88.4,Blondel pטre et fils,"24, place Klיber",Strasbourg,,67000,France,1997,6,June,1997-06,76,18.0,10,0.0,Lakkalikצצri,23,1,500 ml,9.0,57,0,20,0,Beverages,9.0,18.0,180.0,90.0,90.0,0.5,1997-06,0%
10567,HUNGO,1,1997-06-12,1997-07-10,1997-06-17,1,33.97,Hungry Owl All-Night Grocers,8 Johnstown Road,Cork,Co. Cork,,Ireland,1997,6,June,1997-06,31,12.5,60,0.2,Gorgonzola Telino,14,4,12 - 100 g pkgs,6.25,0,70,20,0,Dairy Products,6.25,12.5,600.0,375.0,225.0,0.375,1997-06,10-20%
10567,HUNGO,1,1997-06-12,1997-07-10,1997-06-17,1,33.97,Hungry Owl All-Night Grocers,8 Johnstown Road,Cork,Co. Cork,,Ireland,1997,6,June,1997-06,51,53.0,3,0.0,Manjimup Dried Apples,24,7,50 - 300 g pkgs.,26.5,20,0,10,0,Produce,26.5,53.0,159.0,79.5,79.5,0.5,1997-06,0%
10567,HUNGO,1,1997-06-12,1997-07-10,1997-06-17,1,33.97,Hungry Owl All-Night Grocers,8 Johnstown Road,Cork,Co. Cork,,Ireland,1997,6,June,1997-06,59,55.0,40,0.2,Raclette Courdavault,28,4,5 kg pkg.,27.5,79,0,0,0,Dairy Products,27.5,55.0,1760.0,1100.0,660.0,0.375,1997-06,10-20%
10568,GALED,3,1997-06-13,1997-07-11,1997-07-09,3,6.54,Galerםa del gastronףmo,"Rambla de Cataluסa, 23",Barcelona,,8022,Spain,1997,6,June,1997-06,10,31.0,5,0.0,Ikura,4,8,12 - 200 ml jars,15.5,31,0,0,0,Seafood,15.5,31.0,155.0,77.5,77.5,0.5,1997-06,0%
10569,RATTC,5,1997-06-16,1997-07-14,1997-07-11,1,58.98,Rattlesnake Canyon Grocery,2817 Milton Dr.,Albuquerque,NM,87110,USA,1997,6,June,1997-06,31,12.5,35,0.2,Gorgonzola Telino,14,4,12 - 100 g pkgs,6.25,0,70,20,0,Dairy Products,6.25,12.5,350.0,218.75,131.25,0.375,1997-06,10-20%
10569,RATTC,5,1997-06-16,1997-07-14,1997-07-11,1,58.98,Rattlesnake Canyon Grocery,2817 Milton Dr.,Albuquerque,NM,87110,USA,1997,6,June,1997-06,76,18.0,30,0.0,Lakkalikצצri,23,1,500 ml,9.0,57,0,20,0,Beverages,9.0,18.0,540.0,270.0,270.0,0.5,1997-06,0%
10570,MEREP,3,1997-06-17,1997-07-15,1997-06-19,3,188.99,Mטre Paillarde,43 rue St. Laurent,Montrיal,Quיbec,H1J 1C3,Canada,1997,6,June,1997-06,11,21.0,15,0.05,Queso Cabrales,5,4,1 kg pkg.,10.5,22,30,30,0,Dairy Products,10.5,21.0,299.25,157.5,141.75,0.47368421052631576,1997-06,0-5%
10570,MEREP,3,1997-06-17,1997-07-15,1997-06-19,3,188.99,Mטre Paillarde,43 rue St. Laurent,Montrיal,Quיbec,H1J 1C3,Canada,1997,6,June,1997-06,56,38.0,60,0.05,Gnocchi di nonna Alice,26,5,24 - 250 g pkgs.,19.0,21,10,30,0,Grains/Cereals,19.0,38.0,2166.0,1140.0,1026.0,0.47368421052631576,1997-06,0-5%
10571,ERNSH,8,1997-06-17,1997-07-29,1997-07-04,3,26.06,Ernst Handel,Kirchgasse 6,Graz,,8010,Austria,1997,6,June,1997-06,14,23.25,11,0.15,Tofu,6,7,40 - 100 g pkgs.,11.625,35,0,0,0,Produce,11.625,23.25,217.3875,127.875,89.51249999999999,0.4117647058823529,1997-06,10-20%
10571,ERNSH,8,1997-06-17,1997-07-29,1997-07-04,3,26.06,Ernst Handel,Kirchgasse 6,Graz,,8010,Austria,1997,6,June,1997-06,42,14.0,28,0.15,Singaporean Hokkien Fried Mee,20,5,32 - 1 kg pkgs.,7.0,26,0,0,1,Grains/Cereals,7.0,14.0,333.2,196.0,137.2,0.4117647058823529,1997-06,10-20%
10572,BERGS,3,1997-06-18,1997-07-16,1997-06-25,2,116.43,Berglunds snabbkצp,Berguvsvהgen  8,Luleו,,S-958 22,Sweden,1997,6,June,1997-06,16,17.45,12,0.1,Pavlova,7,3,32 - 500 g boxes,8.725,29,0,10,0,Confections,8.725,17.45,188.45999999999998,104.69999999999999,83.75999999999999,0.4444444444444444,1997-06,5-10%
10572,BERGS,3,1997-06-18,1997-07-16,1997-06-25,2,116.43,Berglunds snabbkצp,Berguvsvהgen  8,Luleו,,S-958 22,Sweden,1997,6,June,1997-06,32,32.0,10,0.1,Mascarpone Fabioli,14,4,24 - 200 g pkgs.,16.0,9,40,25,0,Dairy Products,16.0,32.0,288.0,160.0,128.0,0.4444444444444444,1997-06,5-10%
10572,BERGS,3,1997-06-18,1997-07-16,1997-06-25,2,116.43,Berglunds snabbkצp,Berguvsvהgen  8,Luleו,,S-958 22,Sweden,1997,6,June,1997-06,40,18.4,50,0.0,Boston Crab Meat,19,8,24 - 4 oz tins,9.2,123,0,30,0,Seafood,9.2,18.4,919.9999999999999,459.99999999999994,459.99999999999994,0.5,1997-06,0%
10572,BERGS,3,1997-06-18,1997-07-16,1997-06-25,2,116.43,Berglunds snabbkצp,Berguvsvהgen  8,Luleו,,S-958 22,Sweden,1997,6,June,1997-06,75,7.75,15,0.1,Rhצnbrהu Klosterbier,12,1,24 - 0.5 l bottles,3.875,125,0,25,0,Beverages,3.875,7.75,104.625,58.125,46.5,0.4444444444444444,1997-06,5-10%
10573,ANTON,7,1997-06-19,1997-07-17,1997-06-20,3,84.84,Antonio Moreno Taquerםa,Mataderos  2312,Mיxico D.F.,,5023,Mexico,1997,6,June,1997-06,17,39.0,18,0.0,Alice Mutton,7,6,20 - 1 kg tins,19.5,0,0,0,1,Meat/Poultry,19.5,39.0,702.0,351.0,351.0,0.5,1997-06,0%
10573,ANTON,7,1997-06-19,1997-07-17,1997-06-20,3,84.84,Antonio Moreno Taquerםa,Mataderos  2312,Mיxico D.F.,,5023,Mexico,1997,6,June,1997-06,34,14.0,40,0.0,Sasquatch Ale,16,1,24 - 12 oz bottles,7.0,111,0,15,0,Beverages,7.0,14.0,560.0,280.0,280.0,0.5,1997-06,0%
10573,ANTON,7,1997-06-19,1997-07-17,1997-06-20,3,84.84,Antonio Moreno Taquerםa,Mataderos  2312,Mיxico D.F.,,5023,Mexico,1997,6,June,1997-06,53,32.8,25,0.0,Perth Pasties,24,6,48 pieces,16.4,0,0,0,1,Meat/Poultry,16.4,32.8,819.9999999999999,409.99999999999994,409.99999999999994,0.5,1997-06,0%
10574,TRAIH,4,1997-06-19,1997-07-17,1997-06-30,2,37.6,Trail's Head Gourmet Provisioners,722 DaVinci Blvd.,Kirkland,WA,98034,USA,1997,6,June,1997-06,33,2.5,14,0.0,Geitost,15,4,500 g,1.25,112,0,20,0,Dairy Products,1.25,2.5,35.0,17.5,17.5,0.5,1997-06,0%
10574,TRAIH,4,1997-06-19,1997-07-17,1997-06-30,2,37.6,Trail's Head Gourmet Provisioners,722 DaVinci Blvd.,Kirkland,WA,98034,USA,1997,6,June,1997-06,40,18.4,2,0.0,Boston Crab Meat,19,8,24 - 4 oz tins,9.2,123,0,30,0,Seafood,9.2,18.4,36.8,18.4,18.4,0.5,1997-06,0%
10574,TRAIH,4,1997-06-19,1997-07-17,1997-06-30,2,37.6,Trail's Head Gourmet Provisioners,722 DaVinci Blvd.,Kirkland,WA,98034,USA,1997,6,June,1997-06,62,49.3,10,0.0,Tarte au sucre,29,3,48 pies,24.65,17,0,0,0,Confections,24.65,49.3,493.0,246.5,246.5,0.5,1997-06,0%
10574,TRAIH,4,1997-06-19,1997-07-17,1997-06-30,2,37.6,Trail's Head Gourmet Provisioners,722 DaVinci Blvd.,Kirkland,WA,98034,USA,1997,6,June,1997-06,64,33.25,6,0.0,Wimmers gute Semmelknצdel,12,5,20 bags x 4 pieces,16.625,22,80,30,0,Grains/Cereals,16.625,33.25,199.5,99.75,99.75,0.5,1997-06,0%
10575,MORGK,5,1997-06-20,1997-07-04,1997-06-30,1,127.34,Morgenstern Gesundkost,Heerstr. 22,Leipzig,,4179,Germany,1997,6,June,1997-06,59,55.0,12,0.0,Raclette Courdavault,28,4,5 kg pkg.,27.5,79,0,0,0,Dairy Products,27.5,55.0,660.0,330.0,330.0,0.5,1997-06,0%
10575,MORGK,5,1997-06-20,1997-07-04,1997-06-30,1,127.34,Morgenstern Gesundkost,Heerstr. 22,Leipzig,,4179,Germany,1997,6,June,1997-06,63,43.9,6,0.0,Vegie-spread,7,2,15 - 625 g jars,21.95,24,0,5,0,Condiments,21.95,43.9,263.4,131.7,131.7,0.5,1997-06,0%
10575,MORGK,5,1997-06-20,1997-07-04,1997-06-30,1,127.34,Morgenstern Gesundkost,Heerstr. 22,Leipzig,,4179,Germany,1997,6,June,1997-06,72,34.8,30,0.0,Mozzarella di Giovanni,14,4,24 - 200 g pkgs.,17.4,14,0,0,0,Dairy Products,17.4,34.8,1044.0,522.0,522.0,0.5,1997-06,0%
10575,MORGK,5,1997-06-20,1997-07-04,1997-06-30,1,127.34,Morgenstern Gesundkost,Heerstr. 22,Leipzig,,4179,Germany,1997,6,June,1997-06,76,18.0,10,0.0,Lakkalikצצri,23,1,500 ml,9.0,57,0,20,0,Beverages,9.0,18.0,180.0,90.0,90.0,0.5,1997-06,0%
10576,TORTU,3,1997-06-23,1997-07-07,1997-06-30,3,18.56,Tortuga Restaurante,Avda. Azteca 123,Mיxico D.F.,,5033,Mexico,1997,6,June,1997-06,1,18.0,10,0.0,Chai,1,1,10 boxes x 20 bags,9.0,39,0,10,0,Beverages,9.0,18.0,180.0,90.0,90.0,0.5,1997-06,0%
10576,TORTU,3,1997-06-23,1997-07-07,1997-06-30,3,18.56,Tortuga Restaurante,Avda. Azteca 123,Mיxico D.F.,,5033,Mexico,1997,6,June,1997-06,31,12.5,20,0.0,Gorgonzola Telino,14,4,12 - 100 g pkgs,6.25,0,70,20,0,Dairy Products,6.25,12.5,250.0,125.0,125.0,0.5,1997-06,0%
10576,TORTU,3,1997-06-23,1997-07-07,1997-06-30,3,18.56,Tortuga Restaurante,Avda. Azteca 123,Mיxico D.F.,,5033,Mexico,1997,6,June,1997-06,44,19.45,21,0.0,Gula Malacca,20,2,20 - 2 kg bags,9.725,27,0,15,0,Condiments,9.725,19.45,408.45,204.225,204.225,0.5,1997-06,0%
10577,TRAIH,9,1997-06-23,1997-08-04,1997-06-30,2,25.41,Trail's Head Gourmet Provisioners,722 DaVinci Blvd.,Kirkland,WA,98034,USA,1997,6,June,1997-06,39,18.0,10,0.0,Chartreuse verte,18,1,750 cc per bottle,9.0,69,0,5,0,Beverages,9.0,18.0,180.0,90.0,90.0,0.5,1997-06,0%
10577,TRAIH,9,1997-06-23,1997-08-04,1997-06-30,2,25.41,Trail's Head Gourmet Provisioners,722 DaVinci Blvd.,Kirkland,WA,98034,USA,1997,6,June,1997-06,75,7.75,20,0.0,Rhצnbrהu Klosterbier,12,1,24 - 0.5 l bottles,3.875,125,0,25,0,Beverages,3.875,7.75,155.0,77.5,77.5,0.5,1997-06,0%
10577,TRAIH,9,1997-06-23,1997-08-04,1997-06-30,2,25.41,Trail's Head Gourmet Provisioners,722 DaVinci Blvd.,Kirkland,WA,98034,USA,1997,6,June,1997-06,77,13.0,18,0.0,Original Frankfurter grne Soe,12,2,12 boxes,6.5,32,0,15,0,Condiments,6.5,13.0,234.0,117.0,117.0,0.5,1997-06,0%
10578,BSBEV,4,1997-06-24,1997-07-22,1997-07-25,3,29.6,B's Beverages,Fauntleroy Circus,London,,EC2 5NT,UK,1997,6,June,1997-06,35,18.0,20,0.0,Steeleye Stout,16,1,24 - 12 oz bottles,9.0,20,0,15,0,Beverages,9.0,18.0,360.0,180.0,180.0,0.5,1997-06,0%
10578,BSBEV,4,1997-06-24,1997-07-22,1997-07-25,3,29.6,B's Beverages,Fauntleroy Circus,London,,EC2 5NT,UK,1997,6,June,1997-06,57,19.5,6,0.0,Ravioli Angelo,26,5,24 - 250 g pkgs.,9.75,36,0,20,0,Grains/Cereals,9.75,19.5,117.0,58.5,58.5,0.5,1997-06,0%
10579,LETSS,1,1997-06-25,1997-07-23,1997-07-04,2,13.73,Let's Stop N Shop,87 Polk St. Suite 5,San Francisco,CA,94117,USA,1997,6,June,1997-06,15,15.5,10,0.0,Genen Shouyu,6,2,24 - 250 ml bottles,7.75,39,0,5,0,Condiments,7.75,15.5,155.0,77.5,77.5,0.5,1997-06,0%
10579,LETSS,1,1997-06-25,1997-07-23,1997-07-04,2,13.73,Let's Stop N Shop,87 Polk St. Suite 5,San Francisco,CA,94117,USA,1997,6,June,1997-06,75,7.75,21,0.0,Rhצnbrהu Klosterbier,12,1,24 - 0.5 l bottles,3.875,125,0,25,0,Beverages,3.875,7.75,162.75,81.375,81.375,0.5,1997-06,0%
10580,OTTIK,4,1997-06-26,1997-07-24,1997-07-01,3,75.89,Ottilies Kהseladen,Mehrheimerstr. 369,Kצln,,50739,Germany,1997,6,June,1997-06,14,23.25,15,0.05,Tofu,6,7,40 - 100 g pkgs.,11.625,35,0,0,0,Produce,11.625,23.25,331.3125,174.375,156.9375,0.47368421052631576,1997-06,0-5%
10580,OTTIK,4,1997-06-26,1997-07-24,1997-07-01,3,75.89,Ottilies Kהseladen,Mehrheimerstr. 369,Kצln,,50739,Germany,1997,6,June,1997-06,41,9.65,9,0.05,Jack's New England Clam Chowder,19,8,12 - 12 oz cans,4.825,85,0,10,0,Seafood,4.825,9.65,82.50750000000001,43.425000000000004,39.0825,0.47368421052631576,1997-06,0-5%
10580,OTTIK,4,1997-06-26,1997-07-24,1997-07-01,3,75.89,Ottilies Kהseladen,Mehrheimerstr. 369,Kצln,,50739,Germany,1997,6,June,1997-06,65,21.05,30,0.05,Louisiana Fiery Hot Pepper Sauce,2,2,32 - 8 oz bottles,10.525,76,0,0,0,Condiments,10.525,21.05,599.925,315.75,284.17499999999995,0.47368421052631576,1997-06,0-5%
10581,FAMIA,3,1997-06-26,1997-07-24,1997-07-02,1,3.01,Familia Arquibaldo,"Rua Orףs, 92",Sao Paulo,SP,05442-030,Brazil,1997,6,June,1997-06,75,7.75,50,0.2,Rhצnbrהu Klosterbier,12,1,24 - 0.5 l bottles,3.875,125,0,25,0,Beverages,3.875,7.75,310.0,193.75,116.25,0.375,1997-06,10-20%
10582,BLAUS,3,1997-06-27,1997-07-25,1997-07-14,2,27.71,Blauer See Delikatessen,Forsterstr. 57,Mannheim,,68306,Germany,1997,6,June,1997-06,57,19.5,4,0.0,Ravioli Angelo,26,5,24 - 250 g pkgs.,9.75,36,0,20,0,Grains/Cereals,9.75,19.5,78.0,39.0,39.0,0.5,1997-06,0%
10582,BLAUS,3,1997-06-27,1997-07-25,1997-07-14,2,27.71,Blauer See Delikatessen,Forsterstr. 57,Mannheim,,68306,Germany,1997,6,June,1997-06,76,18.0,14,0.0,Lakkalikצצri,23,1,500 ml,9.0,57,0,20,0,Beverages,9.0,18.0,252.0,126.0,126.0,0.5,1997-06,0%
10583,WARTH,2,1997-06-30,1997-07-28,1997-07-04,2,7.28,Wartian Herkku,Torikatu 38,Oulu,,90110,Finland,1997,6,June,1997-06,29,123.79,10,0.0,Thringer Rostbratwurst,12,6,50 bags x 30 sausgs.,61.895,0,0,0,1,Meat/Poultry,61.895,123.79,1237.9,618.95,618.95,0.5,1997-06,0%
10583,WARTH,2,1997-06-30,1997-07-28,1997-07-04,2,7.28,Wartian Herkku,Torikatu 38,Oulu,,90110,Finland,1997,6,June,1997-06,60,34.0,24,0.15,Camembert Pierrot,28,4,15 - 300 g rounds,17.0,19,0,0,0,Dairy Products,17.0,34.0,693.6,408.0,285.6,0.411764705882353,1997-06,10-20%
10583,WARTH,2,1997-06-30,1997-07-28,1997-07-04,2,7.28,Wartian Herkku,Torikatu 38,Oulu,,90110,Finland,1997,6,June,1997-06,69,36.0,10,0.15,Gudbrandsdalsost,15,4,10 kg pkg.,18.0,26,0,15,0,Dairy Products,18.0,36.0,306.0,180.0,126.0,0.4117647058823529,1997-06,10-20%
10584,BLONP,4,1997-06-30,1997-07-28,1997-07-04,1,59.14,Blondel pטre et fils,"24, place Klיber",Strasbourg,,67000,France,1997,6,June,1997-06,31,12.5,50,0.05,Gorgonzola Telino,14,4,12 - 100 g pkgs,6.25,0,70,20,0,Dairy Products,6.25,12.5,593.75,312.5,281.25,0.47368421052631576,1997-06,0-5%
10585,WELLI,7,1997-07-01,1997-07-29,1997-07-10,1,13.41,Wellington Importadora,"Rua do Mercado, 12",Resende,SP,08737-363,Brazil,1997,7,July,1997-07,47,9.5,15,0.0,Zaanse koeken,22,3,10 - 4 oz boxes,4.75,36,0,0,0,Confections,4.75,9.5,142.5,71.25,71.25,0.5,1997-07,0%
10586,REGGC,9,1997-07-02,1997-07-30,1997-07-09,1,0.48,Reggiani Caseifici,Strada Provinciale 124,Reggio Emilia,,42100,Italy,1997,7,July,1997-07,52,7.0,4,0.15,Filo Mix,24,5,16 - 2 kg boxes,3.5,38,0,25,0,Grains/Cereals,3.5,7.0,23.8,14.0,9.8,0.411764705882353,1997-07,10-20%
10587,QUEDE,1,1997-07-02,1997-07-30,1997-07-09,1,62.52,Que Delםcia,"Rua da Panificadora, 12",Rio de Janeiro,RJ,02389-673,Brazil,1997,7,July,1997-07,26,31.23,6,0.0,Gumbהr Gummibהrchen,11,3,100 - 250 g bags,15.615,15,0,0,0,Confections,15.615,31.23,187.38,93.69,93.69,0.5,1997-07,0%
10587,QUEDE,1,1997-07-02,1997-07-30,1997-07-09,1,62.52,Que Delםcia,"Rua da Panificadora, 12",Rio de Janeiro,RJ,02389-673,Brazil,1997,7,July,1997-07,35,18.0,20,0.0,Steeleye Stout,16,1,24 - 12 oz bottles,9.0,20,0,15,0,Beverages,9.0,18.0,360.0,180.0,180.0,0.5,1997-07,0%
10587,QUEDE,1,1997-07-02,1997-07-30,1997-07-09,1,62.52,Que Delםcia,"Rua da Panificadora, 12",Rio de Janeiro,RJ,02389-673,Brazil,1997,7,July,1997-07,77,13.0,20,0.0,Original Frankfurter grne Soe,12,2,12 boxes,6.5,32,0,15,0,Condiments,6.5,13.0,260.0,130.0,130.0,0.5,1997-07,0%
10588,QUICK,2,1997-07-03,1997-07-31,1997-07-10,3,194.67,QUICK-Stop,Taucherstrae 10,Cunewalde,,1307,Germany,1997,7,July,1997-07,18,62.5,40,0.2,Carnarvon Tigers,7,8,16 kg pkg.,31.25,42,0,0,0,Seafood,31.25,62.5,2000.0,1250.0,750.0,0.375,1997-07,10-20%
10588,QUICK,2,1997-07-03,1997-07-31,1997-07-10,3,194.67,QUICK-Stop,Taucherstrae 10,Cunewalde,,1307,Germany,1997,7,July,1997-07,42,14.0,100,0.2,Singaporean Hokkien Fried Mee,20,5,32 - 1 kg pkgs.,7.0,26,0,0,1,Grains/Cereals,7.0,14.0,1120.0,700.0,420.0,0.375,1997-07,10-20%
10589,GREAL,8,1997-07-04,1997-08-01,1997-07-14,2,4.42,Great Lakes Food Market,2732 Baker Blvd.,Eugene,OR,97403,USA,1997,7,July,1997-07,35,18.0,4,0.0,Steeleye Stout,16,1,24 - 12 oz bottles,9.0,20,0,15,0,Beverages,9.0,18.0,72.0,36.0,36.0,0.5,1997-07,0%
10590,MEREP,4,1997-07-07,1997-08-04,1997-07-14,3,44.77,Mטre Paillarde,43 rue St. Laurent,Montrיal,Quיbec,H1J 1C3,Canada,1997,7,July,1997-07,1,18.0,20,0.0,Chai,1,1,10 boxes x 20 bags,9.0,39,0,10,0,Beverages,9.0,18.0,360.0,180.0,180.0,0.5,1997-07,0%
10590,MEREP,4,1997-07-07,1997-08-04,1997-07-14,3,44.77,Mטre Paillarde,43 rue St. Laurent,Montrיal,Quיbec,H1J 1C3,Canada,1997,7,July,1997-07,77,13.0,60,0.05,Original Frankfurter grne Soe,12,2,12 boxes,6.5,32,0,15,0,Condiments,6.5,13.0,741.0,390.0,351.0,0.47368421052631576,1997-07,0-5%
10591,VAFFE,1,1997-07-07,1997-07-21,1997-07-16,1,55.92,Vaffeljernet,Smagsloget 45,ֵrhus,,8200,Denmark,1997,7,July,1997-07,3,10.0,14,0.0,Aniseed Syrup,1,2,12 - 550 ml bottles,5.0,13,70,25,0,Condiments,5.0,10.0,140.0,70.0,70.0,0.5,1997-07,0%
10591,VAFFE,1,1997-07-07,1997-07-21,1997-07-16,1,55.92,Vaffeljernet,Smagsloget 45,ֵrhus,,8200,Denmark,1997,7,July,1997-07,7,30.0,10,0.0,Uncle Bob's Organic Dried Pears,3,7,12 - 1 lb pkgs.,15.0,15,0,10,0,Produce,15.0,30.0,300.0,150.0,150.0,0.5,1997-07,0%
10591,VAFFE,1,1997-07-07,1997-07-21,1997-07-16,1,55.92,Vaffeljernet,Smagsloget 45,ֵrhus,,8200,Denmark,1997,7,July,1997-07,54,7.45,50,0.0,Tourtiטre,25,6,16 pies,3.725,21,0,10,0,Meat/Poultry,3.725,7.45,372.5,186.25,186.25,0.5,1997-07,0%
10592,LEHMS,3,1997-07-08,1997-08-05,1997-07-16,1,32.1,Lehmanns Marktstand,Magazinweg 7,Frankfurt a.M.,,60528,Germany,1997,7,July,1997-07,15,15.5,25,0.05,Genen Shouyu,6,2,24 - 250 ml bottles,7.75,39,0,5,0,Condiments,7.75,15.5,368.125,193.75,174.375,0.47368421052631576,1997-07,0-5%
10592,LEHMS,3,1997-07-08,1997-08-05,1997-07-16,1,32.1,Lehmanns Marktstand,Magazinweg 7,Frankfurt a.M.,,60528,Germany,1997,7,July,1997-07,26,31.23,5,0.05,Gumbהr Gummibהrchen,11,3,100 - 250 g bags,15.615,15,0,0,0,Confections,15.615,31.23,148.3425,78.075,70.2675,0.47368421052631576,1997-07,0-5%
10593,LEHMS,7,1997-07-09,1997-08-06,1997-08-13,2,174.2,Lehmanns Marktstand,Magazinweg 7,Frankfurt a.M.,,60528,Germany,1997,7,July,1997-07,20,81.0,21,0.2,Sir Rodney's Marmalade,8,3,30 gift boxes,40.5,40,0,0,0,Confections,40.5,81.0,1360.8000000000002,850.5,510.3000000000002,0.3750000000000001,1997-07,10-20%
10593,LEHMS,7,1997-07-09,1997-08-06,1997-08-13,2,174.2,Lehmanns Marktstand,Magazinweg 7,Frankfurt a.M.,,60528,Germany,1997,7,July,1997-07,69,36.0,20,0.2,Gudbrandsdalsost,15,4,10 kg pkg.,18.0,26,0,15,0,Dairy Products,18.0,36.0,576.0,360.0,216.0,0.375,1997-07,10-20%
10593,LEHMS,7,1997-07-09,1997-08-06,1997-08-13,2,174.2,Lehmanns Marktstand,Magazinweg 7,Frankfurt a.M.,,60528,Germany,1997,7,July,1997-07,76,18.0,4,0.2,Lakkalikצצri,23,1,500 ml,9.0,57,0,20,0,Beverages,9.0,18.0,57.6,36.0,21.6,0.375,1997-07,10-20%
10594,OLDWO,3,1997-07-09,1997-08-06,1997-07-16,2,5.24,Old World Delicatessen,2743 Bering St.,Anchorage,AK,99508,USA,1997,7,July,1997-07,52,7.0,24,0.0,Filo Mix,24,5,16 - 2 kg boxes,3.5,38,0,25,0,Grains/Cereals,3.5,7.0,168.0,84.0,84.0,0.5,1997-07,0%
10594,OLDWO,3,1997-07-09,1997-08-06,1997-07-16,2,5.24,Old World Delicatessen,2743 Bering St.,Anchorage,AK,99508,USA,1997,7,July,1997-07,58,13.25,30,0.0,Escargots de Bourgogne,27,8,24 pieces,6.625,62,0,20,0,Seafood,6.625,13.25,397.5,198.75,198.75,0.5,1997-07,0%
10595,ERNSH,2,1997-07-10,1997-08-07,1997-07-14,1,96.78,Ernst Handel,Kirchgasse 6,Graz,,8010,Austria,1997,7,July,1997-07,35,18.0,30,0.25,Steeleye Stout,16,1,24 - 12 oz bottles,9.0,20,0,15,0,Beverages,9.0,18.0,405.0,270.0,135.0,0.3333333333333333,1997-07,20%+
10595,ERNSH,2,1997-07-10,1997-08-07,1997-07-14,1,96.78,Ernst Handel,Kirchgasse 6,Graz,,8010,Austria,1997,7,July,1997-07,61,28.5,120,0.25,Sirop d'יrable,29,2,24 - 500 ml bottles,14.25,113,0,25,0,Condiments,14.25,28.5,2565.0,1710.0,855.0,0.3333333333333333,1997-07,20%+
10595,ERNSH,2,1997-07-10,1997-08-07,1997-07-14,1,96.78,Ernst Handel,Kirchgasse 6,Graz,,8010,Austria,1997,7,July,1997-07,69,36.0,65,0.25,Gudbrandsdalsost,15,4,10 kg pkg.,18.0,26,0,15,0,Dairy Products,18.0,36.0,1755.0,1170.0,585.0,0.3333333333333333,1997-07,20%+
10596,WHITC,8,1997-07-11,1997-08-08,1997-08-12,1,16.34,White Clover Markets,1029 - 12th Ave. S.,Seattle,WA,98124,USA,1997,7,July,1997-07,56,38.0,5,0.2,Gnocchi di nonna Alice,26,5,24 - 250 g pkgs.,19.0,21,10,30,0,Grains/Cereals,19.0,38.0,152.0,95.0,57.0,0.375,1997-07,10-20%
10596,WHITC,8,1997-07-11,1997-08-08,1997-08-12,1,16.34,White Clover Markets,1029 - 12th Ave. S.,Seattle,WA,98124,USA,1997,7,July,1997-07,63,43.9,24,0.2,Vegie-spread,7,2,15 - 625 g jars,21.95,24,0,5,0,Condiments,21.95,43.9,842.88,526.8,316.08000000000004,0.37500000000000006,1997-07,10-20%
10596,WHITC,8,1997-07-11,1997-08-08,1997-08-12,1,16.34,White Clover Markets,1029 - 12th Ave. S.,Seattle,WA,98124,USA,1997,7,July,1997-07,75,7.75,30,0.2,Rhצnbrהu Klosterbier,12,1,24 - 0.5 l bottles,3.875,125,0,25,0,Beverages,3.875,7.75,186.0,116.25,69.75,0.375,1997-07,10-20%
10597,PICCO,7,1997-07-11,1997-08-08,1997-07-18,3,35.12,Piccolo und mehr,Geislweg 14,Salzburg,,5020,Austria,1997,7,July,1997-07,24,4.5,35,0.2,Guaranב Fantבstica,10,1,12 - 355 ml cans,2.25,20,0,0,1,Beverages,2.25,4.5,126.0,78.75,47.25,0.375,1997-07,10-20%
10597,PICCO,7,1997-07-11,1997-08-08,1997-07-18,3,35.12,Piccolo und mehr,Geislweg 14,Salzburg,,5020,Austria,1997,7,July,1997-07,57,19.5,20,0.0,Ravioli Angelo,26,5,24 - 250 g pkgs.,9.75,36,0,20,0,Grains/Cereals,9.75,19.5,390.0,195.0,195.0,0.5,1997-07,0%
10597,PICCO,7,1997-07-11,1997-08-08,1997-07-18,3,35.12,Piccolo und mehr,Geislweg 14,Salzburg,,5020,Austria,1997,7,July,1997-07,65,21.05,12,0.2,Louisiana Fiery Hot Pepper Sauce,2,2,32 - 8 oz bottles,10.525,76,0,0,0,Condiments,10.525,21.05,202.08000000000004,126.30000000000001,75.78000000000003,0.37500000000000006,1997-07,10-20%
10598,RATTC,1,1997-07-14,1997-08-11,1997-07-18,3,44.42,Rattlesnake Canyon Grocery,2817 Milton Dr.,Albuquerque,NM,87110,USA,1997,7,July,1997-07,27,43.9,50,0.0,Schoggi Schokolade,11,3,100 - 100 g pieces,21.95,49,0,30,0,Confections,21.95,43.9,2195.0,1097.5,1097.5,0.5,1997-07,0%
10598,RATTC,1,1997-07-14,1997-08-11,1997-07-18,3,44.42,Rattlesnake Canyon Grocery,2817 Milton Dr.,Albuquerque,NM,87110,USA,1997,7,July,1997-07,71,21.5,9,0.0,Flotemysost,15,4,10 - 500 g pkgs.,10.75,26,0,0,0,Dairy Products,10.75,21.5,193.5,96.75,96.75,0.5,1997-07,0%
10599,BSBEV,6,1997-07-15,1997-08-26,1997-07-21,3,29.98,B's Beverages,Fauntleroy Circus,London,,EC2 5NT,UK,1997,7,July,1997-07,62,49.3,10,0.0,Tarte au sucre,29,3,48 pies,24.65,17,0,0,0,Confections,24.65,49.3,493.0,246.5,246.5,0.5,1997-07,0%
10600,HUNGC,4,1997-07-16,1997-08-13,1997-07-21,1,45.13,Hungry Coyote Import Store,City Center Plaza 516 Main St.,Elgin,OR,97827,USA,1997,7,July,1997-07,54,7.45,4,0.0,Tourtiטre,25,6,16 pies,3.725,21,0,10,0,Meat/Poultry,3.725,7.45,29.8,14.9,14.9,0.5,1997-07,0%
10600,HUNGC,4,1997-07-16,1997-08-13,1997-07-21,1,45.13,Hungry Coyote Import Store,City Center Plaza 516 Main St.,Elgin,OR,97827,USA,1997,7,July,1997-07,73,15.0,30,0.0,Rצd Kaviar,17,8,24 - 150 g jars,7.5,101,0,5,0,Seafood,7.5,15.0,450.0,225.0,225.0,0.5,1997-07,0%
10601,HILAA,7,1997-07-16,1997-08-27,1997-07-22,1,58.3,HILARION-Abastos,Carrera 22 con Ave. Carlos Soublette #8-35,San Cristףbal,Tבchira,5022,Venezuela,1997,7,July,1997-07,13,6.0,60,0.0,Konbu,6,8,2 kg box,3.0,24,0,5,0,Seafood,3.0,6.0,360.0,180.0,180.0,0.5,1997-07,0%
10601,HILAA,7,1997-07-16,1997-08-27,1997-07-22,1,58.3,HILARION-Abastos,Carrera 22 con Ave. Carlos Soublette #8-35,San Cristףbal,Tבchira,5022,Venezuela,1997,7,July,1997-07,59,55.0,35,0.0,Raclette Courdavault,28,4,5 kg pkg.,27.5,79,0,0,0,Dairy Products,27.5,55.0,1925.0,962.5,962.5,0.5,1997-07,0%
10602,VAFFE,8,1997-07-17,1997-08-14,1997-07-22,2,2.92,Vaffeljernet,Smagsloget 45,ֵrhus,,8200,Denmark,1997,7,July,1997-07,77,13.0,5,0.25,Original Frankfurter grne Soe,12,2,12 boxes,6.5,32,0,15,0,Condiments,6.5,13.0,48.75,32.5,16.25,0.3333333333333333,1997-07,20%+
10603,SAVEA,8,1997-07-18,1997-08-15,1997-08-08,2,48.77,Save-a-lot Markets,187 Suffolk Ln.,Boise,ID,83720,USA,1997,7,July,1997-07,22,21.0,48,0.0,Gustaf's Knהckebrצd,9,5,24 - 500 g pkgs.,10.5,104,0,25,0,Grains/Cereals,10.5,21.0,1008.0,504.0,504.0,0.5,1997-07,0%
10603,SAVEA,8,1997-07-18,1997-08-15,1997-08-08,2,48.77,Save-a-lot Markets,187 Suffolk Ln.,Boise,ID,83720,USA,1997,7,July,1997-07,49,20.0,25,0.05,Maxilaku,23,3,24 - 50 g pkgs.,10.0,10,60,15,0,Confections,10.0,20.0,475.0,250.0,225.0,0.47368421052631576,1997-07,0-5%
10604,FURIB,1,1997-07-18,1997-08-15,1997-07-29,1,7.46,Furia Bacalhau e Frutos do Mar,Jardim das rosas n. 32,Lisboa,,1675,Portugal,1997,7,July,1997-07,48,12.75,6,0.1,Chocolade,22,3,10 pkgs.,6.375,15,70,25,0,Confections,6.375,12.75,68.85000000000001,38.25,30.60000000000001,0.44444444444444453,1997-07,5-10%
10604,FURIB,1,1997-07-18,1997-08-15,1997-07-29,1,7.46,Furia Bacalhau e Frutos do Mar,Jardim das rosas n. 32,Lisboa,,1675,Portugal,1997,7,July,1997-07,76,18.0,10,0.1,Lakkalikצצri,23,1,500 ml,9.0,57,0,20,0,Beverages,9.0,18.0,162.0,90.0,72.0,0.4444444444444444,1997-07,5-10%
10605,MEREP,1,1997-07-21,1997-08-18,1997-07-29,2,379.13,Mטre Paillarde,43 rue St. Laurent,Montrיal,Quיbec,H1J 1C3,Canada,1997,7,July,1997-07,16,17.45,30,0.05,Pavlova,7,3,32 - 500 g boxes,8.725,29,0,10,0,Confections,8.725,17.45,497.325,261.75,235.575,0.47368421052631576,1997-07,0-5%
10605,MEREP,1,1997-07-21,1997-08-18,1997-07-29,2,379.13,Mטre Paillarde,43 rue St. Laurent,Montrיal,Quיbec,H1J 1C3,Canada,1997,7,July,1997-07,59,55.0,20,0.05,Raclette Courdavault,28,4,5 kg pkg.,27.5,79,0,0,0,Dairy Products,27.5,55.0,1045.0,550.0,495.0,0.47368421052631576,1997-07,0-5%
10605,MEREP,1,1997-07-21,1997-08-18,1997-07-29,2,379.13,Mטre Paillarde,43 rue St. Laurent,Montrיal,Quיbec,H1J 1C3,Canada,1997,7,July,1997-07,60,34.0,70,0.05,Camembert Pierrot,28,4,15 - 300 g rounds,17.0,19,0,0,0,Dairy Products,17.0,34.0,2261.0,1190.0,1071.0,0.47368421052631576,1997-07,0-5%
10605,MEREP,1,1997-07-21,1997-08-18,1997-07-29,2,379.13,Mטre Paillarde,43 rue St. Laurent,Montrיal,Quיbec,H1J 1C3,Canada,1997,7,July,1997-07,71,21.5,15,0.05,Flotemysost,15,4,10 - 500 g pkgs.,10.75,26,0,0,0,Dairy Products,10.75,21.5,306.375,161.25,145.125,0.47368421052631576,1997-07,0-5%
10606,TRADH,4,1997-07-22,1997-08-19,1997-07-31,3,79.4,Tradiחao Hipermercados,"Av. Inךs de Castro, 414",Sao Paulo,SP,05634-030,Brazil,1997,7,July,1997-07,4,22.0,20,0.2,Chef Anton's Cajun Seasoning,2,2,48 - 6 oz jars,11.0,53,0,0,0,Condiments,11.0,22.0,352.0,220.0,132.0,0.375,1997-07,10-20%
10606,TRADH,4,1997-07-22,1997-08-19,1997-07-31,3,79.4,Tradiחao Hipermercados,"Av. Inךs de Castro, 414",Sao Paulo,SP,05634-030,Brazil,1997,7,July,1997-07,55,24.0,20,0.2,Pגtי chinois,25,6,24 boxes x 2 pies,12.0,115,0,20,0,Meat/Poultry,12.0,24.0,384.0,240.0,144.0,0.375,1997-07,10-20%
10606,TRADH,4,1997-07-22,1997-08-19,1997-07-31,3,79.4,Tradiחao Hipermercados,"Av. Inךs de Castro, 414",Sao Paulo,SP,05634-030,Brazil,1997,7,July,1997-07,62,49.3,10,0.2,Tarte au sucre,29,3,48 pies,24.65,17,0,0,0,Confections,24.65,49.3,394.40000000000003,246.5,147.90000000000003,0.37500000000000006,1997-07,10-20%
10607,SAVEA,5,1997-07-22,1997-08-19,1997-07-25,1,200.24,Save-a-lot Markets,187 Suffolk Ln.,Boise,ID,83720,USA,1997,7,July,1997-07,7,30.0,45,0.0,Uncle Bob's Organic Dried Pears,3,7,12 - 1 lb pkgs.,15.0,15,0,10,0,Produce,15.0,30.0,1350.0,675.0,675.0,0.5,1997-07,0%
10607,SAVEA,5,1997-07-22,1997-08-19,1997-07-25,1,200.24,Save-a-lot Markets,187 Suffolk Ln.,Boise,ID,83720,USA,1997,7,July,1997-07,17,39.0,100,0.0,Alice Mutton,7,6,20 - 1 kg tins,19.5,0,0,0,1,Meat/Poultry,19.5,39.0,3900.0,1950.0,1950.0,0.5,1997-07,0%
10607,SAVEA,5,1997-07-22,1997-08-19,1997-07-25,1,200.24,Save-a-lot Markets,187 Suffolk Ln.,Boise,ID,83720,USA,1997,7,July,1997-07,33,2.5,14,0.0,Geitost,15,4,500 g,1.25,112,0,20,0,Dairy Products,1.25,2.5,35.0,17.5,17.5,0.5,1997-07,0%
10607,SAVEA,5,1997-07-22,1997-08-19,1997-07-25,1,200.24,Save-a-lot Markets,187 Suffolk Ln.,Boise,ID,83720,USA,1997,7,July,1997-07,40,18.4,42,0.0,Boston Crab Meat,19,8,24 - 4 oz tins,9.2,123,0,30,0,Seafood,9.2,18.4,772.8,386.4,386.4,0.5,1997-07,0%
10607,SAVEA,5,1997-07-22,1997-08-19,1997-07-25,1,200.24,Save-a-lot Markets,187 Suffolk Ln.,Boise,ID,83720,USA,1997,7,July,1997-07,72,34.8,12,0.0,Mozzarella di Giovanni,14,4,24 - 200 g pkgs.,17.4,14,0,0,0,Dairy Products,17.4,34.8,417.59999999999997,208.79999999999998,208.79999999999998,0.5,1997-07,0%
10608,TOMSP,4,1997-07-23,1997-08-20,1997-08-01,2,27.79,Toms Spezialitהten,Luisenstr. 48,Mnster,,44087,Germany,1997,7,July,1997-07,56,38.0,28,0.0,Gnocchi di nonna Alice,26,5,24 - 250 g pkgs.,19.0,21,10,30,0,Grains/Cereals,19.0,38.0,1064.0,532.0,532.0,0.5,1997-07,0%
10609,DUMON,7,1997-07-24,1997-08-21,1997-07-30,2,1.85,Du monde entier,"67, rue des Cinquante Otages",Nantes,,44000,France,1997,7,July,1997-07,1,18.0,3,0.0,Chai,1,1,10 boxes x 20 bags,9.0,39,0,10,0,Beverages,9.0,18.0,54.0,27.0,27.0,0.5,1997-07,0%
10609,DUMON,7,1997-07-24,1997-08-21,1997-07-30,2,1.85,Du monde entier,"67, rue des Cinquante Otages",Nantes,,44000,France,1997,7,July,1997-07,10,31.0,10,0.0,Ikura,4,8,12 - 200 ml jars,15.5,31,0,0,0,Seafood,15.5,31.0,310.0,155.0,155.0,0.5,1997-07,0%
10609,DUMON,7,1997-07-24,1997-08-21,1997-07-30,2,1.85,Du monde entier,"67, rue des Cinquante Otages",Nantes,,44000,France,1997,7,July,1997-07,21,10.0,6,0.0,Sir Rodney's Scones,8,3,24 pkgs. x 4 pieces,5.0,3,40,5,0,Confections,5.0,10.0,60.0,30.0,30.0,0.5,1997-07,0%
10610,LAMAI,8,1997-07-25,1997-08-22,1997-08-06,1,26.78,La maison d'Asie,1 rue Alsace-Lorraine,Toulouse,,31000,France,1997,7,July,1997-07,36,19.0,21,0.25,Inlagd Sill,17,8,24 - 250 g  jars,9.5,112,0,20,0,Seafood,9.5,19.0,299.25,199.5,99.75,0.3333333333333333,1997-07,20%+
10611,WOLZA,6,1997-07-25,1997-08-22,1997-08-01,2,80.65,Wolski Zajazd,ul. Filtrowa 68,Warszawa,,01-012,Poland,1997,7,July,1997-07,1,18.0,6,0.0,Chai,1,1,10 boxes x 20 bags,9.0,39,0,10,0,Beverages,9.0,18.0,108.0,54.0,54.0,0.5,1997-07,0%
10611,WOLZA,6,1997-07-25,1997-08-22,1997-08-01,2,80.65,Wolski Zajazd,ul. Filtrowa 68,Warszawa,,01-012,Poland,1997,7,July,1997-07,2,19.0,10,0.0,Chang,1,1,24 - 12 oz bottles,9.5,17,40,25,0,Beverages,9.5,19.0,190.0,95.0,95.0,0.5,1997-07,0%
10611,WOLZA,6,1997-07-25,1997-08-22,1997-08-01,2,80.65,Wolski Zajazd,ul. Filtrowa 68,Warszawa,,01-012,Poland,1997,7,July,1997-07,60,34.0,15,0.0,Camembert Pierrot,28,4,15 - 300 g rounds,17.0,19,0,0,0,Dairy Products,17.0,34.0,510.0,255.0,255.0,0.5,1997-07,0%
10612,SAVEA,1,1997-07-28,1997-08-25,1997-08-01,2,544.08,Save-a-lot Markets,187 Suffolk Ln.,Boise,ID,83720,USA,1997,7,July,1997-07,10,31.0,70,0.0,Ikura,4,8,12 - 200 ml jars,15.5,31,0,0,0,Seafood,15.5,31.0,2170.0,1085.0,1085.0,0.5,1997-07,0%
10612,SAVEA,1,1997-07-28,1997-08-25,1997-08-01,2,544.08,Save-a-lot Markets,187 Suffolk Ln.,Boise,ID,83720,USA,1997,7,July,1997-07,36,19.0,55,0.0,Inlagd Sill,17,8,24 - 250 g  jars,9.5,112,0,20,0,Seafood,9.5,19.0,1045.0,522.5,522.5,0.5,1997-07,0%
10612,SAVEA,1,1997-07-28,1997-08-25,1997-08-01,2,544.08,Save-a-lot Markets,187 Suffolk Ln.,Boise,ID,83720,USA,1997,7,July,1997-07,49,20.0,18,0.0,Maxilaku,23,3,24 - 50 g pkgs.,10.0,10,60,15,0,Confections,10.0,20.0,360.0,180.0,180.0,0.5,1997-07,0%
10612,SAVEA,1,1997-07-28,1997-08-25,1997-08-01,2,544.08,Save-a-lot Markets,187 Suffolk Ln.,Boise,ID,83720,USA,1997,7,July,1997-07,60,34.0,40,0.0,Camembert Pierrot,28,4,15 - 300 g rounds,17.0,19,0,0,0,Dairy Products,17.0,34.0,1360.0,680.0,680.0,0.5,1997-07,0%
10612,SAVEA,1,1997-07-28,1997-08-25,1997-08-01,2,544.08,Save-a-lot Markets,187 Suffolk Ln.,Boise,ID,83720,USA,1997,7,July,1997-07,76,18.0,80,0.0,Lakkalikצצri,23,1,500 ml,9.0,57,0,20,0,Beverages,9.0,18.0,1440.0,720.0,720.0,0.5,1997-07,0%
10613,HILAA,4,1997-07-29,1997-08-26,1997-08-01,2,8.11,HILARION-Abastos,Carrera 22 con Ave. Carlos Soublette #8-35,San Cristףbal,Tבchira,5022,Venezuela,1997,7,July,1997-07,13,6.0,8,0.1,Konbu,6,8,2 kg box,3.0,24,0,5,0,Seafood,3.0,6.0,43.2,24.0,19.200000000000003,0.4444444444444445,1997-07,5-10%
10613,HILAA,4,1997-07-29,1997-08-26,1997-08-01,2,8.11,HILARION-Abastos,Carrera 22 con Ave. Carlos Soublette #8-35,San Cristףbal,Tבchira,5022,Venezuela,1997,7,July,1997-07,75,7.75,40,0.0,Rhצnbrהu Klosterbier,12,1,24 - 0.5 l bottles,3.875,125,0,25,0,Beverages,3.875,7.75,310.0,155.0,155.0,0.5,1997-07,0%
10614,BLAUS,8,1997-07-29,1997-08-26,1997-08-01,3,1.93,Blauer See Delikatessen,Forsterstr. 57,Mannheim,,68306,Germany,1997,7,July,1997-07,11,21.0,14,0.0,Queso Cabrales,5,4,1 kg pkg.,10.5,22,30,30,0,Dairy Products,10.5,21.0,294.0,147.0,147.0,0.5,1997-07,0%
10614,BLAUS,8,1997-07-29,1997-08-26,1997-08-01,3,1.93,Blauer See Delikatessen,Forsterstr. 57,Mannheim,,68306,Germany,1997,7,July,1997-07,21,10.0,8,0.0,Sir Rodney's Scones,8,3,24 pkgs. x 4 pieces,5.0,3,40,5,0,Confections,5.0,10.0,80.0,40.0,40.0,0.5,1997-07,0%
10614,BLAUS,8,1997-07-29,1997-08-26,1997-08-01,3,1.93,Blauer See Delikatessen,Forsterstr. 57,Mannheim,,68306,Germany,1997,7,July,1997-07,39,18.0,5,0.0,Chartreuse verte,18,1,750 cc per bottle,9.0,69,0,5,0,Beverages,9.0,18.0,90.0,45.0,45.0,0.5,1997-07,0%
10615,WILMK,2,1997-07-30,1997-08-27,1997-08-06,3,0.75,Wilman Kala,Keskuskatu 45,Helsinki,,21240,Finland,1997,7,July,1997-07,55,24.0,5,0.0,Pגtי chinois,25,6,24 boxes x 2 pies,12.0,115,0,20,0,Meat/Poultry,12.0,24.0,120.0,60.0,60.0,0.5,1997-07,0%
10616,GREAL,1,1997-07-31,1997-08-28,1997-08-05,2,116.53,Great Lakes Food Market,2732 Baker Blvd.,Eugene,OR,97403,USA,1997,7,July,1997-07,38,263.5,15,0.05,Cפte de Blaye,18,1,12 - 75 cl bottles,131.75,17,0,15,0,Beverages,131.75,263.5,3754.875,1976.25,1778.625,0.47368421052631576,1997-07,0-5%
10616,GREAL,1,1997-07-31,1997-08-28,1997-08-05,2,116.53,Great Lakes Food Market,2732 Baker Blvd.,Eugene,OR,97403,USA,1997,7,July,1997-07,56,38.0,14,0.0,Gnocchi di nonna Alice,26,5,24 - 250 g pkgs.,19.0,21,10,30,0,Grains/Cereals,19.0,38.0,532.0,266.0,266.0,0.5,1997-07,0%
10616,GREAL,1,1997-07-31,1997-08-28,1997-08-05,2,116.53,Great Lakes Food Market,2732 Baker Blvd.,Eugene,OR,97403,USA,1997,7,July,1997-07,70,15.0,15,0.05,Outback Lager,7,1,24 - 355 ml bottles,7.5,15,10,30,0,Beverages,7.5,15.0,213.75,112.5,101.25,0.47368421052631576,1997-07,0-5%
10616,GREAL,1,1997-07-31,1997-08-28,1997-08-05,2,116.53,Great Lakes Food Market,2732 Baker Blvd.,Eugene,OR,97403,USA,1997,7,July,1997-07,71,21.5,15,0.05,Flotemysost,15,4,10 - 500 g pkgs.,10.75,26,0,0,0,Dairy Products,10.75,21.5,306.375,161.25,145.125,0.47368421052631576,1997-07,0-5%
10617,GREAL,4,1997-07-31,1997-08-28,1997-08-04,2,18.53,Great Lakes Food Market,2732 Baker Blvd.,Eugene,OR,97403,USA,1997,7,July,1997-07,59,55.0,30,0.15,Raclette Courdavault,28,4,5 kg pkg.,27.5,79,0,0,0,Dairy Products,27.5,55.0,1402.5,825.0,577.5,0.4117647058823529,1997-07,10-20%
10618,MEREP,1,1997-08-01,1997-09-12,1997-08-08,1,154.68,Mטre Paillarde,43 rue St. Laurent,Montrיal,Quיbec,H1J 1C3,Canada,1997,8,August,1997-08,6,25.0,70,0.0,Grandma's Boysenberry Spread,3,2,12 - 8 oz jars,12.5,120,0,25,0,Condiments,12.5,25.0,1750.0,875.0,875.0,0.5,1997-08,0%
10618,MEREP,1,1997-08-01,1997-09-12,1997-08-08,1,154.68,Mטre Paillarde,43 rue St. Laurent,Montrיal,Quיbec,H1J 1C3,Canada,1997,8,August,1997-08,56,38.0,20,0.0,Gnocchi di nonna Alice,26,5,24 - 250 g pkgs.,19.0,21,10,30,0,Grains/Cereals,19.0,38.0,760.0,380.0,380.0,0.5,1997-08,0%
10618,MEREP,1,1997-08-01,1997-09-12,1997-08-08,1,154.68,Mטre Paillarde,43 rue St. Laurent,Montrיal,Quיbec,H1J 1C3,Canada,1997,8,August,1997-08,68,12.5,15,0.0,Scottish Longbreads,8,3,10 boxes x 8 pieces,6.25,6,10,15,0,Confections,6.25,12.5,187.5,93.75,93.75,0.5,1997-08,0%
10619,MEREP,3,1997-08-04,1997-09-01,1997-08-07,3,91.05,Mטre Paillarde,43 rue St. Laurent,Montrיal,Quיbec,H1J 1C3,Canada,1997,8,August,1997-08,21,10.0,42,0.0,Sir Rodney's Scones,8,3,24 pkgs. x 4 pieces,5.0,3,40,5,0,Confections,5.0,10.0,420.0,210.0,210.0,0.5,1997-08,0%
10619,MEREP,3,1997-08-04,1997-09-01,1997-08-07,3,91.05,Mטre Paillarde,43 rue St. Laurent,Montrיal,Quיbec,H1J 1C3,Canada,1997,8,August,1997-08,22,21.0,40,0.0,Gustaf's Knהckebrצd,9,5,24 - 500 g pkgs.,10.5,104,0,25,0,Grains/Cereals,10.5,21.0,840.0,420.0,420.0,0.5,1997-08,0%
10620,LAUGB,2,1997-08-05,1997-09-02,1997-08-14,3,0.94,Laughing Bacchus Wine Cellars,2319 Elm St.,Vancouver,BC,V3F 2K1,Canada,1997,8,August,1997-08,24,4.5,5,0.0,Guaranב Fantבstica,10,1,12 - 355 ml cans,2.25,20,0,0,1,Beverages,2.25,4.5,22.5,11.25,11.25,0.5,1997-08,0%
10620,LAUGB,2,1997-08-05,1997-09-02,1997-08-14,3,0.94,Laughing Bacchus Wine Cellars,2319 Elm St.,Vancouver,BC,V3F 2K1,Canada,1997,8,August,1997-08,52,7.0,5,0.0,Filo Mix,24,5,16 - 2 kg boxes,3.5,38,0,25,0,Grains/Cereals,3.5,7.0,35.0,17.5,17.5,0.5,1997-08,0%
10621,ISLAT,4,1997-08-05,1997-09-02,1997-08-11,2,23.73,Island Trading,Garden House Crowther Way,Cowes,Isle of Wight,PO31 7PJ,UK,1997,8,August,1997-08,19,9.2,5,0.0,Teatime Chocolate Biscuits,8,3,10 boxes x 12 pieces,4.6,25,0,5,0,Confections,4.6,9.2,46.0,23.0,23.0,0.5,1997-08,0%
10621,ISLAT,4,1997-08-05,1997-09-02,1997-08-11,2,23.73,Island Trading,Garden House Crowther Way,Cowes,Isle of Wight,PO31 7PJ,UK,1997,8,August,1997-08,23,9.0,10,0.0,Tunnbrצd,9,5,12 - 250 g pkgs.,4.5,61,0,25,0,Grains/Cereals,4.5,9.0,90.0,45.0,45.0,0.5,1997-08,0%
10621,ISLAT,4,1997-08-05,1997-09-02,1997-08-11,2,23.73,Island Trading,Garden House Crowther Way,Cowes,Isle of Wight,PO31 7PJ,UK,1997,8,August,1997-08,70,15.0,20,0.0,Outback Lager,7,1,24 - 355 ml bottles,7.5,15,10,30,0,Beverages,7.5,15.0,300.0,150.0,150.0,0.5,1997-08,0%
10621,ISLAT,4,1997-08-05,1997-09-02,1997-08-11,2,23.73,Island Trading,Garden House Crowther Way,Cowes,Isle of Wight,PO31 7PJ,UK,1997,8,August,1997-08,71,21.5,15,0.0,Flotemysost,15,4,10 - 500 g pkgs.,10.75,26,0,0,0,Dairy Products,10.75,21.5,322.5,161.25,161.25,0.5,1997-08,0%
10622,RICAR,4,1997-08-06,1997-09-03,1997-08-11,3,50.97,Ricardo Adocicados,"Av. Copacabana, 267",Rio de Janeiro,RJ,02389-890,Brazil,1997,8,August,1997-08,2,19.0,20,0.0,Chang,1,1,24 - 12 oz bottles,9.5,17,40,25,0,Beverages,9.5,19.0,380.0,190.0,190.0,0.5,1997-08,0%
10622,RICAR,4,1997-08-06,1997-09-03,1997-08-11,3,50.97,Ricardo Adocicados,"Av. Copacabana, 267",Rio de Janeiro,RJ,02389-890,Brazil,1997,8,August,1997-08,68,12.5,18,0.2,Scottish Longbreads,8,3,10 boxes x 8 pieces,6.25,6,10,15,0,Confections,6.25,12.5,180.0,112.5,67.5,0.375,1997-08,10-20%
10623,FRANK,8,1997-08-07,1997-09-04,1997-08-12,2,97.18,Frankenversand,Berliner Platz 43,Mnchen,,80805,Germany,1997,8,August,1997-08,14,23.25,21,0.0,Tofu,6,7,40 - 100 g pkgs.,11.625,35,0,0,0,Produce,11.625,23.25,488.25,244.125,244.125,0.5,1997-08,0%
10623,FRANK,8,1997-08-07,1997-09-04,1997-08-12,2,97.18,Frankenversand,Berliner Platz 43,Mnchen,,80805,Germany,1997,8,August,1997-08,19,9.2,15,0.1,Teatime Chocolate Biscuits,8,3,10 boxes x 12 pieces,4.6,25,0,5,0,Confections,4.6,9.2,124.2,69.0,55.2,0.4444444444444445,1997-08,5-10%
10623,FRANK,8,1997-08-07,1997-09-04,1997-08-12,2,97.18,Frankenversand,Berliner Platz 43,Mnchen,,80805,Germany,1997,8,August,1997-08,21,10.0,25,0.1,Sir Rodney's Scones,8,3,24 pkgs. x 4 pieces,5.0,3,40,5,0,Confections,5.0,10.0,225.0,125.0,100.0,0.4444444444444444,1997-08,5-10%
10623,FRANK,8,1997-08-07,1997-09-04,1997-08-12,2,97.18,Frankenversand,Berliner Platz 43,Mnchen,,80805,Germany,1997,8,August,1997-08,24,4.5,3,0.0,Guaranב Fantבstica,10,1,12 - 355 ml cans,2.25,20,0,0,1,Beverages,2.25,4.5,13.5,6.75,6.75,0.5,1997-08,0%
10623,FRANK,8,1997-08-07,1997-09-04,1997-08-12,2,97.18,Frankenversand,Berliner Platz 43,Mnchen,,80805,Germany,1997,8,August,1997-08,35,18.0,30,0.1,Steeleye Stout,16,1,24 - 12 oz bottles,9.0,20,0,15,0,Beverages,9.0,18.0,486.0,270.0,216.0,0.4444444444444444,1997-08,5-10%
10624,THECR,4,1997-08-07,1997-09-04,1997-08-19,2,94.8,The Cracker Box,55 Grizzly Peak Rd.,Butte,MT,59801,USA,1997,8,August,1997-08,28,45.6,10,0.0,Rצssle Sauerkraut,12,7,25 - 825 g cans,22.8,26,0,0,1,Produce,22.8,45.6,456.0,228.0,228.0,0.5,1997-08,0%
10624,THECR,4,1997-08-07,1997-09-04,1997-08-19,2,94.8,The Cracker Box,55 Grizzly Peak Rd.,Butte,MT,59801,USA,1997,8,August,1997-08,29,123.79,6,0.0,Thringer Rostbratwurst,12,6,50 bags x 30 sausgs.,61.895,0,0,0,1,Meat/Poultry,61.895,123.79,742.74,371.37,371.37,0.5,1997-08,0%
10624,THECR,4,1997-08-07,1997-09-04,1997-08-19,2,94.8,The Cracker Box,55 Grizzly Peak Rd.,Butte,MT,59801,USA,1997,8,August,1997-08,44,19.45,10,0.0,Gula Malacca,20,2,20 - 2 kg bags,9.725,27,0,15,0,Condiments,9.725,19.45,194.5,97.25,97.25,0.5,1997-08,0%
10625,ANATR,3,1997-08-08,1997-09-05,1997-08-14,1,43.9,Ana Trujillo Emparedados y helados,Avda. de la Constituciףn 2222,Mיxico D.F.,,5021,Mexico,1997,8,August,1997-08,14,23.25,3,0.0,Tofu,6,7,40 - 100 g pkgs.,11.625,35,0,0,0,Produce,11.625,23.25,69.75,34.875,34.875,0.5,1997-08,0%
10625,ANATR,3,1997-08-08,1997-09-05,1997-08-14,1,43.9,Ana Trujillo Emparedados y helados,Avda. de la Constituciףn 2222,Mיxico D.F.,,5021,Mexico,1997,8,August,1997-08,42,14.0,5,0.0,Singaporean Hokkien Fried Mee,20,5,32 - 1 kg pkgs.,7.0,26,0,0,1,Grains/Cereals,7.0,14.0,70.0,35.0,35.0,0.5,1997-08,0%
10625,ANATR,3,1997-08-08,1997-09-05,1997-08-14,1,43.9,Ana Trujillo Emparedados y helados,Avda. de la Constituciףn 2222,Mיxico D.F.,,5021,Mexico,1997,8,August,1997-08,60,34.0,10,0.0,Camembert Pierrot,28,4,15 - 300 g rounds,17.0,19,0,0,0,Dairy Products,17.0,34.0,340.0,170.0,170.0,0.5,1997-08,0%
10626,BERGS,1,1997-08-11,1997-09-08,1997-08-20,2,138.69,Berglunds snabbkצp,Berguvsvהgen  8,Luleו,,S-958 22,Sweden,1997,8,August,1997-08,53,32.8,12,0.0,Perth Pasties,24,6,48 pieces,16.4,0,0,0,1,Meat/Poultry,16.4,32.8,393.59999999999997,196.79999999999998,196.79999999999998,0.5,1997-08,0%
10626,BERGS,1,1997-08-11,1997-09-08,1997-08-20,2,138.69,Berglunds snabbkצp,Berguvsvהgen  8,Luleו,,S-958 22,Sweden,1997,8,August,1997-08,60,34.0,20,0.0,Camembert Pierrot,28,4,15 - 300 g rounds,17.0,19,0,0,0,Dairy Products,17.0,34.0,680.0,340.0,340.0,0.5,1997-08,0%
10626,BERGS,1,1997-08-11,1997-09-08,1997-08-20,2,138.69,Berglunds snabbkצp,Berguvsvהgen  8,Luleו,,S-958 22,Sweden,1997,8,August,1997-08,71,21.5,20,0.0,Flotemysost,15,4,10 - 500 g pkgs.,10.75,26,0,0,0,Dairy Products,10.75,21.5,430.0,215.0,215.0,0.5,1997-08,0%
10627,SAVEA,8,1997-08-11,1997-09-22,1997-08-21,3,107.46,Save-a-lot Markets,187 Suffolk Ln.,Boise,ID,83720,USA,1997,8,August,1997-08,62,49.3,15,0.0,Tarte au sucre,29,3,48 pies,24.65,17,0,0,0,Confections,24.65,49.3,739.5,369.75,369.75,0.5,1997-08,0%
10627,SAVEA,8,1997-08-11,1997-09-22,1997-08-21,3,107.46,Save-a-lot Markets,187 Suffolk Ln.,Boise,ID,83720,USA,1997,8,August,1997-08,73,15.0,35,0.15,Rצd Kaviar,17,8,24 - 150 g jars,7.5,101,0,5,0,Seafood,7.5,15.0,446.25,262.5,183.75,0.4117647058823529,1997-08,10-20%
10628,BLONP,4,1997-08-12,1997-09-09,1997-08-20,3,30.36,Blondel pטre et fils,"24, place Klיber",Strasbourg,,67000,France,1997,8,August,1997-08,1,18.0,25,0.0,Chai,1,1,10 boxes x 20 bags,9.0,39,0,10,0,Beverages,9.0,18.0,450.0,225.0,225.0,0.5,1997-08,0%
10629,GODOS,4,1997-08-12,1997-09-09,1997-08-20,3,85.46,Godos Cocina Tםpica,"C/ Romero, 33",Sevilla,,41101,Spain,1997,8,August,1997-08,29,123.79,20,0.0,Thringer Rostbratwurst,12,6,50 bags x 30 sausgs.,61.895,0,0,0,1,Meat/Poultry,61.895,123.79,2475.8,1237.9,1237.9,0.5,1997-08,0%
10629,GODOS,4,1997-08-12,1997-09-09,1997-08-20,3,85.46,Godos Cocina Tםpica,"C/ Romero, 33",Sevilla,,41101,Spain,1997,8,August,1997-08,64,33.25,9,0.0,Wimmers gute Semmelknצdel,12,5,20 bags x 4 pieces,16.625,22,80,30,0,Grains/Cereals,16.625,33.25,299.25,149.625,149.625,0.5,1997-08,0%
10630,KOENE,1,1997-08-13,1997-09-10,1997-08-19,2,32.35,Kצniglich Essen,Maubelstr. 90,Brandenburg,,14776,Germany,1997,8,August,1997-08,55,24.0,12,0.05,Pגtי chinois,25,6,24 boxes x 2 pies,12.0,115,0,20,0,Meat/Poultry,12.0,24.0,273.59999999999997,144.0,129.59999999999997,0.4736842105263157,1997-08,0-5%
10630,KOENE,1,1997-08-13,1997-09-10,1997-08-19,2,32.35,Kצniglich Essen,Maubelstr. 90,Brandenburg,,14776,Germany,1997,8,August,1997-08,76,18.0,35,0.0,Lakkalikצצri,23,1,500 ml,9.0,57,0,20,0,Beverages,9.0,18.0,630.0,315.0,315.0,0.5,1997-08,0%
10631,LAMAI,8,1997-08-14,1997-09-11,1997-08-15,1,0.87,La maison d'Asie,1 rue Alsace-Lorraine,Toulouse,,31000,France,1997,8,August,1997-08,75,7.75,8,0.1,Rhצnbrהu Klosterbier,12,1,24 - 0.5 l bottles,3.875,125,0,25,0,Beverages,3.875,7.75,55.800000000000004,31.0,24.800000000000004,0.4444444444444445,1997-08,5-10%
10632,WANDK,8,1997-08-14,1997-09-11,1997-08-19,1,41.38,Die Wandernde Kuh,Adenauerallee 900,Stuttgart,,70563,Germany,1997,8,August,1997-08,2,19.0,30,0.05,Chang,1,1,24 - 12 oz bottles,9.5,17,40,25,0,Beverages,9.5,19.0,541.5,285.0,256.5,0.47368421052631576,1997-08,0-5%
10632,WANDK,8,1997-08-14,1997-09-11,1997-08-19,1,41.38,Die Wandernde Kuh,Adenauerallee 900,Stuttgart,,70563,Germany,1997,8,August,1997-08,33,2.5,20,0.05,Geitost,15,4,500 g,1.25,112,0,20,0,Dairy Products,1.25,2.5,47.5,25.0,22.5,0.47368421052631576,1997-08,0-5%
10633,ERNSH,7,1997-08-15,1997-09-12,1997-08-18,3,477.9,Ernst Handel,Kirchgasse 6,Graz,,8010,Austria,1997,8,August,1997-08,12,38.0,36,0.15,Queso Manchego La Pastora,5,4,10 - 500 g pkgs.,19.0,86,0,0,0,Dairy Products,19.0,38.0,1162.8,684.0,478.79999999999995,0.4117647058823529,1997-08,10-20%
10633,ERNSH,7,1997-08-15,1997-09-12,1997-08-18,3,477.9,Ernst Handel,Kirchgasse 6,Graz,,8010,Austria,1997,8,August,1997-08,13,6.0,13,0.15,Konbu,6,8,2 kg box,3.0,24,0,5,0,Seafood,3.0,6.0,66.3,39.0,27.299999999999997,0.4117647058823529,1997-08,10-20%
10633,ERNSH,7,1997-08-15,1997-09-12,1997-08-18,3,477.9,Ernst Handel,Kirchgasse 6,Graz,,8010,Austria,1997,8,August,1997-08,26,31.23,35,0.15,Gumbהr Gummibהrchen,11,3,100 - 250 g bags,15.615,15,0,0,0,Confections,15.615,31.23,929.0925,546.525,382.5675,0.4117647058823529,1997-08,10-20%
10633,ERNSH,7,1997-08-15,1997-09-12,1997-08-18,3,477.9,Ernst Handel,Kirchgasse 6,Graz,,8010,Austria,1997,8,August,1997-08,62,49.3,80,0.15,Tarte au sucre,29,3,48 pies,24.65,17,0,0,0,Confections,24.65,49.3,3352.4,1972.0,1380.4,0.411764705882353,1997-08,10-20%
10634,FOLIG,4,1997-08-15,1997-09-12,1997-08-21,3,487.38,Folies gourmandes,"184, chaussיe de Tournai",Lille,,59000,France,1997,8,August,1997-08,7,30.0,35,0.0,Uncle Bob's Organic Dried Pears,3,7,12 - 1 lb pkgs.,15.0,15,0,10,0,Produce,15.0,30.0,1050.0,525.0,525.0,0.5,1997-08,0%
10634,FOLIG,4,1997-08-15,1997-09-12,1997-08-21,3,487.38,Folies gourmandes,"184, chaussיe de Tournai",Lille,,59000,France,1997,8,August,1997-08,18,62.5,50,0.0,Carnarvon Tigers,7,8,16 kg pkg.,31.25,42,0,0,0,Seafood,31.25,62.5,3125.0,1562.5,1562.5,0.5,1997-08,0%
10634,FOLIG,4,1997-08-15,1997-09-12,1997-08-21,3,487.38,Folies gourmandes,"184, chaussיe de Tournai",Lille,,59000,France,1997,8,August,1997-08,51,53.0,15,0.0,Manjimup Dried Apples,24,7,50 - 300 g pkgs.,26.5,20,0,10,0,Produce,26.5,53.0,795.0,397.5,397.5,0.5,1997-08,0%
10634,FOLIG,4,1997-08-15,1997-09-12,1997-08-21,3,487.38,Folies gourmandes,"184, chaussיe de Tournai",Lille,,59000,France,1997,8,August,1997-08,75,7.75,2,0.0,Rhצnbrהu Klosterbier,12,1,24 - 0.5 l bottles,3.875,125,0,25,0,Beverages,3.875,7.75,15.5,7.75,7.75,0.5,1997-08,0%
10635,MAGAA,8,1997-08-18,1997-09-15,1997-08-21,3,47.46,Magazzini Alimentari Riuniti,Via Ludovico il Moro 22,Bergamo,,24100,Italy,1997,8,August,1997-08,4,22.0,10,0.1,Chef Anton's Cajun Seasoning,2,2,48 - 6 oz jars,11.0,53,0,0,0,Condiments,11.0,22.0,198.0,110.0,88.0,0.4444444444444444,1997-08,5-10%
10635,MAGAA,8,1997-08-18,1997-09-15,1997-08-21,3,47.46,Magazzini Alimentari Riuniti,Via Ludovico il Moro 22,Bergamo,,24100,Italy,1997,8,August,1997-08,5,21.35,15,0.1,Chef Anton's Gumbo Mix,2,2,36 boxes,10.675,0,0,0,1,Condiments,10.675,21.35,288.225,160.125,128.10000000000002,0.4444444444444445,1997-08,5-10%
10635,MAGAA,8,1997-08-18,1997-09-15,1997-08-21,3,47.46,Magazzini Alimentari Riuniti,Via Ludovico il Moro 22,Bergamo,,24100,Italy,1997,8,August,1997-08,22,21.0,40,0.0,Gustaf's Knהckebrצd,9,5,24 - 500 g pkgs.,10.5,104,0,25,0,Grains/Cereals,10.5,21.0,840.0,420.0,420.0,0.5,1997-08,0%
10636,WARTH,4,1997-08-19,1997-09-16,1997-08-26,1,1.15,Wartian Herkku,Torikatu 38,Oulu,,90110,Finland,1997,8,August,1997-08,4,22.0,25,0.0,Chef Anton's Cajun Seasoning,2,2,48 - 6 oz jars,11.0,53,0,0,0,Condiments,11.0,22.0,550.0,275.0,275.0,0.5,1997-08,0%
10636,WARTH,4,1997-08-19,1997-09-16,1997-08-26,1,1.15,Wartian Herkku,Torikatu 38,Oulu,,90110,Finland,1997,8,August,1997-08,58,13.25,6,0.0,Escargots de Bourgogne,27,8,24 pieces,6.625,62,0,20,0,Seafood,6.625,13.25,79.5,39.75,39.75,0.5,1997-08,0%
10637,QUEEN,6,1997-08-19,1997-09-16,1997-08-26,1,201.29,Queen Cozinha,"Alameda dos Canאrios, 891",Sao Paulo,SP,05487-020,Brazil,1997,8,August,1997-08,11,21.0,10,0.0,Queso Cabrales,5,4,1 kg pkg.,10.5,22,30,30,0,Dairy Products,10.5,21.0,210.0,105.0,105.0,0.5,1997-08,0%
10637,QUEEN,6,1997-08-19,1997-09-16,1997-08-26,1,201.29,Queen Cozinha,"Alameda dos Canאrios, 891",Sao Paulo,SP,05487-020,Brazil,1997,8,August,1997-08,50,16.25,25,0.05,Valkoinen suklaa,23,3,12 - 100 g bars,8.125,65,0,30,0,Confections,8.125,16.25,385.9375,203.125,182.8125,0.47368421052631576,1997-08,0-5%
10637,QUEEN,6,1997-08-19,1997-09-16,1997-08-26,1,201.29,Queen Cozinha,"Alameda dos Canאrios, 891",Sao Paulo,SP,05487-020,Brazil,1997,8,August,1997-08,56,38.0,60,0.05,Gnocchi di nonna Alice,26,5,24 - 250 g pkgs.,19.0,21,10,30,0,Grains/Cereals,19.0,38.0,2166.0,1140.0,1026.0,0.47368421052631576,1997-08,0-5%
10638,LINOD,3,1997-08-20,1997-09-17,1997-09-01,1,158.44,LINO-Delicateses,Ave. 5 de Mayo Porlamar,I. de Margarita,Nueva Esparta,4980,Venezuela,1997,8,August,1997-08,45,9.5,20,0.0,Rogede sild,21,8,1k pkg.,4.75,5,70,15,0,Seafood,4.75,9.5,190.0,95.0,95.0,0.5,1997-08,0%
10638,LINOD,3,1997-08-20,1997-09-17,1997-09-01,1,158.44,LINO-Delicateses,Ave. 5 de Mayo Porlamar,I. de Margarita,Nueva Esparta,4980,Venezuela,1997,8,August,1997-08,65,21.05,21,0.0,Louisiana Fiery Hot Pepper Sauce,2,2,32 - 8 oz bottles,10.525,76,0,0,0,Condiments,10.525,21.05,442.05,221.025,221.025,0.5,1997-08,0%
10638,LINOD,3,1997-08-20,1997-09-17,1997-09-01,1,158.44,LINO-Delicateses,Ave. 5 de Mayo Porlamar,I. de Margarita,Nueva Esparta,4980,Venezuela,1997,8,August,1997-08,72,34.8,60,0.0,Mozzarella di Giovanni,14,4,24 - 200 g pkgs.,17.4,14,0,0,0,Dairy Products,17.4,34.8,2088.0,1044.0,1044.0,0.5,1997-08,0%
10639,SANTG,7,1997-08-20,1997-09-17,1997-08-27,3,38.64,Santי Gourmet,Erling Skakkes gate 78,Stavern,,4110,Norway,1997,8,August,1997-08,18,62.5,8,0.0,Carnarvon Tigers,7,8,16 kg pkg.,31.25,42,0,0,0,Seafood,31.25,62.5,500.0,250.0,250.0,0.5,1997-08,0%
10640,WANDK,4,1997-08-21,1997-09-18,1997-08-28,1,23.55,Die Wandernde Kuh,Adenauerallee 900,Stuttgart,,70563,Germany,1997,8,August,1997-08,69,36.0,20,0.25,Gudbrandsdalsost,15,4,10 kg pkg.,18.0,26,0,15,0,Dairy Products,18.0,36.0,540.0,360.0,180.0,0.3333333333333333,1997-08,20%+
10640,WANDK,4,1997-08-21,1997-09-18,1997-08-28,1,23.55,Die Wandernde Kuh,Adenauerallee 900,Stuttgart,,70563,Germany,1997,8,August,1997-08,70,15.0,15,0.25,Outback Lager,7,1,24 - 355 ml bottles,7.5,15,10,30,0,Beverages,7.5,15.0,168.75,112.5,56.25,0.3333333333333333,1997-08,20%+
10641,HILAA,4,1997-08-22,1997-09-19,1997-08-26,2,179.61,HILARION-Abastos,Carrera 22 con Ave. Carlos Soublette #8-35,San Cristףbal,Tבchira,5022,Venezuela,1997,8,August,1997-08,2,19.0,50,0.0,Chang,1,1,24 - 12 oz bottles,9.5,17,40,25,0,Beverages,9.5,19.0,950.0,475.0,475.0,0.5,1997-08,0%
10641,HILAA,4,1997-08-22,1997-09-19,1997-08-26,2,179.61,HILARION-Abastos,Carrera 22 con Ave. Carlos Soublette #8-35,San Cristףbal,Tבchira,5022,Venezuela,1997,8,August,1997-08,40,18.4,60,0.0,Boston Crab Meat,19,8,24 - 4 oz tins,9.2,123,0,30,0,Seafood,9.2,18.4,1104.0,552.0,552.0,0.5,1997-08,0%
10642,SIMOB,7,1997-08-22,1997-09-19,1997-09-05,3,41.89,Simons bistro,Vinbזltet 34,Kobenhavn,,1734,Denmark,1997,8,August,1997-08,21,10.0,30,0.2,Sir Rodney's Scones,8,3,24 pkgs. x 4 pieces,5.0,3,40,5,0,Confections,5.0,10.0,240.0,150.0,90.0,0.375,1997-08,10-20%
10642,SIMOB,7,1997-08-22,1997-09-19,1997-09-05,3,41.89,Simons bistro,Vinbזltet 34,Kobenhavn,,1734,Denmark,1997,8,August,1997-08,61,28.5,20,0.2,Sirop d'יrable,29,2,24 - 500 ml bottles,14.25,113,0,25,0,Condiments,14.25,28.5,456.0,285.0,171.0,0.375,1997-08,10-20%
10643,ALFKI,6,1997-08-25,1997-09-22,1997-09-02,1,29.46,Alfreds Futterkiste,Obere Str. 57,Berlin,,12209,Germany,1997,8,August,1997-08,28,45.6,15,0.25,Rצssle Sauerkraut,12,7,25 - 825 g cans,22.8,26,0,0,1,Produce,22.8,45.6,513.0,342.0,171.0,0.3333333333333333,1997-08,20%+
10643,ALFKI,6,1997-08-25,1997-09-22,1997-09-02,1,29.46,Alfreds Futterkiste,Obere Str. 57,Berlin,,12209,Germany,1997,8,August,1997-08,39,18.0,21,0.25,Chartreuse verte,18,1,750 cc per bottle,9.0,69,0,5,0,Beverages,9.0,18.0,283.5,189.0,94.5,0.3333333333333333,1997-08,20%+
10643,ALFKI,6,1997-08-25,1997-09-22,1997-09-02,1,29.46,Alfreds Futterkiste,Obere Str. 57,Berlin,,12209,Germany,1997,8,August,1997-08,46,12.0,2,0.25,Spegesild,21,8,4 - 450 g glasses,6.0,95,0,0,0,Seafood,6.0,12.0,18.0,12.0,6.0,0.3333333333333333,1997-08,20%+
10644,WELLI,3,1997-08-25,1997-09-22,1997-09-01,2,0.14,Wellington Importadora,"Rua do Mercado, 12",Resende,SP,08737-363,Brazil,1997,8,August,1997-08,18,62.5,4,0.1,Carnarvon Tigers,7,8,16 kg pkg.,31.25,42,0,0,0,Seafood,31.25,62.5,225.0,125.0,100.0,0.4444444444444444,1997-08,5-10%
10644,WELLI,3,1997-08-25,1997-09-22,1997-09-01,2,0.14,Wellington Importadora,"Rua do Mercado, 12",Resende,SP,08737-363,Brazil,1997,8,August,1997-08,43,46.0,20,0.0,Ipoh Coffee,20,1,16 - 500 g tins,23.0,17,10,25,0,Beverages,23.0,46.0,920.0,460.0,460.0,0.5,1997-08,0%
10644,WELLI,3,1997-08-25,1997-09-22,1997-09-01,2,0.14,Wellington Importadora,"Rua do Mercado, 12",Resende,SP,08737-363,Brazil,1997,8,August,1997-08,46,12.0,21,0.1,Spegesild,21,8,4 - 450 g glasses,6.0,95,0,0,0,Seafood,6.0,12.0,226.8,126.0,100.80000000000001,0.4444444444444445,1997-08,5-10%
10645,HANAR,4,1997-08-26,1997-09-23,1997-09-02,1,12.41,Hanari Carnes,"Rua do Paחo, 67",Rio de Janeiro,RJ,05454-876,Brazil,1997,8,August,1997-08,18,62.5,20,0.0,Carnarvon Tigers,7,8,16 kg pkg.,31.25,42,0,0,0,Seafood,31.25,62.5,1250.0,625.0,625.0,0.5,1997-08,0%
10645,HANAR,4,1997-08-26,1997-09-23,1997-09-02,1,12.41,Hanari Carnes,"Rua do Paחo, 67",Rio de Janeiro,RJ,05454-876,Brazil,1997,8,August,1997-08,36,19.0,15,0.0,Inlagd Sill,17,8,24 - 250 g  jars,9.5,112,0,20,0,Seafood,9.5,19.0,285.0,142.5,142.5,0.5,1997-08,0%
10646,HUNGO,9,1997-08-27,1997-10-08,1997-09-03,3,142.33,Hungry Owl All-Night Grocers,8 Johnstown Road,Cork,Co. Cork,,Ireland,1997,8,August,1997-08,1,18.0,15,0.25,Chai,1,1,10 boxes x 20 bags,9.0,39,0,10,0,Beverages,9.0,18.0,202.5,135.0,67.5,0.3333333333333333,1997-08,20%+
10646,HUNGO,9,1997-08-27,1997-10-08,1997-09-03,3,142.33,Hungry Owl All-Night Grocers,8 Johnstown Road,Cork,Co. Cork,,Ireland,1997,8,August,1997-08,10,31.0,18,0.25,Ikura,4,8,12 - 200 ml jars,15.5,31,0,0,0,Seafood,15.5,31.0,418.5,279.0,139.5,0.3333333333333333,1997-08,20%+
10646,HUNGO,9,1997-08-27,1997-10-08,1997-09-03,3,142.33,Hungry Owl All-Night Grocers,8 Johnstown Road,Cork,Co. Cork,,Ireland,1997,8,August,1997-08,71,21.5,30,0.25,Flotemysost,15,4,10 - 500 g pkgs.,10.75,26,0,0,0,Dairy Products,10.75,21.5,483.75,322.5,161.25,0.3333333333333333,1997-08,20%+
10646,HUNGO,9,1997-08-27,1997-10-08,1997-09-03,3,142.33,Hungry Owl All-Night Grocers,8 Johnstown Road,Cork,Co. Cork,,Ireland,1997,8,August,1997-08,77,13.0,35,0.25,Original Frankfurter grne Soe,12,2,12 boxes,6.5,32,0,15,0,Condiments,6.5,13.0,341.25,227.5,113.75,0.3333333333333333,1997-08,20%+
10647,QUEDE,4,1997-08-27,1997-09-10,1997-09-03,2,45.54,Que Delםcia,"Rua da Panificadora, 12",Rio de Janeiro,RJ,02389-673,Brazil,1997,8,August,1997-08,19,9.2,30,0.0,Teatime Chocolate Biscuits,8,3,10 boxes x 12 pieces,4.6,25,0,5,0,Confections,4.6,9.2,276.0,138.0,138.0,0.5,1997-08,0%
10647,QUEDE,4,1997-08-27,1997-09-10,1997-09-03,2,45.54,Que Delםcia,"Rua da Panificadora, 12",Rio de Janeiro,RJ,02389-673,Brazil,1997,8,August,1997-08,39,18.0,20,0.0,Chartreuse verte,18,1,750 cc per bottle,9.0,69,0,5,0,Beverages,9.0,18.0,360.0,180.0,180.0,0.5,1997-08,0%
10648,RICAR,5,1997-08-28,1997-10-09,1997-09-09,2,14.25,Ricardo Adocicados,"Av. Copacabana, 267",Rio de Janeiro,RJ,02389-890,Brazil,1997,8,August,1997-08,22,21.0,15,0.0,Gustaf's Knהckebrצd,9,5,24 - 500 g pkgs.,10.5,104,0,25,0,Grains/Cereals,10.5,21.0,315.0,157.5,157.5,0.5,1997-08,0%
10648,RICAR,5,1997-08-28,1997-10-09,1997-09-09,2,14.25,Ricardo Adocicados,"Av. Copacabana, 267",Rio de Janeiro,RJ,02389-890,Brazil,1997,8,August,1997-08,24,4.5,15,0.15,Guaranב Fantבstica,10,1,12 - 355 ml cans,2.25,20,0,0,1,Beverages,2.25,4.5,57.375,33.75,23.625,0.4117647058823529,1997-08,10-20%
10649,MAISD,5,1997-08-28,1997-09-25,1997-08-29,3,6.2,Maison Dewey,Rue Joseph-Bens 532,Bruxelles,,B-1180,Belgium,1997,8,August,1997-08,28,45.6,20,0.0,Rצssle Sauerkraut,12,7,25 - 825 g cans,22.8,26,0,0,1,Produce,22.8,45.6,912.0,456.0,456.0,0.5,1997-08,0%
10649,MAISD,5,1997-08-28,1997-09-25,1997-08-29,3,6.2,Maison Dewey,Rue Joseph-Bens 532,Bruxelles,,B-1180,Belgium,1997,8,August,1997-08,72,34.8,15,0.0,Mozzarella di Giovanni,14,4,24 - 200 g pkgs.,17.4,14,0,0,0,Dairy Products,17.4,34.8,522.0,261.0,261.0,0.5,1997-08,0%
10650,FAMIA,5,1997-08-29,1997-09-26,1997-09-03,3,176.81,Familia Arquibaldo,"Rua Orףs, 92",Sao Paulo,SP,05442-030,Brazil,1997,8,August,1997-08,30,25.89,30,0.0,Nord-Ost Matjeshering,13,8,10 - 200 g glasses,12.945,10,0,15,0,Seafood,12.945,25.89,776.7,388.35,388.35,0.5,1997-08,0%
10650,FAMIA,5,1997-08-29,1997-09-26,1997-09-03,3,176.81,Familia Arquibaldo,"Rua Orףs, 92",Sao Paulo,SP,05442-030,Brazil,1997,8,August,1997-08,53,32.8,25,0.05,Perth Pasties,24,6,48 pieces,16.4,0,0,0,1,Meat/Poultry,16.4,32.8,778.9999999999999,409.99999999999994,368.99999999999994,0.47368421052631576,1997-08,0-5%
10650,FAMIA,5,1997-08-29,1997-09-26,1997-09-03,3,176.81,Familia Arquibaldo,"Rua Orףs, 92",Sao Paulo,SP,05442-030,Brazil,1997,8,August,1997-08,54,7.45,30,0.0,Tourtiטre,25,6,16 pies,3.725,21,0,10,0,Meat/Poultry,3.725,7.45,223.5,111.75,111.75,0.5,1997-08,0%
10651,WANDK,8,1997-09-01,1997-09-29,1997-09-11,2,20.6,Die Wandernde Kuh,Adenauerallee 900,Stuttgart,,70563,Germany,1997,9,September,1997-09,19,9.2,12,0.25,Teatime Chocolate Biscuits,8,3,10 boxes x 12 pieces,4.6,25,0,5,0,Confections,4.6,9.2,82.8,55.199999999999996,27.6,0.33333333333333337,1997-09,20%+
10651,WANDK,8,1997-09-01,1997-09-29,1997-09-11,2,20.6,Die Wandernde Kuh,Adenauerallee 900,Stuttgart,,70563,Germany,1997,9,September,1997-09,22,21.0,20,0.25,Gustaf's Knהckebrצd,9,5,24 - 500 g pkgs.,10.5,104,0,25,0,Grains/Cereals,10.5,21.0,315.0,210.0,105.0,0.3333333333333333,1997-09,20%+
10652,GOURL,4,1997-09-01,1997-09-29,1997-09-08,2,7.14,Gourmet Lanchonetes,"Av. Brasil, 442",Campinas,SP,04876-786,Brazil,1997,9,September,1997-09,30,25.89,2,0.25,Nord-Ost Matjeshering,13,8,10 - 200 g glasses,12.945,10,0,15,0,Seafood,12.945,25.89,38.835,25.89,12.945,0.3333333333333333,1997-09,20%+
10652,GOURL,4,1997-09-01,1997-09-29,1997-09-08,2,7.14,Gourmet Lanchonetes,"Av. Brasil, 442",Campinas,SP,04876-786,Brazil,1997,9,September,1997-09,42,14.0,20,0.0,Singaporean Hokkien Fried Mee,20,5,32 - 1 kg pkgs.,7.0,26,0,0,1,Grains/Cereals,7.0,14.0,280.0,140.0,140.0,0.5,1997-09,0%
10653,FRANK,1,1997-09-02,1997-09-30,1997-09-19,1,93.25,Frankenversand,Berliner Platz 43,Mnchen,,80805,Germany,1997,9,September,1997-09,16,17.45,30,0.1,Pavlova,7,3,32 - 500 g boxes,8.725,29,0,10,0,Confections,8.725,17.45,471.15000000000003,261.75,209.40000000000003,0.4444444444444445,1997-09,5-10%
10653,FRANK,1,1997-09-02,1997-09-30,1997-09-19,1,93.25,Frankenversand,Berliner Platz 43,Mnchen,,80805,Germany,1997,9,September,1997-09,60,34.0,20,0.1,Camembert Pierrot,28,4,15 - 300 g rounds,17.0,19,0,0,0,Dairy Products,17.0,34.0,612.0,340.0,272.0,0.4444444444444444,1997-09,5-10%
10654,BERGS,5,1997-09-02,1997-09-30,1997-09-11,1,55.26,Berglunds snabbkצp,Berguvsvהgen  8,Luleו,,S-958 22,Sweden,1997,9,September,1997-09,4,22.0,12,0.1,Chef Anton's Cajun Seasoning,2,2,48 - 6 oz jars,11.0,53,0,0,0,Condiments,11.0,22.0,237.6,132.0,105.6,0.4444444444444444,1997-09,5-10%
10654,BERGS,5,1997-09-02,1997-09-30,1997-09-11,1,55.26,Berglunds snabbkצp,Berguvsvהgen  8,Luleו,,S-958 22,Sweden,1997,9,September,1997-09,39,18.0,20,0.1,Chartreuse verte,18,1,750 cc per bottle,9.0,69,0,5,0,Beverages,9.0,18.0,324.0,180.0,144.0,0.4444444444444444,1997-09,5-10%
10654,BERGS,5,1997-09-02,1997-09-30,1997-09-11,1,55.26,Berglunds snabbkצp,Berguvsvהgen  8,Luleו,,S-958 22,Sweden,1997,9,September,1997-09,54,7.45,6,0.1,Tourtiטre,25,6,16 pies,3.725,21,0,10,0,Meat/Poultry,3.725,7.45,40.230000000000004,22.35,17.880000000000003,0.4444444444444445,1997-09,5-10%
10655,REGGC,1,1997-09-03,1997-10-01,1997-09-11,2,4.41,Reggiani Caseifici,Strada Provinciale 124,Reggio Emilia,,42100,Italy,1997,9,September,1997-09,41,9.65,20,0.2,Jack's New England Clam Chowder,19,8,12 - 12 oz cans,4.825,85,0,10,0,Seafood,4.825,9.65,154.4,96.5,57.900000000000006,0.375,1997-09,10-20%
10656,GREAL,6,1997-09-04,1997-10-02,1997-09-10,1,57.15,Great Lakes Food Market,2732 Baker Blvd.,Eugene,OR,97403,USA,1997,9,September,1997-09,14,23.25,3,0.1,Tofu,6,7,40 - 100 g pkgs.,11.625,35,0,0,0,Produce,11.625,23.25,62.775,34.875,27.9,0.4444444444444444,1997-09,5-10%
10656,GREAL,6,1997-09-04,1997-10-02,1997-09-10,1,57.15,Great Lakes Food Market,2732 Baker Blvd.,Eugene,OR,97403,USA,1997,9,September,1997-09,44,19.45,28,0.1,Gula Malacca,20,2,20 - 2 kg bags,9.725,27,0,15,0,Condiments,9.725,19.45,490.14000000000004,272.3,217.84000000000003,0.4444444444444445,1997-09,5-10%
10656,GREAL,6,1997-09-04,1997-10-02,1997-09-10,1,57.15,Great Lakes Food Market,2732 Baker Blvd.,Eugene,OR,97403,USA,1997,9,September,1997-09,47,9.5,6,0.1,Zaanse koeken,22,3,10 - 4 oz boxes,4.75,36,0,0,0,Confections,4.75,9.5,51.300000000000004,28.5,22.800000000000004,0.4444444444444445,1997-09,5-10%
10657,SAVEA,2,1997-09-04,1997-10-02,1997-09-15,2,352.69,Save-a-lot Markets,187 Suffolk Ln.,Boise,ID,83720,USA,1997,9,September,1997-09,15,15.5,50,0.0,Genen Shouyu,6,2,24 - 250 ml bottles,7.75,39,0,5,0,Condiments,7.75,15.5,775.0,387.5,387.5,0.5,1997-09,0%
10657,SAVEA,2,1997-09-04,1997-10-02,1997-09-15,2,352.69,Save-a-lot Markets,187 Suffolk Ln.,Boise,ID,83720,USA,1997,9,September,1997-09,41,9.65,24,0.0,Jack's New England Clam Chowder,19,8,12 - 12 oz cans,4.825,85,0,10,0,Seafood,4.825,9.65,231.60000000000002,115.80000000000001,115.80000000000001,0.5,1997-09,0%
10657,SAVEA,2,1997-09-04,1997-10-02,1997-09-15,2,352.69,Save-a-lot Markets,187 Suffolk Ln.,Boise,ID,83720,USA,1997,9,September,1997-09,46,12.0,45,0.0,Spegesild,21,8,4 - 450 g glasses,6.0,95,0,0,0,Seafood,6.0,12.0,540.0,270.0,270.0,0.5,1997-09,0%
10657,SAVEA,2,1997-09-04,1997-10-02,1997-09-15,2,352.69,Save-a-lot Markets,187 Suffolk Ln.,Boise,ID,83720,USA,1997,9,September,1997-09,47,9.5,10,0.0,Zaanse koeken,22,3,10 - 4 oz boxes,4.75,36,0,0,0,Confections,4.75,9.5,95.0,47.5,47.5,0.5,1997-09,0%
10657,SAVEA,2,1997-09-04,1997-10-02,1997-09-15,2,352.69,Save-a-lot Markets,187 Suffolk Ln.,Boise,ID,83720,USA,1997,9,September,1997-09,56,38.0,45,0.0,Gnocchi di nonna Alice,26,5,24 - 250 g pkgs.,19.0,21,10,30,0,Grains/Cereals,19.0,38.0,1710.0,855.0,855.0,0.5,1997-09,0%
10657,SAVEA,2,1997-09-04,1997-10-02,1997-09-15,2,352.69,Save-a-lot Markets,187 Suffolk Ln.,Boise,ID,83720,USA,1997,9,September,1997-09,60,34.0,30,0.0,Camembert Pierrot,28,4,15 - 300 g rounds,17.0,19,0,0,0,Dairy Products,17.0,34.0,1020.0,510.0,510.0,0.5,1997-09,0%
10658,QUICK,4,1997-09-05,1997-10-03,1997-09-08,1,364.15,QUICK-Stop,Taucherstrae 10,Cunewalde,,1307,Germany,1997,9,September,1997-09,21,10.0,60,0.0,Sir Rodney's Scones,8,3,24 pkgs. x 4 pieces,5.0,3,40,5,0,Confections,5.0,10.0,600.0,300.0,300.0,0.5,1997-09,0%
10658,QUICK,4,1997-09-05,1997-10-03,1997-09-08,1,364.15,QUICK-Stop,Taucherstrae 10,Cunewalde,,1307,Germany,1997,9,September,1997-09,40,18.4,70,0.05,Boston Crab Meat,19,8,24 - 4 oz tins,9.2,123,0,30,0,Seafood,9.2,18.4,1223.6,644.0,579.5999999999999,0.47368421052631576,1997-09,0-5%
10658,QUICK,4,1997-09-05,1997-10-03,1997-09-08,1,364.15,QUICK-Stop,Taucherstrae 10,Cunewalde,,1307,Germany,1997,9,September,1997-09,60,34.0,55,0.05,Camembert Pierrot,28,4,15 - 300 g rounds,17.0,19,0,0,0,Dairy Products,17.0,34.0,1776.5,935.0,841.5,0.47368421052631576,1997-09,0-5%
10658,QUICK,4,1997-09-05,1997-10-03,1997-09-08,1,364.15,QUICK-Stop,Taucherstrae 10,Cunewalde,,1307,Germany,1997,9,September,1997-09,77,13.0,70,0.05,Original Frankfurter grne Soe,12,2,12 boxes,6.5,32,0,15,0,Condiments,6.5,13.0,864.5,455.0,409.5,0.47368421052631576,1997-09,0-5%
10659,QUEEN,7,1997-09-05,1997-10-03,1997-09-10,2,105.81,Queen Cozinha,"Alameda dos Canאrios, 891",Sao Paulo,SP,05487-020,Brazil,1997,9,September,1997-09,31,12.5,20,0.05,Gorgonzola Telino,14,4,12 - 100 g pkgs,6.25,0,70,20,0,Dairy Products,6.25,12.5,237.5,125.0,112.5,0.47368421052631576,1997-09,0-5%
10659,QUEEN,7,1997-09-05,1997-10-03,1997-09-10,2,105.81,Queen Cozinha,"Alameda dos Canאrios, 891",Sao Paulo,SP,05487-020,Brazil,1997,9,September,1997-09,40,18.4,24,0.05,Boston Crab Meat,19,8,24 - 4 oz tins,9.2,123,0,30,0,Seafood,9.2,18.4,419.5199999999999,220.79999999999998,198.71999999999994,0.47368421052631576,1997-09,0-5%
10659,QUEEN,7,1997-09-05,1997-10-03,1997-09-10,2,105.81,Queen Cozinha,"Alameda dos Canאrios, 891",Sao Paulo,SP,05487-020,Brazil,1997,9,September,1997-09,70,15.0,40,0.05,Outback Lager,7,1,24 - 355 ml bottles,7.5,15,10,30,0,Beverages,7.5,15.0,570.0,300.0,270.0,0.47368421052631576,1997-09,0-5%
10660,HUNGC,8,1997-09-08,1997-10-06,1997-10-15,1,111.29,Hungry Coyote Import Store,City Center Plaza 516 Main St.,Elgin,OR,97827,USA,1997,9,September,1997-09,20,81.0,21,0.0,Sir Rodney's Marmalade,8,3,30 gift boxes,40.5,40,0,0,0,Confections,40.5,81.0,1701.0,850.5,850.5,0.5,1997-09,0%
10661,HUNGO,7,1997-09-09,1997-10-07,1997-09-15,3,17.55,Hungry Owl All-Night Grocers,8 Johnstown Road,Cork,Co. Cork,,Ireland,1997,9,September,1997-09,39,18.0,3,0.2,Chartreuse verte,18,1,750 cc per bottle,9.0,69,0,5,0,Beverages,9.0,18.0,43.2,27.0,16.200000000000003,0.37500000000000006,1997-09,10-20%
10661,HUNGO,7,1997-09-09,1997-10-07,1997-09-15,3,17.55,Hungry Owl All-Night Grocers,8 Johnstown Road,Cork,Co. Cork,,Ireland,1997,9,September,1997-09,58,13.25,49,0.2,Escargots de Bourgogne,27,8,24 pieces,6.625,62,0,20,0,Seafood,6.625,13.25,519.4,324.625,194.77499999999998,0.375,1997-09,10-20%
10662,LONEP,3,1997-09-09,1997-10-07,1997-09-18,2,1.28,Lonesome Pine Restaurant,89 Chiaroscuro Rd.,Portland,OR,97219,USA,1997,9,September,1997-09,68,12.5,10,0.0,Scottish Longbreads,8,3,10 boxes x 8 pieces,6.25,6,10,15,0,Confections,6.25,12.5,125.0,62.5,62.5,0.5,1997-09,0%
10663,BONAP,2,1997-09-10,1997-09-24,1997-10-03,2,113.15,Bon app',"12, rue des Bouchers",Marseille,,13008,France,1997,9,September,1997-09,40,18.4,30,0.05,Boston Crab Meat,19,8,24 - 4 oz tins,9.2,123,0,30,0,Seafood,9.2,18.4,524.4,276.0,248.39999999999998,0.47368421052631576,1997-09,0-5%
10663,BONAP,2,1997-09-10,1997-09-24,1997-10-03,2,113.15,Bon app',"12, rue des Bouchers",Marseille,,13008,France,1997,9,September,1997-09,42,14.0,30,0.05,Singaporean Hokkien Fried Mee,20,5,32 - 1 kg pkgs.,7.0,26,0,0,1,Grains/Cereals,7.0,14.0,399.0,210.0,189.0,0.47368421052631576,1997-09,0-5%
10663,BONAP,2,1997-09-10,1997-09-24,1997-10-03,2,113.15,Bon app',"12, rue des Bouchers",Marseille,,13008,France,1997,9,September,1997-09,51,53.0,20,0.05,Manjimup Dried Apples,24,7,50 - 300 g pkgs.,26.5,20,0,10,0,Produce,26.5,53.0,1007.0,530.0,477.0,0.47368421052631576,1997-09,0-5%
10664,FURIB,1,1997-09-10,1997-10-08,1997-09-19,3,1.27,Furia Bacalhau e Frutos do Mar,Jardim das rosas n. 32,Lisboa,,1675,Portugal,1997,9,September,1997-09,10,31.0,24,0.15,Ikura,4,8,12 - 200 ml jars,15.5,31,0,0,0,Seafood,15.5,31.0,632.4,372.0,260.4,0.4117647058823529,1997-09,10-20%
10664,FURIB,1,1997-09-10,1997-10-08,1997-09-19,3,1.27,Furia Bacalhau e Frutos do Mar,Jardim das rosas n. 32,Lisboa,,1675,Portugal,1997,9,September,1997-09,56,38.0,12,0.15,Gnocchi di nonna Alice,26,5,24 - 250 g pkgs.,19.0,21,10,30,0,Grains/Cereals,19.0,38.0,387.59999999999997,228.0,159.59999999999997,0.41176470588235287,1997-09,10-20%
10664,FURIB,1,1997-09-10,1997-10-08,1997-09-19,3,1.27,Furia Bacalhau e Frutos do Mar,Jardim das rosas n. 32,Lisboa,,1675,Portugal,1997,9,September,1997-09,65,21.05,15,0.15,Louisiana Fiery Hot Pepper Sauce,2,2,32 - 8 oz bottles,10.525,76,0,0,0,Condiments,10.525,21.05,268.3875,157.875,110.51249999999999,0.4117647058823529,1997-09,10-20%
10665,LONEP,1,1997-09-11,1997-10-09,1997-09-17,2,26.31,Lonesome Pine Restaurant,89 Chiaroscuro Rd.,Portland,OR,97219,USA,1997,9,September,1997-09,51,53.0,20,0.0,Manjimup Dried Apples,24,7,50 - 300 g pkgs.,26.5,20,0,10,0,Produce,26.5,53.0,1060.0,530.0,530.0,0.5,1997-09,0%
10665,LONEP,1,1997-09-11,1997-10-09,1997-09-17,2,26.31,Lonesome Pine Restaurant,89 Chiaroscuro Rd.,Portland,OR,97219,USA,1997,9,September,1997-09,59,55.0,1,0.0,Raclette Courdavault,28,4,5 kg pkg.,27.5,79,0,0,0,Dairy Products,27.5,55.0,55.0,27.5,27.5,0.5,1997-09,0%
10665,LONEP,1,1997-09-11,1997-10-09,1997-09-17,2,26.31,Lonesome Pine Restaurant,89 Chiaroscuro Rd.,Portland,OR,97219,USA,1997,9,September,1997-09,76,18.0,10,0.0,Lakkalikצצri,23,1,500 ml,9.0,57,0,20,0,Beverages,9.0,18.0,180.0,90.0,90.0,0.5,1997-09,0%
10666,RICSU,7,1997-09-12,1997-10-10,1997-09-22,2,232.42,Richter Supermarkt,Starenweg 5,Genטve,,1204,Switzerland,1997,9,September,1997-09,29,123.79,36,0.0,Thringer Rostbratwurst,12,6,50 bags x 30 sausgs.,61.895,0,0,0,1,Meat/Poultry,61.895,123.79,4456.4400000000005,2228.2200000000003,2228.2200000000003,0.5,1997-09,0%
10666,RICSU,7,1997-09-12,1997-10-10,1997-09-22,2,232.42,Richter Supermarkt,Starenweg 5,Genטve,,1204,Switzerland,1997,9,September,1997-09,65,21.05,10,0.0,Louisiana Fiery Hot Pepper Sauce,2,2,32 - 8 oz bottles,10.525,76,0,0,0,Condiments,10.525,21.05,210.5,105.25,105.25,0.5,1997-09,0%
10667,ERNSH,7,1997-09-12,1997-10-10,1997-09-19,1,78.09,Ernst Handel,Kirchgasse 6,Graz,,8010,Austria,1997,9,September,1997-09,69,36.0,45,0.2,Gudbrandsdalsost,15,4,10 kg pkg.,18.0,26,0,15,0,Dairy Products,18.0,36.0,1296.0,810.0,486.0,0.375,1997-09,10-20%
10667,ERNSH,7,1997-09-12,1997-10-10,1997-09-19,1,78.09,Ernst Handel,Kirchgasse 6,Graz,,8010,Austria,1997,9,September,1997-09,71,21.5,14,0.2,Flotemysost,15,4,10 - 500 g pkgs.,10.75,26,0,0,0,Dairy Products,10.75,21.5,240.8,150.5,90.30000000000001,0.37500000000000006,1997-09,10-20%
10668,WANDK,1,1997-09-15,1997-10-13,1997-09-23,2,47.22,Die Wandernde Kuh,Adenauerallee 900,Stuttgart,,70563,Germany,1997,9,September,1997-09,31,12.5,8,0.1,Gorgonzola Telino,14,4,12 - 100 g pkgs,6.25,0,70,20,0,Dairy Products,6.25,12.5,90.0,50.0,40.0,0.4444444444444444,1997-09,5-10%
10668,WANDK,1,1997-09-15,1997-10-13,1997-09-23,2,47.22,Die Wandernde Kuh,Adenauerallee 900,Stuttgart,,70563,Germany,1997,9,September,1997-09,55,24.0,4,0.1,Pגtי chinois,25,6,24 boxes x 2 pies,12.0,115,0,20,0,Meat/Poultry,12.0,24.0,86.4,48.0,38.400000000000006,0.4444444444444445,1997-09,5-10%
10668,WANDK,1,1997-09-15,1997-10-13,1997-09-23,2,47.22,Die Wandernde Kuh,Adenauerallee 900,Stuttgart,,70563,Germany,1997,9,September,1997-09,64,33.25,15,0.1,Wimmers gute Semmelknצdel,12,5,20 bags x 4 pieces,16.625,22,80,30,0,Grains/Cereals,16.625,33.25,448.875,249.375,199.5,0.4444444444444444,1997-09,5-10%
10669,SIMOB,2,1997-09-15,1997-10-13,1997-09-22,1,24.39,Simons bistro,Vinbזltet 34,Kobenhavn,,1734,Denmark,1997,9,September,1997-09,36,19.0,30,0.0,Inlagd Sill,17,8,24 - 250 g  jars,9.5,112,0,20,0,Seafood,9.5,19.0,570.0,285.0,285.0,0.5,1997-09,0%
10670,FRANK,4,1997-09-16,1997-10-14,1997-09-18,1,203.48,Frankenversand,Berliner Platz 43,Mnchen,,80805,Germany,1997,9,September,1997-09,23,9.0,32,0.0,Tunnbrצd,9,5,12 - 250 g pkgs.,4.5,61,0,25,0,Grains/Cereals,4.5,9.0,288.0,144.0,144.0,0.5,1997-09,0%
10670,FRANK,4,1997-09-16,1997-10-14,1997-09-18,1,203.48,Frankenversand,Berliner Platz 43,Mnchen,,80805,Germany,1997,9,September,1997-09,46,12.0,60,0.0,Spegesild,21,8,4 - 450 g glasses,6.0,95,0,0,0,Seafood,6.0,12.0,720.0,360.0,360.0,0.5,1997-09,0%
10670,FRANK,4,1997-09-16,1997-10-14,1997-09-18,1,203.48,Frankenversand,Berliner Platz 43,Mnchen,,80805,Germany,1997,9,September,1997-09,67,14.0,25,0.0,Laughing Lumberjack Lager,16,1,24 - 12 oz bottles,7.0,52,0,10,0,Beverages,7.0,14.0,350.0,175.0,175.0,0.5,1997-09,0%
10670,FRANK,4,1997-09-16,1997-10-14,1997-09-18,1,203.48,Frankenversand,Berliner Platz 43,Mnchen,,80805,Germany,1997,9,September,1997-09,73,15.0,50,0.0,Rצd Kaviar,17,8,24 - 150 g jars,7.5,101,0,5,0,Seafood,7.5,15.0,750.0,375.0,375.0,0.5,1997-09,0%
10670,FRANK,4,1997-09-16,1997-10-14,1997-09-18,1,203.48,Frankenversand,Berliner Platz 43,Mnchen,,80805,Germany,1997,9,September,1997-09,75,7.75,25,0.0,Rhצnbrהu Klosterbier,12,1,24 - 0.5 l bottles,3.875,125,0,25,0,Beverages,3.875,7.75,193.75,96.875,96.875,0.5,1997-09,0%
10671,FRANR,1,1997-09-17,1997-10-15,1997-09-24,1,30.34,France restauration,"54, rue Royale",Nantes,,44000,France,1997,9,September,1997-09,16,17.45,10,0.0,Pavlova,7,3,32 - 500 g boxes,8.725,29,0,10,0,Confections,8.725,17.45,174.5,87.25,87.25,0.5,1997-09,0%
10671,FRANR,1,1997-09-17,1997-10-15,1997-09-24,1,30.34,France restauration,"54, rue Royale",Nantes,,44000,France,1997,9,September,1997-09,62,49.3,10,0.0,Tarte au sucre,29,3,48 pies,24.65,17,0,0,0,Confections,24.65,49.3,493.0,246.5,246.5,0.5,1997-09,0%
10671,FRANR,1,1997-09-17,1997-10-15,1997-09-24,1,30.34,France restauration,"54, rue Royale",Nantes,,44000,France,1997,9,September,1997-09,65,21.05,12,0.0,Louisiana Fiery Hot Pepper Sauce,2,2,32 - 8 oz bottles,10.525,76,0,0,0,Condiments,10.525,21.05,252.60000000000002,126.30000000000001,126.30000000000001,0.5,1997-09,0%
10672,BERGS,9,1997-09-17,1997-10-01,1997-09-26,2,95.75,Berglunds snabbkצp,Berguvsvהgen  8,Luleו,,S-958 22,Sweden,1997,9,September,1997-09,38,263.5,15,0.1,Cפte de Blaye,18,1,12 - 75 cl bottles,131.75,17,0,15,0,Beverages,131.75,263.5,3557.25,1976.25,1581.0,0.4444444444444444,1997-09,5-10%
10672,BERGS,9,1997-09-17,1997-10-01,1997-09-26,2,95.75,Berglunds snabbkצp,Berguvsvהgen  8,Luleו,,S-958 22,Sweden,1997,9,September,1997-09,71,21.5,12,0.0,Flotemysost,15,4,10 - 500 g pkgs.,10.75,26,0,0,0,Dairy Products,10.75,21.5,258.0,129.0,129.0,0.5,1997-09,0%
10673,WILMK,2,1997-09-18,1997-10-16,1997-09-19,1,22.76,Wilman Kala,Keskuskatu 45,Helsinki,,21240,Finland,1997,9,September,1997-09,16,17.45,3,0.0,Pavlova,7,3,32 - 500 g boxes,8.725,29,0,10,0,Confections,8.725,17.45,52.349999999999994,26.174999999999997,26.174999999999997,0.5,1997-09,0%
10673,WILMK,2,1997-09-18,1997-10-16,1997-09-19,1,22.76,Wilman Kala,Keskuskatu 45,Helsinki,,21240,Finland,1997,9,September,1997-09,42,14.0,6,0.0,Singaporean Hokkien Fried Mee,20,5,32 - 1 kg pkgs.,7.0,26,0,0,1,Grains/Cereals,7.0,14.0,84.0,42.0,42.0,0.5,1997-09,0%
10673,WILMK,2,1997-09-18,1997-10-16,1997-09-19,1,22.76,Wilman Kala,Keskuskatu 45,Helsinki,,21240,Finland,1997,9,September,1997-09,43,46.0,6,0.0,Ipoh Coffee,20,1,16 - 500 g tins,23.0,17,10,25,0,Beverages,23.0,46.0,276.0,138.0,138.0,0.5,1997-09,0%
10674,ISLAT,4,1997-09-18,1997-10-16,1997-09-30,2,0.9,Island Trading,Garden House Crowther Way,Cowes,Isle of Wight,PO31 7PJ,UK,1997,9,September,1997-09,23,9.0,5,0.0,Tunnbrצd,9,5,12 - 250 g pkgs.,4.5,61,0,25,0,Grains/Cereals,4.5,9.0,45.0,22.5,22.5,0.5,1997-09,0%
10675,FRANK,5,1997-09-19,1997-10-17,1997-09-23,2,31.85,Frankenversand,Berliner Platz 43,Mnchen,,80805,Germany,1997,9,September,1997-09,14,23.25,30,0.0,Tofu,6,7,40 - 100 g pkgs.,11.625,35,0,0,0,Produce,11.625,23.25,697.5,348.75,348.75,0.5,1997-09,0%
10675,FRANK,5,1997-09-19,1997-10-17,1997-09-23,2,31.85,Frankenversand,Berliner Platz 43,Mnchen,,80805,Germany,1997,9,September,1997-09,53,32.8,10,0.0,Perth Pasties,24,6,48 pieces,16.4,0,0,0,1,Meat/Poultry,16.4,32.8,328.0,164.0,164.0,0.5,1997-09,0%
10675,FRANK,5,1997-09-19,1997-10-17,1997-09-23,2,31.85,Frankenversand,Berliner Platz 43,Mnchen,,80805,Germany,1997,9,September,1997-09,58,13.25,30,0.0,Escargots de Bourgogne,27,8,24 pieces,6.625,62,0,20,0,Seafood,6.625,13.25,397.5,198.75,198.75,0.5,1997-09,0%
10676,TORTU,2,1997-09-22,1997-10-20,1997-09-29,2,2.01,Tortuga Restaurante,Avda. Azteca 123,Mיxico D.F.,,5033,Mexico,1997,9,September,1997-09,10,31.0,2,0.0,Ikura,4,8,12 - 200 ml jars,15.5,31,0,0,0,Seafood,15.5,31.0,62.0,31.0,31.0,0.5,1997-09,0%
10676,TORTU,2,1997-09-22,1997-10-20,1997-09-29,2,2.01,Tortuga Restaurante,Avda. Azteca 123,Mיxico D.F.,,5033,Mexico,1997,9,September,1997-09,19,9.2,7,0.0,Teatime Chocolate Biscuits,8,3,10 boxes x 12 pieces,4.6,25,0,5,0,Confections,4.6,9.2,64.39999999999999,32.199999999999996,32.199999999999996,0.5,1997-09,0%
10676,TORTU,2,1997-09-22,1997-10-20,1997-09-29,2,2.01,Tortuga Restaurante,Avda. Azteca 123,Mיxico D.F.,,5033,Mexico,1997,9,September,1997-09,44,19.45,21,0.0,Gula Malacca,20,2,20 - 2 kg bags,9.725,27,0,15,0,Condiments,9.725,19.45,408.45,204.225,204.225,0.5,1997-09,0%
10677,ANTON,1,1997-09-22,1997-10-20,1997-09-26,3,4.03,Antonio Moreno Taquerםa,Mataderos  2312,Mיxico D.F.,,5023,Mexico,1997,9,September,1997-09,26,31.23,30,0.15,Gumbהr Gummibהrchen,11,3,100 - 250 g bags,15.615,15,0,0,0,Confections,15.615,31.23,796.365,468.45,327.915,0.411764705882353,1997-09,10-20%
10677,ANTON,1,1997-09-22,1997-10-20,1997-09-26,3,4.03,Antonio Moreno Taquerםa,Mataderos  2312,Mיxico D.F.,,5023,Mexico,1997,9,September,1997-09,33,2.5,8,0.15,Geitost,15,4,500 g,1.25,112,0,20,0,Dairy Products,1.25,2.5,17.0,10.0,7.0,0.4117647058823529,1997-09,10-20%
10678,SAVEA,7,1997-09-23,1997-10-21,1997-10-16,3,388.98,Save-a-lot Markets,187 Suffolk Ln.,Boise,ID,83720,USA,1997,9,September,1997-09,12,38.0,100,0.0,Queso Manchego La Pastora,5,4,10 - 500 g pkgs.,19.0,86,0,0,0,Dairy Products,19.0,38.0,3800.0,1900.0,1900.0,0.5,1997-09,0%
10678,SAVEA,7,1997-09-23,1997-10-21,1997-10-16,3,388.98,Save-a-lot Markets,187 Suffolk Ln.,Boise,ID,83720,USA,1997,9,September,1997-09,33,2.5,30,0.0,Geitost,15,4,500 g,1.25,112,0,20,0,Dairy Products,1.25,2.5,75.0,37.5,37.5,0.5,1997-09,0%
10678,SAVEA,7,1997-09-23,1997-10-21,1997-10-16,3,388.98,Save-a-lot Markets,187 Suffolk Ln.,Boise,ID,83720,USA,1997,9,September,1997-09,41,9.65,120,0.0,Jack's New England Clam Chowder,19,8,12 - 12 oz cans,4.825,85,0,10,0,Seafood,4.825,9.65,1158.0,579.0,579.0,0.5,1997-09,0%
10678,SAVEA,7,1997-09-23,1997-10-21,1997-10-16,3,388.98,Save-a-lot Markets,187 Suffolk Ln.,Boise,ID,83720,USA,1997,9,September,1997-09,54,7.45,30,0.0,Tourtiטre,25,6,16 pies,3.725,21,0,10,0,Meat/Poultry,3.725,7.45,223.5,111.75,111.75,0.5,1997-09,0%
10679,BLONP,8,1997-09-23,1997-10-21,1997-09-30,3,27.94,Blondel pטre et fils,"24, place Klיber",Strasbourg,,67000,France,1997,9,September,1997-09,59,55.0,12,0.0,Raclette Courdavault,28,4,5 kg pkg.,27.5,79,0,0,0,Dairy Products,27.5,55.0,660.0,330.0,330.0,0.5,1997-09,0%
10680,OLDWO,1,1997-09-24,1997-10-22,1997-09-26,1,26.61,Old World Delicatessen,2743 Bering St.,Anchorage,AK,99508,USA,1997,9,September,1997-09,16,17.45,50,0.25,Pavlova,7,3,32 - 500 g boxes,8.725,29,0,10,0,Confections,8.725,17.45,654.375,436.25,218.125,0.3333333333333333,1997-09,20%+
10680,OLDWO,1,1997-09-24,1997-10-22,1997-09-26,1,26.61,Old World Delicatessen,2743 Bering St.,Anchorage,AK,99508,USA,1997,9,September,1997-09,31,12.5,20,0.25,Gorgonzola Telino,14,4,12 - 100 g pkgs,6.25,0,70,20,0,Dairy Products,6.25,12.5,187.5,125.0,62.5,0.3333333333333333,1997-09,20%+
10680,OLDWO,1,1997-09-24,1997-10-22,1997-09-26,1,26.61,Old World Delicatessen,2743 Bering St.,Anchorage,AK,99508,USA,1997,9,September,1997-09,42,14.0,40,0.25,Singaporean Hokkien Fried Mee,20,5,32 - 1 kg pkgs.,7.0,26,0,0,1,Grains/Cereals,7.0,14.0,420.0,280.0,140.0,0.3333333333333333,1997-09,20%+
10681,GREAL,3,1997-09-25,1997-10-23,1997-09-30,3,76.13,Great Lakes Food Market,2732 Baker Blvd.,Eugene,OR,97403,USA,1997,9,September,1997-09,19,9.2,30,0.1,Teatime Chocolate Biscuits,8,3,10 boxes x 12 pieces,4.6,25,0,5,0,Confections,4.6,9.2,248.4,138.0,110.4,0.4444444444444445,1997-09,5-10%
10681,GREAL,3,1997-09-25,1997-10-23,1997-09-30,3,76.13,Great Lakes Food Market,2732 Baker Blvd.,Eugene,OR,97403,USA,1997,9,September,1997-09,21,10.0,12,0.1,Sir Rodney's Scones,8,3,24 pkgs. x 4 pieces,5.0,3,40,5,0,Confections,5.0,10.0,108.0,60.0,48.0,0.4444444444444444,1997-09,5-10%
10681,GREAL,3,1997-09-25,1997-10-23,1997-09-30,3,76.13,Great Lakes Food Market,2732 Baker Blvd.,Eugene,OR,97403,USA,1997,9,September,1997-09,64,33.25,28,0.0,Wimmers gute Semmelknצdel,12,5,20 bags x 4 pieces,16.625,22,80,30,0,Grains/Cereals,16.625,33.25,931.0,465.5,465.5,0.5,1997-09,0%
10682,ANTON,3,1997-09-25,1997-10-23,1997-10-01,2,36.13,Antonio Moreno Taquerםa,Mataderos  2312,Mיxico D.F.,,5023,Mexico,1997,9,September,1997-09,33,2.5,30,0.0,Geitost,15,4,500 g,1.25,112,0,20,0,Dairy Products,1.25,2.5,75.0,37.5,37.5,0.5,1997-09,0%
10682,ANTON,3,1997-09-25,1997-10-23,1997-10-01,2,36.13,Antonio Moreno Taquerםa,Mataderos  2312,Mיxico D.F.,,5023,Mexico,1997,9,September,1997-09,66,17.0,4,0.0,Louisiana Hot Spiced Okra,2,2,24 - 8 oz jars,8.5,4,100,20,0,Condiments,8.5,17.0,68.0,34.0,34.0,0.5,1997-09,0%
10682,ANTON,3,1997-09-25,1997-10-23,1997-10-01,2,36.13,Antonio Moreno Taquerםa,Mataderos  2312,Mיxico D.F.,,5023,Mexico,1997,9,September,1997-09,75,7.75,30,0.0,Rhצnbrהu Klosterbier,12,1,24 - 0.5 l bottles,3.875,125,0,25,0,Beverages,3.875,7.75,232.5,116.25,116.25,0.5,1997-09,0%
10683,DUMON,2,1997-09-26,1997-10-24,1997-10-01,1,4.4,Du monde entier,"67, rue des Cinquante Otages",Nantes,,44000,France,1997,9,September,1997-09,52,7.0,9,0.0,Filo Mix,24,5,16 - 2 kg boxes,3.5,38,0,25,0,Grains/Cereals,3.5,7.0,63.0,31.5,31.5,0.5,1997-09,0%
10684,OTTIK,3,1997-09-26,1997-10-24,1997-09-30,1,145.63,Ottilies Kהseladen,Mehrheimerstr. 369,Kצln,,50739,Germany,1997,9,September,1997-09,40,18.4,20,0.0,Boston Crab Meat,19,8,24 - 4 oz tins,9.2,123,0,30,0,Seafood,9.2,18.4,368.0,184.0,184.0,0.5,1997-09,0%
10684,OTTIK,3,1997-09-26,1997-10-24,1997-09-30,1,145.63,Ottilies Kהseladen,Mehrheimerstr. 369,Kצln,,50739,Germany,1997,9,September,1997-09,47,9.5,40,0.0,Zaanse koeken,22,3,10 - 4 oz boxes,4.75,36,0,0,0,Confections,4.75,9.5,380.0,190.0,190.0,0.5,1997-09,0%
10684,OTTIK,3,1997-09-26,1997-10-24,1997-09-30,1,145.63,Ottilies Kהseladen,Mehrheimerstr. 369,Kצln,,50739,Germany,1997,9,September,1997-09,60,34.0,30,0.0,Camembert Pierrot,28,4,15 - 300 g rounds,17.0,19,0,0,0,Dairy Products,17.0,34.0,1020.0,510.0,510.0,0.5,1997-09,0%
10685,GOURL,4,1997-09-29,1997-10-13,1997-10-03,2,33.75,Gourmet Lanchonetes,"Av. Brasil, 442",Campinas,SP,04876-786,Brazil,1997,9,September,1997-09,10,31.0,20,0.0,Ikura,4,8,12 - 200 ml jars,15.5,31,0,0,0,Seafood,15.5,31.0,620.0,310.0,310.0,0.5,1997-09,0%
10685,GOURL,4,1997-09-29,1997-10-13,1997-10-03,2,33.75,Gourmet Lanchonetes,"Av. Brasil, 442",Campinas,SP,04876-786,Brazil,1997,9,September,1997-09,41,9.65,4,0.0,Jack's New England Clam Chowder,19,8,12 - 12 oz cans,4.825,85,0,10,0,Seafood,4.825,9.65,38.6,19.3,19.3,0.5,1997-09,0%
10685,GOURL,4,1997-09-29,1997-10-13,1997-10-03,2,33.75,Gourmet Lanchonetes,"Av. Brasil, 442",Campinas,SP,04876-786,Brazil,1997,9,September,1997-09,47,9.5,15,0.0,Zaanse koeken,22,3,10 - 4 oz boxes,4.75,36,0,0,0,Confections,4.75,9.5,142.5,71.25,71.25,0.5,1997-09,0%
10686,PICCO,2,1997-09-30,1997-10-28,1997-10-08,1,96.5,Piccolo und mehr,Geislweg 14,Salzburg,,5020,Austria,1997,9,September,1997-09,17,39.0,30,0.2,Alice Mutton,7,6,20 - 1 kg tins,19.5,0,0,0,1,Meat/Poultry,19.5,39.0,936.0,585.0,351.0,0.375,1997-09,10-20%
10686,PICCO,2,1997-09-30,1997-10-28,1997-10-08,1,96.5,Piccolo und mehr,Geislweg 14,Salzburg,,5020,Austria,1997,9,September,1997-09,26,31.23,15,0.0,Gumbהr Gummibהrchen,11,3,100 - 250 g bags,15.615,15,0,0,0,Confections,15.615,31.23,468.45,234.225,234.225,0.5,1997-09,0%
10687,HUNGO,9,1997-09-30,1997-10-28,1997-10-30,2,296.43,Hungry Owl All-Night Grocers,8 Johnstown Road,Cork,Co. Cork,,Ireland,1997,9,September,1997-09,9,97.0,50,0.25,Mishi Kobe Niku,4,6,18 - 500 g pkgs.,48.5,29,0,0,1,Meat/Poultry,48.5,97.0,3637.5,2425.0,1212.5,0.3333333333333333,1997-09,20%+
10687,HUNGO,9,1997-09-30,1997-10-28,1997-10-30,2,296.43,Hungry Owl All-Night Grocers,8 Johnstown Road,Cork,Co. Cork,,Ireland,1997,9,September,1997-09,29,123.79,10,0.0,Thringer Rostbratwurst,12,6,50 bags x 30 sausgs.,61.895,0,0,0,1,Meat/Poultry,61.895,123.79,1237.9,618.95,618.95,0.5,1997-09,0%
10687,HUNGO,9,1997-09-30,1997-10-28,1997-10-30,2,296.43,Hungry Owl All-Night Grocers,8 Johnstown Road,Cork,Co. Cork,,Ireland,1997,9,September,1997-09,36,19.0,6,0.25,Inlagd Sill,17,8,24 - 250 g  jars,9.5,112,0,20,0,Seafood,9.5,19.0,85.5,57.0,28.5,0.3333333333333333,1997-09,20%+
10688,VAFFE,4,1997-10-01,1997-10-15,1997-10-07,2,299.09,Vaffeljernet,Smagsloget 45,ֵrhus,,8200,Denmark,1997,10,October,1997-10,10,31.0,18,0.1,Ikura,4,8,12 - 200 ml jars,15.5,31,0,0,0,Seafood,15.5,31.0,502.2,279.0,223.2,0.4444444444444444,1997-10,5-10%
10688,VAFFE,4,1997-10-01,1997-10-15,1997-10-07,2,299.09,Vaffeljernet,Smagsloget 45,ֵrhus,,8200,Denmark,1997,10,October,1997-10,28,45.6,60,0.1,Rצssle Sauerkraut,12,7,25 - 825 g cans,22.8,26,0,0,1,Produce,22.8,45.6,2462.4,1368.0,1094.4,0.4444444444444445,1997-10,5-10%
10688,VAFFE,4,1997-10-01,1997-10-15,1997-10-07,2,299.09,Vaffeljernet,Smagsloget 45,ֵrhus,,8200,Denmark,1997,10,October,1997-10,34,14.0,14,0.0,Sasquatch Ale,16,1,24 - 12 oz bottles,7.0,111,0,15,0,Beverages,7.0,14.0,196.0,98.0,98.0,0.5,1997-10,0%
10689,BERGS,1,1997-10-01,1997-10-29,1997-10-07,2,13.42,Berglunds snabbkצp,Berguvsvהgen  8,Luleו,,S-958 22,Sweden,1997,10,October,1997-10,1,18.0,35,0.25,Chai,1,1,10 boxes x 20 bags,9.0,39,0,10,0,Beverages,9.0,18.0,472.5,315.0,157.5,0.3333333333333333,1997-10,20%+
10690,HANAR,1,1997-10-02,1997-10-30,1997-10-03,1,15.8,Hanari Carnes,"Rua do Paחo, 67",Rio de Janeiro,RJ,05454-876,Brazil,1997,10,October,1997-10,56,38.0,20,0.25,Gnocchi di nonna Alice,26,5,24 - 250 g pkgs.,19.0,21,10,30,0,Grains/Cereals,19.0,38.0,570.0,380.0,190.0,0.3333333333333333,1997-10,20%+
10690,HANAR,1,1997-10-02,1997-10-30,1997-10-03,1,15.8,Hanari Carnes,"Rua do Paחo, 67",Rio de Janeiro,RJ,05454-876,Brazil,1997,10,October,1997-10,77,13.0,30,0.25,Original Frankfurter grne Soe,12,2,12 boxes,6.5,32,0,15,0,Condiments,6.5,13.0,292.5,195.0,97.5,0.3333333333333333,1997-10,20%+
10691,QUICK,2,1997-10-03,1997-11-14,1997-10-22,2,810.05,QUICK-Stop,Taucherstrae 10,Cunewalde,,1307,Germany,1997,10,October,1997-10,1,18.0,30,0.0,Chai,1,1,10 boxes x 20 bags,9.0,39,0,10,0,Beverages,9.0,18.0,540.0,270.0,270.0,0.5,1997-10,0%
10691,QUICK,2,1997-10-03,1997-11-14,1997-10-22,2,810.05,QUICK-Stop,Taucherstrae 10,Cunewalde,,1307,Germany,1997,10,October,1997-10,29,123.79,40,0.0,Thringer Rostbratwurst,12,6,50 bags x 30 sausgs.,61.895,0,0,0,1,Meat/Poultry,61.895,123.79,4951.6,2475.8,2475.8,0.5,1997-10,0%
10691,QUICK,2,1997-10-03,1997-11-14,1997-10-22,2,810.05,QUICK-Stop,Taucherstrae 10,Cunewalde,,1307,Germany,1997,10,October,1997-10,43,46.0,40,0.0,Ipoh Coffee,20,1,16 - 500 g tins,23.0,17,10,25,0,Beverages,23.0,46.0,1840.0,920.0,920.0,0.5,1997-10,0%
10691,QUICK,2,1997-10-03,1997-11-14,1997-10-22,2,810.05,QUICK-Stop,Taucherstrae 10,Cunewalde,,1307,Germany,1997,10,October,1997-10,44,19.45,24,0.0,Gula Malacca,20,2,20 - 2 kg bags,9.725,27,0,15,0,Condiments,9.725,19.45,466.79999999999995,233.39999999999998,233.39999999999998,0.5,1997-10,0%
10691,QUICK,2,1997-10-03,1997-11-14,1997-10-22,2,810.05,QUICK-Stop,Taucherstrae 10,Cunewalde,,1307,Germany,1997,10,October,1997-10,62,49.3,48,0.0,Tarte au sucre,29,3,48 pies,24.65,17,0,0,0,Confections,24.65,49.3,2366.3999999999996,1183.1999999999998,1183.1999999999998,0.5,1997-10,0%
10692,ALFKI,4,1997-10-03,1997-10-31,1997-10-13,2,61.02,Alfred's Futterkiste,Obere Str. 57,Berlin,,12209,Germany,1997,10,October,1997-10,63,43.9,20,0.0,Vegie-spread,7,2,15 - 625 g jars,21.95,24,0,5,0,Condiments,21.95,43.9,878.0,439.0,439.0,0.5,1997-10,0%
10693,WHITC,3,1997-10-06,1997-10-20,1997-10-10,3,139.34,White Clover Markets,1029 - 12th Ave. S.,Seattle,WA,98124,USA,1997,10,October,1997-10,9,97.0,6,0.0,Mishi Kobe Niku,4,6,18 - 500 g pkgs.,48.5,29,0,0,1,Meat/Poultry,48.5,97.0,582.0,291.0,291.0,0.5,1997-10,0%
10693,WHITC,3,1997-10-06,1997-10-20,1997-10-10,3,139.34,White Clover Markets,1029 - 12th Ave. S.,Seattle,WA,98124,USA,1997,10,October,1997-10,54,7.45,60,0.15,Tourtiטre,25,6,16 pies,3.725,21,0,10,0,Meat/Poultry,3.725,7.45,379.95,223.5,156.45,0.4117647058823529,1997-10,10-20%
10693,WHITC,3,1997-10-06,1997-10-20,1997-10-10,3,139.34,White Clover Markets,1029 - 12th Ave. S.,Seattle,WA,98124,USA,1997,10,October,1997-10,69,36.0,30,0.15,Gudbrandsdalsost,15,4,10 kg pkg.,18.0,26,0,15,0,Dairy Products,18.0,36.0,918.0,540.0,378.0,0.4117647058823529,1997-10,10-20%
10693,WHITC,3,1997-10-06,1997-10-20,1997-10-10,3,139.34,White Clover Markets,1029 - 12th Ave. S.,Seattle,WA,98124,USA,1997,10,October,1997-10,73,15.0,15,0.15,Rצd Kaviar,17,8,24 - 150 g jars,7.5,101,0,5,0,Seafood,7.5,15.0,191.25,112.5,78.75,0.4117647058823529,1997-10,10-20%
10694,QUICK,8,1997-10-06,1997-11-03,1997-10-09,3,398.36,QUICK-Stop,Taucherstrae 10,Cunewalde,,1307,Germany,1997,10,October,1997-10,7,30.0,90,0.0,Uncle Bob's Organic Dried Pears,3,7,12 - 1 lb pkgs.,15.0,15,0,10,0,Produce,15.0,30.0,2700.0,1350.0,1350.0,0.5,1997-10,0%
10694,QUICK,8,1997-10-06,1997-11-03,1997-10-09,3,398.36,QUICK-Stop,Taucherstrae 10,Cunewalde,,1307,Germany,1997,10,October,1997-10,59,55.0,25,0.0,Raclette Courdavault,28,4,5 kg pkg.,27.5,79,0,0,0,Dairy Products,27.5,55.0,1375.0,687.5,687.5,0.5,1997-10,0%
10694,QUICK,8,1997-10-06,1997-11-03,1997-10-09,3,398.36,QUICK-Stop,Taucherstrae 10,Cunewalde,,1307,Germany,1997,10,October,1997-10,70,15.0,50,0.0,Outback Lager,7,1,24 - 355 ml bottles,7.5,15,10,30,0,Beverages,7.5,15.0,750.0,375.0,375.0,0.5,1997-10,0%
10695,WILMK,7,1997-10-07,1997-11-18,1997-10-14,1,16.72,Wilman Kala,Keskuskatu 45,Helsinki,,21240,Finland,1997,10,October,1997-10,8,40.0,10,0.0,Northwoods Cranberry Sauce,3,2,12 - 12 oz jars,20.0,6,0,0,0,Condiments,20.0,40.0,400.0,200.0,200.0,0.5,1997-10,0%
10695,WILMK,7,1997-10-07,1997-11-18,1997-10-14,1,16.72,Wilman Kala,Keskuskatu 45,Helsinki,,21240,Finland,1997,10,October,1997-10,12,38.0,4,0.0,Queso Manchego La Pastora,5,4,10 - 500 g pkgs.,19.0,86,0,0,0,Dairy Products,19.0,38.0,152.0,76.0,76.0,0.5,1997-10,0%
10695,WILMK,7,1997-10-07,1997-11-18,1997-10-14,1,16.72,Wilman Kala,Keskuskatu 45,Helsinki,,21240,Finland,1997,10,October,1997-10,24,4.5,20,0.0,Guaranב Fantבstica,10,1,12 - 355 ml cans,2.25,20,0,0,1,Beverages,2.25,4.5,90.0,45.0,45.0,0.5,1997-10,0%
10696,WHITC,8,1997-10-08,1997-11-19,1997-10-14,3,102.55,White Clover Markets,1029 - 12th Ave. S.,Seattle,WA,98124,USA,1997,10,October,1997-10,17,39.0,20,0.0,Alice Mutton,7,6,20 - 1 kg tins,19.5,0,0,0,1,Meat/Poultry,19.5,39.0,780.0,390.0,390.0,0.5,1997-10,0%
10696,WHITC,8,1997-10-08,1997-11-19,1997-10-14,3,102.55,White Clover Markets,1029 - 12th Ave. S.,Seattle,WA,98124,USA,1997,10,October,1997-10,46,12.0,18,0.0,Spegesild,21,8,4 - 450 g glasses,6.0,95,0,0,0,Seafood,6.0,12.0,216.0,108.0,108.0,0.5,1997-10,0%
10697,LINOD,3,1997-10-08,1997-11-05,1997-10-14,1,45.52,LINO-Delicateses,Ave. 5 de Mayo Porlamar,I. de Margarita,Nueva Esparta,4980,Venezuela,1997,10,October,1997-10,19,9.2,7,0.25,Teatime Chocolate Biscuits,8,3,10 boxes x 12 pieces,4.6,25,0,5,0,Confections,4.6,9.2,48.3,32.199999999999996,16.1,0.33333333333333337,1997-10,20%+
10697,LINOD,3,1997-10-08,1997-11-05,1997-10-14,1,45.52,LINO-Delicateses,Ave. 5 de Mayo Porlamar,I. de Margarita,Nueva Esparta,4980,Venezuela,1997,10,October,1997-10,35,18.0,9,0.25,Steeleye Stout,16,1,24 - 12 oz bottles,9.0,20,0,15,0,Beverages,9.0,18.0,121.5,81.0,40.5,0.3333333333333333,1997-10,20%+
10697,LINOD,3,1997-10-08,1997-11-05,1997-10-14,1,45.52,LINO-Delicateses,Ave. 5 de Mayo Porlamar,I. de Margarita,Nueva Esparta,4980,Venezuela,1997,10,October,1997-10,58,13.25,30,0.25,Escargots de Bourgogne,27,8,24 pieces,6.625,62,0,20,0,Seafood,6.625,13.25,298.125,198.75,99.375,0.3333333333333333,1997-10,20%+
10697,LINOD,3,1997-10-08,1997-11-05,1997-10-14,1,45.52,LINO-Delicateses,Ave. 5 de Mayo Porlamar,I. de Margarita,Nueva Esparta,4980,Venezuela,1997,10,October,1997-10,70,15.0,30,0.25,Outback Lager,7,1,24 - 355 ml bottles,7.5,15,10,30,0,Beverages,7.5,15.0,337.5,225.0,112.5,0.3333333333333333,1997-10,20%+
10698,ERNSH,4,1997-10-09,1997-11-06,1997-10-17,1,272.47,Ernst Handel,Kirchgasse 6,Graz,,8010,Austria,1997,10,October,1997-10,11,21.0,15,0.0,Queso Cabrales,5,4,1 kg pkg.,10.5,22,30,30,0,Dairy Products,10.5,21.0,315.0,157.5,157.5,0.5,1997-10,0%
10698,ERNSH,4,1997-10-09,1997-11-06,1997-10-17,1,272.47,Ernst Handel,Kirchgasse 6,Graz,,8010,Austria,1997,10,October,1997-10,17,39.0,8,0.05,Alice Mutton,7,6,20 - 1 kg tins,19.5,0,0,0,1,Meat/Poultry,19.5,39.0,296.4,156.0,140.39999999999998,0.47368421052631576,1997-10,0-5%
10698,ERNSH,4,1997-10-09,1997-11-06,1997-10-17,1,272.47,Ernst Handel,Kirchgasse 6,Graz,,8010,Austria,1997,10,October,1997-10,29,123.79,12,0.05,Thringer Rostbratwurst,12,6,50 bags x 30 sausgs.,61.895,0,0,0,1,Meat/Poultry,61.895,123.79,1411.206,742.74,668.4659999999999,0.47368421052631576,1997-10,0-5%
10698,ERNSH,4,1997-10-09,1997-11-06,1997-10-17,1,272.47,Ernst Handel,Kirchgasse 6,Graz,,8010,Austria,1997,10,October,1997-10,65,21.05,65,0.05,Louisiana Fiery Hot Pepper Sauce,2,2,32 - 8 oz bottles,10.525,76,0,0,0,Condiments,10.525,21.05,1299.8374999999999,684.125,615.7124999999999,0.4736842105263157,1997-10,0-5%
10698,ERNSH,4,1997-10-09,1997-11-06,1997-10-17,1,272.47,Ernst Handel,Kirchgasse 6,Graz,,8010,Austria,1997,10,October,1997-10,70,15.0,8,0.05,Outback Lager,7,1,24 - 355 ml bottles,7.5,15,10,30,0,Beverages,7.5,15.0,114.0,60.0,54.0,0.47368421052631576,1997-10,0-5%
10699,MORGK,3,1997-10-09,1997-11-06,1997-10-13,3,0.58,Morgenstern Gesundkost,Heerstr. 22,Leipzig,,4179,Germany,1997,10,October,1997-10,47,9.5,12,0.0,Zaanse koeken,22,3,10 - 4 oz boxes,4.75,36,0,0,0,Confections,4.75,9.5,114.0,57.0,57.0,0.5,1997-10,0%
10700,SAVEA,3,1997-10-10,1997-11-07,1997-10-16,1,65.1,Save-a-lot Markets,187 Suffolk Ln.,Boise,ID,83720,USA,1997,10,October,1997-10,1,18.0,5,0.2,Chai,1,1,10 boxes x 20 bags,9.0,39,0,10,0,Beverages,9.0,18.0,72.0,45.0,27.0,0.375,1997-10,10-20%
10700,SAVEA,3,1997-10-10,1997-11-07,1997-10-16,1,65.1,Save-a-lot Markets,187 Suffolk Ln.,Boise,ID,83720,USA,1997,10,October,1997-10,34,14.0,12,0.2,Sasquatch Ale,16,1,24 - 12 oz bottles,7.0,111,0,15,0,Beverages,7.0,14.0,134.4,84.0,50.400000000000006,0.375,1997-10,10-20%
10700,SAVEA,3,1997-10-10,1997-11-07,1997-10-16,1,65.1,Save-a-lot Markets,187 Suffolk Ln.,Boise,ID,83720,USA,1997,10,October,1997-10,68,12.5,40,0.2,Scottish Longbreads,8,3,10 boxes x 8 pieces,6.25,6,10,15,0,Confections,6.25,12.5,400.0,250.0,150.0,0.375,1997-10,10-20%
10700,SAVEA,3,1997-10-10,1997-11-07,1997-10-16,1,65.1,Save-a-lot Markets,187 Suffolk Ln.,Boise,ID,83720,USA,1997,10,October,1997-10,71,21.5,60,0.2,Flotemysost,15,4,10 - 500 g pkgs.,10.75,26,0,0,0,Dairy Products,10.75,21.5,1032.0,645.0,387.0,0.375,1997-10,10-20%
10701,HUNGO,6,1997-10-13,1997-10-27,1997-10-15,3,220.31,Hungry Owl All-Night Grocers,8 Johnstown Road,Cork,Co. Cork,,Ireland,1997,10,October,1997-10,59,55.0,42,0.15,Raclette Courdavault,28,4,5 kg pkg.,27.5,79,0,0,0,Dairy Products,27.5,55.0,1963.5,1155.0,808.5,0.4117647058823529,1997-10,10-20%
10701,HUNGO,6,1997-10-13,1997-10-27,1997-10-15,3,220.31,Hungry Owl All-Night Grocers,8 Johnstown Road,Cork,Co. Cork,,Ireland,1997,10,October,1997-10,71,21.5,20,0.15,Flotemysost,15,4,10 - 500 g pkgs.,10.75,26,0,0,0,Dairy Products,10.75,21.5,365.5,215.0,150.5,0.4117647058823529,1997-10,10-20%
10701,HUNGO,6,1997-10-13,1997-10-27,1997-10-15,3,220.31,Hungry Owl All-Night Grocers,8 Johnstown Road,Cork,Co. Cork,,Ireland,1997,10,October,1997-10,76,18.0,35,0.15,Lakkalikצצri,23,1,500 ml,9.0,57,0,20,0,Beverages,9.0,18.0,535.5,315.0,220.5,0.4117647058823529,1997-10,10-20%
10702,ALFKI,4,1997-10-13,1997-11-24,1997-10-21,1,23.94,Alfred's Futterkiste,Obere Str. 57,Berlin,,12209,Germany,1997,10,October,1997-10,3,10.0,6,0.0,Aniseed Syrup,1,2,12 - 550 ml bottles,5.0,13,70,25,0,Condiments,5.0,10.0,60.0,30.0,30.0,0.5,1997-10,0%
10702,ALFKI,4,1997-10-13,1997-11-24,1997-10-21,1,23.94,Alfred's Futterkiste,Obere Str. 57,Berlin,,12209,Germany,1997,10,October,1997-10,76,18.0,15,0.0,Lakkalikצצri,23,1,500 ml,9.0,57,0,20,0,Beverages,9.0,18.0,270.0,135.0,135.0,0.5,1997-10,0%
10703,FOLKO,6,1997-10-14,1997-11-11,1997-10-20,2,152.3,Folk och fה HB,ֵkergatan 24,Brהcke,,S-844 67,Sweden,1997,10,October,1997-10,2,19.0,5,0.0,Chang,1,1,24 - 12 oz bottles,9.5,17,40,25,0,Beverages,9.5,19.0,95.0,47.5,47.5,0.5,1997-10,0%
10703,FOLKO,6,1997-10-14,1997-11-11,1997-10-20,2,152.3,Folk och fה HB,ֵkergatan 24,Brהcke,,S-844 67,Sweden,1997,10,October,1997-10,59,55.0,35,0.0,Raclette Courdavault,28,4,5 kg pkg.,27.5,79,0,0,0,Dairy Products,27.5,55.0,1925.0,962.5,962.5,0.5,1997-10,0%
10703,FOLKO,6,1997-10-14,1997-11-11,1997-10-20,2,152.3,Folk och fה HB,ֵkergatan 24,Brהcke,,S-844 67,Sweden,1997,10,October,1997-10,73,15.0,35,0.0,Rצd Kaviar,17,8,24 - 150 g jars,7.5,101,0,5,0,Seafood,7.5,15.0,525.0,262.5,262.5,0.5,1997-10,0%
10704,QUEEN,6,1997-10-14,1997-11-11,1997-11-07,1,4.78,Queen Cozinha,"Alameda dos Canאrios, 891",Sao Paulo,SP,05487-020,Brazil,1997,10,October,1997-10,4,22.0,6,0.0,Chef Anton's Cajun Seasoning,2,2,48 - 6 oz jars,11.0,53,0,0,0,Condiments,11.0,22.0,132.0,66.0,66.0,0.5,1997-10,0%
10704,QUEEN,6,1997-10-14,1997-11-11,1997-11-07,1,4.78,Queen Cozinha,"Alameda dos Canאrios, 891",Sao Paulo,SP,05487-020,Brazil,1997,10,October,1997-10,24,4.5,35,0.0,Guaranב Fantבstica,10,1,12 - 355 ml cans,2.25,20,0,0,1,Beverages,2.25,4.5,157.5,78.75,78.75,0.5,1997-10,0%
10704,QUEEN,6,1997-10-14,1997-11-11,1997-11-07,1,4.78,Queen Cozinha,"Alameda dos Canאrios, 891",Sao Paulo,SP,05487-020,Brazil,1997,10,October,1997-10,48,12.75,24,0.0,Chocolade,22,3,10 pkgs.,6.375,15,70,25,0,Confections,6.375,12.75,306.0,153.0,153.0,0.5,1997-10,0%
10705,HILAA,9,1997-10-15,1997-11-12,1997-11-18,2,3.52,HILARION-Abastos,Carrera 22 con Ave. Carlos Soublette #8-35,San Cristףbal,Tבchira,5022,Venezuela,1997,10,October,1997-10,31,12.5,20,0.0,Gorgonzola Telino,14,4,12 - 100 g pkgs,6.25,0,70,20,0,Dairy Products,6.25,12.5,250.0,125.0,125.0,0.5,1997-10,0%
10705,HILAA,9,1997-10-15,1997-11-12,1997-11-18,2,3.52,HILARION-Abastos,Carrera 22 con Ave. Carlos Soublette #8-35,San Cristףbal,Tבchira,5022,Venezuela,1997,10,October,1997-10,32,32.0,4,0.0,Mascarpone Fabioli,14,4,24 - 200 g pkgs.,16.0,9,40,25,0,Dairy Products,16.0,32.0,128.0,64.0,64.0,0.5,1997-10,0%
10706,OLDWO,8,1997-10-16,1997-11-13,1997-10-21,3,135.63,Old World Delicatessen,2743 Bering St.,Anchorage,AK,99508,USA,1997,10,October,1997-10,16,17.45,20,0.0,Pavlova,7,3,32 - 500 g boxes,8.725,29,0,10,0,Confections,8.725,17.45,349.0,174.5,174.5,0.5,1997-10,0%
10706,OLDWO,8,1997-10-16,1997-11-13,1997-10-21,3,135.63,Old World Delicatessen,2743 Bering St.,Anchorage,AK,99508,USA,1997,10,October,1997-10,43,46.0,24,0.0,Ipoh Coffee,20,1,16 - 500 g tins,23.0,17,10,25,0,Beverages,23.0,46.0,1104.0,552.0,552.0,0.5,1997-10,0%
10706,OLDWO,8,1997-10-16,1997-11-13,1997-10-21,3,135.63,Old World Delicatessen,2743 Bering St.,Anchorage,AK,99508,USA,1997,10,October,1997-10,59,55.0,8,0.0,Raclette Courdavault,28,4,5 kg pkg.,27.5,79,0,0,0,Dairy Products,27.5,55.0,440.0,220.0,220.0,0.5,1997-10,0%
10707,AROUT,4,1997-10-16,1997-10-30,1997-10-23,3,21.74,Around the Horn,Brook Farm Stratford St. Mary,Colchester,Essex,CO7 6JX,UK,1997,10,October,1997-10,55,24.0,21,0.0,Pגtי chinois,25,6,24 boxes x 2 pies,12.0,115,0,20,0,Meat/Poultry,12.0,24.0,504.0,252.0,252.0,0.5,1997-10,0%
10707,AROUT,4,1997-10-16,1997-10-30,1997-10-23,3,21.74,Around the Horn,Brook Farm Stratford St. Mary,Colchester,Essex,CO7 6JX,UK,1997,10,October,1997-10,57,19.5,40,0.0,Ravioli Angelo,26,5,24 - 250 g pkgs.,9.75,36,0,20,0,Grains/Cereals,9.75,19.5,780.0,390.0,390.0,0.5,1997-10,0%
10707,AROUT,4,1997-10-16,1997-10-30,1997-10-23,3,21.74,Around the Horn,Brook Farm Stratford St. Mary,Colchester,Essex,CO7 6JX,UK,1997,10,October,1997-10,70,15.0,28,0.15,Outback Lager,7,1,24 - 355 ml bottles,7.5,15,10,30,0,Beverages,7.5,15.0,357.0,210.0,147.0,0.4117647058823529,1997-10,10-20%
10708,THEBI,6,1997-10-17,1997-11-28,1997-11-05,2,2.96,The Big Cheese,89 Jefferson Way Suite 2,Portland,OR,97201,USA,1997,10,October,1997-10,5,21.35,4,0.0,Chef Anton's Gumbo Mix,2,2,36 boxes,10.675,0,0,0,1,Condiments,10.675,21.35,85.4,42.7,42.7,0.5,1997-10,0%
10708,THEBI,6,1997-10-17,1997-11-28,1997-11-05,2,2.96,The Big Cheese,89 Jefferson Way Suite 2,Portland,OR,97201,USA,1997,10,October,1997-10,36,19.0,5,0.0,Inlagd Sill,17,8,24 - 250 g  jars,9.5,112,0,20,0,Seafood,9.5,19.0,95.0,47.5,47.5,0.5,1997-10,0%
10709,GOURL,1,1997-10-17,1997-11-14,1997-11-20,3,210.8,Gourmet Lanchonetes,"Av. Brasil, 442",Campinas,SP,04876-786,Brazil,1997,10,October,1997-10,8,40.0,40,0.0,Northwoods Cranberry Sauce,3,2,12 - 12 oz jars,20.0,6,0,0,0,Condiments,20.0,40.0,1600.0,800.0,800.0,0.5,1997-10,0%
10709,GOURL,1,1997-10-17,1997-11-14,1997-11-20,3,210.8,Gourmet Lanchonetes,"Av. Brasil, 442",Campinas,SP,04876-786,Brazil,1997,10,October,1997-10,51,53.0,28,0.0,Manjimup Dried Apples,24,7,50 - 300 g pkgs.,26.5,20,0,10,0,Produce,26.5,53.0,1484.0,742.0,742.0,0.5,1997-10,0%
10709,GOURL,1,1997-10-17,1997-11-14,1997-11-20,3,210.8,Gourmet Lanchonetes,"Av. Brasil, 442",Campinas,SP,04876-786,Brazil,1997,10,October,1997-10,60,34.0,10,0.0,Camembert Pierrot,28,4,15 - 300 g rounds,17.0,19,0,0,0,Dairy Products,17.0,34.0,340.0,170.0,170.0,0.5,1997-10,0%
10710,FRANS,1,1997-10-20,1997-11-17,1997-10-23,1,4.98,Franchi S.p.A.,Via Monte Bianco 34,Torino,,10100,Italy,1997,10,October,1997-10,19,9.2,5,0.0,Teatime Chocolate Biscuits,8,3,10 boxes x 12 pieces,4.6,25,0,5,0,Confections,4.6,9.2,46.0,23.0,23.0,0.5,1997-10,0%
10710,FRANS,1,1997-10-20,1997-11-17,1997-10-23,1,4.98,Franchi S.p.A.,Via Monte Bianco 34,Torino,,10100,Italy,1997,10,October,1997-10,47,9.5,5,0.0,Zaanse koeken,22,3,10 - 4 oz boxes,4.75,36,0,0,0,Confections,4.75,9.5,47.5,23.75,23.75,0.5,1997-10,0%
10711,SAVEA,5,1997-10-21,1997-12-02,1997-10-29,2,52.41,Save-a-lot Markets,187 Suffolk Ln.,Boise,ID,83720,USA,1997,10,October,1997-10,19,9.2,12,0.0,Teatime Chocolate Biscuits,8,3,10 boxes x 12 pieces,4.6,25,0,5,0,Confections,4.6,9.2,110.39999999999999,55.199999999999996,55.199999999999996,0.5,1997-10,0%
10711,SAVEA,5,1997-10-21,1997-12-02,1997-10-29,2,52.41,Save-a-lot Markets,187 Suffolk Ln.,Boise,ID,83720,USA,1997,10,October,1997-10,41,9.65,42,0.0,Jack's New England Clam Chowder,19,8,12 - 12 oz cans,4.825,85,0,10,0,Seafood,4.825,9.65,405.3,202.65,202.65,0.5,1997-10,0%
10711,SAVEA,5,1997-10-21,1997-12-02,1997-10-29,2,52.41,Save-a-lot Markets,187 Suffolk Ln.,Boise,ID,83720,USA,1997,10,October,1997-10,53,32.8,120,0.0,Perth Pasties,24,6,48 pieces,16.4,0,0,0,1,Meat/Poultry,16.4,32.8,3935.9999999999995,1967.9999999999998,1967.9999999999998,0.5,1997-10,0%
10712,HUNGO,3,1997-10-21,1997-11-18,1997-10-31,1,89.93,Hungry Owl All-Night Grocers,8 Johnstown Road,Cork,Co. Cork,,Ireland,1997,10,October,1997-10,53,32.8,3,0.05,Perth Pasties,24,6,48 pieces,16.4,0,0,0,1,Meat/Poultry,16.4,32.8,93.47999999999999,49.199999999999996,44.279999999999994,0.47368421052631576,1997-10,0-5%
10712,HUNGO,3,1997-10-21,1997-11-18,1997-10-31,1,89.93,Hungry Owl All-Night Grocers,8 Johnstown Road,Cork,Co. Cork,,Ireland,1997,10,October,1997-10,56,38.0,30,0.0,Gnocchi di nonna Alice,26,5,24 - 250 g pkgs.,19.0,21,10,30,0,Grains/Cereals,19.0,38.0,1140.0,570.0,570.0,0.5,1997-10,0%
10713,SAVEA,1,1997-10-22,1997-11-19,1997-10-24,1,167.05,Save-a-lot Markets,187 Suffolk Ln.,Boise,ID,83720,USA,1997,10,October,1997-10,10,31.0,18,0.0,Ikura,4,8,12 - 200 ml jars,15.5,31,0,0,0,Seafood,15.5,31.0,558.0,279.0,279.0,0.5,1997-10,0%
10713,SAVEA,1,1997-10-22,1997-11-19,1997-10-24,1,167.05,Save-a-lot Markets,187 Suffolk Ln.,Boise,ID,83720,USA,1997,10,October,1997-10,26,31.23,30,0.0,Gumbהr Gummibהrchen,11,3,100 - 250 g bags,15.615,15,0,0,0,Confections,15.615,31.23,936.9,468.45,468.45,0.5,1997-10,0%
10713,SAVEA,1,1997-10-22,1997-11-19,1997-10-24,1,167.05,Save-a-lot Markets,187 Suffolk Ln.,Boise,ID,83720,USA,1997,10,October,1997-10,45,9.5,110,0.0,Rogede sild,21,8,1k pkg.,4.75,5,70,15,0,Seafood,4.75,9.5,1045.0,522.5,522.5,0.5,1997-10,0%
10713,SAVEA,1,1997-10-22,1997-11-19,1997-10-24,1,167.05,Save-a-lot Markets,187 Suffolk Ln.,Boise,ID,83720,USA,1997,10,October,1997-10,46,12.0,24,0.0,Spegesild,21,8,4 - 450 g glasses,6.0,95,0,0,0,Seafood,6.0,12.0,288.0,144.0,144.0,0.5,1997-10,0%
10714,SAVEA,5,1997-10-22,1997-11-19,1997-10-27,3,24.49,Save-a-lot Markets,187 Suffolk Ln.,Boise,ID,83720,USA,1997,10,October,1997-10,2,19.0,30,0.25,Chang,1,1,24 - 12 oz bottles,9.5,17,40,25,0,Beverages,9.5,19.0,427.5,285.0,142.5,0.3333333333333333,1997-10,20%+
10714,SAVEA,5,1997-10-22,1997-11-19,1997-10-27,3,24.49,Save-a-lot Markets,187 Suffolk Ln.,Boise,ID,83720,USA,1997,10,October,1997-10,17,39.0,27,0.25,Alice Mutton,7,6,20 - 1 kg tins,19.5,0,0,0,1,Meat/Poultry,19.5,39.0,789.75,526.5,263.25,0.3333333333333333,1997-10,20%+
10714,SAVEA,5,1997-10-22,1997-11-19,1997-10-27,3,24.49,Save-a-lot Markets,187 Suffolk Ln.,Boise,ID,83720,USA,1997,10,October,1997-10,47,9.5,50,0.25,Zaanse koeken,22,3,10 - 4 oz boxes,4.75,36,0,0,0,Confections,4.75,9.5,356.25,237.5,118.75,0.3333333333333333,1997-10,20%+
10714,SAVEA,5,1997-10-22,1997-11-19,1997-10-27,3,24.49,Save-a-lot Markets,187 Suffolk Ln.,Boise,ID,83720,USA,1997,10,October,1997-10,56,38.0,18,0.25,Gnocchi di nonna Alice,26,5,24 - 250 g pkgs.,19.0,21,10,30,0,Grains/Cereals,19.0,38.0,513.0,342.0,171.0,0.3333333333333333,1997-10,20%+
10714,SAVEA,5,1997-10-22,1997-11-19,1997-10-27,3,24.49,Save-a-lot Markets,187 Suffolk Ln.,Boise,ID,83720,USA,1997,10,October,1997-10,58,13.25,12,0.25,Escargots de Bourgogne,27,8,24 pieces,6.625,62,0,20,0,Seafood,6.625,13.25,119.25,79.5,39.75,0.3333333333333333,1997-10,20%+
10715,BONAP,3,1997-10-23,1997-11-06,1997-10-29,1,63.2,Bon app',"12, rue des Bouchers",Marseille,,13008,France,1997,10,October,1997-10,10,31.0,21,0.0,Ikura,4,8,12 - 200 ml jars,15.5,31,0,0,0,Seafood,15.5,31.0,651.0,325.5,325.5,0.5,1997-10,0%
10715,BONAP,3,1997-10-23,1997-11-06,1997-10-29,1,63.2,Bon app',"12, rue des Bouchers",Marseille,,13008,France,1997,10,October,1997-10,71,21.5,30,0.0,Flotemysost,15,4,10 - 500 g pkgs.,10.75,26,0,0,0,Dairy Products,10.75,21.5,645.0,322.5,322.5,0.5,1997-10,0%
10716,RANCH,4,1997-10-24,1997-11-21,1997-10-27,2,22.57,Rancho grande,Av. del Libertador 900,Buenos Aires,,1010,Argentina,1997,10,October,1997-10,21,10.0,5,0.0,Sir Rodney's Scones,8,3,24 pkgs. x 4 pieces,5.0,3,40,5,0,Confections,5.0,10.0,50.0,25.0,25.0,0.5,1997-10,0%
10716,RANCH,4,1997-10-24,1997-11-21,1997-10-27,2,22.57,Rancho grande,Av. del Libertador 900,Buenos Aires,,1010,Argentina,1997,10,October,1997-10,51,53.0,7,0.0,Manjimup Dried Apples,24,7,50 - 300 g pkgs.,26.5,20,0,10,0,Produce,26.5,53.0,371.0,185.5,185.5,0.5,1997-10,0%
10716,RANCH,4,1997-10-24,1997-11-21,1997-10-27,2,22.57,Rancho grande,Av. del Libertador 900,Buenos Aires,,1010,Argentina,1997,10,October,1997-10,61,28.5,10,0.0,Sirop d'יrable,29,2,24 - 500 ml bottles,14.25,113,0,25,0,Condiments,14.25,28.5,285.0,142.5,142.5,0.5,1997-10,0%
10717,FRANK,1,1997-10-24,1997-11-21,1997-10-29,2,59.25,Frankenversand,Berliner Platz 43,Mnchen,,80805,Germany,1997,10,October,1997-10,21,10.0,32,0.05,Sir Rodney's Scones,8,3,24 pkgs. x 4 pieces,5.0,3,40,5,0,Confections,5.0,10.0,304.0,160.0,144.0,0.47368421052631576,1997-10,0-5%
10717,FRANK,1,1997-10-24,1997-11-21,1997-10-29,2,59.25,Frankenversand,Berliner Platz 43,Mnchen,,80805,Germany,1997,10,October,1997-10,54,7.45,15,0.0,Tourtiטre,25,6,16 pies,3.725,21,0,10,0,Meat/Poultry,3.725,7.45,111.75,55.875,55.875,0.5,1997-10,0%
10717,FRANK,1,1997-10-24,1997-11-21,1997-10-29,2,59.25,Frankenversand,Berliner Platz 43,Mnchen,,80805,Germany,1997,10,October,1997-10,69,36.0,25,0.05,Gudbrandsdalsost,15,4,10 kg pkg.,18.0,26,0,15,0,Dairy Products,18.0,36.0,855.0,450.0,405.0,0.47368421052631576,1997-10,0-5%
10718,KOENE,1,1997-10-27,1997-11-24,1997-10-29,3,170.88,Kצniglich Essen,Maubelstr. 90,Brandenburg,,14776,Germany,1997,10,October,1997-10,12,38.0,36,0.0,Queso Manchego La Pastora,5,4,10 - 500 g pkgs.,19.0,86,0,0,0,Dairy Products,19.0,38.0,1368.0,684.0,684.0,0.5,1997-10,0%
10718,KOENE,1,1997-10-27,1997-11-24,1997-10-29,3,170.88,Kצniglich Essen,Maubelstr. 90,Brandenburg,,14776,Germany,1997,10,October,1997-10,16,17.45,20,0.0,Pavlova,7,3,32 - 500 g boxes,8.725,29,0,10,0,Confections,8.725,17.45,349.0,174.5,174.5,0.5,1997-10,0%
10718,KOENE,1,1997-10-27,1997-11-24,1997-10-29,3,170.88,Kצniglich Essen,Maubelstr. 90,Brandenburg,,14776,Germany,1997,10,October,1997-10,36,19.0,40,0.0,Inlagd Sill,17,8,24 - 250 g  jars,9.5,112,0,20,0,Seafood,9.5,19.0,760.0,380.0,380.0,0.5,1997-10,0%
10718,KOENE,1,1997-10-27,1997-11-24,1997-10-29,3,170.88,Kצniglich Essen,Maubelstr. 90,Brandenburg,,14776,Germany,1997,10,October,1997-10,62,49.3,20,0.0,Tarte au sucre,29,3,48 pies,24.65,17,0,0,0,Confections,24.65,49.3,986.0,493.0,493.0,0.5,1997-10,0%
10719,LETSS,8,1997-10-27,1997-11-24,1997-11-05,2,51.44,Let's Stop N Shop,87 Polk St. Suite 5,San Francisco,CA,94117,USA,1997,10,October,1997-10,18,62.5,12,0.25,Carnarvon Tigers,7,8,16 kg pkg.,31.25,42,0,0,0,Seafood,31.25,62.5,562.5,375.0,187.5,0.3333333333333333,1997-10,20%+
10719,LETSS,8,1997-10-27,1997-11-24,1997-11-05,2,51.44,Let's Stop N Shop,87 Polk St. Suite 5,San Francisco,CA,94117,USA,1997,10,October,1997-10,30,25.89,3,0.25,Nord-Ost Matjeshering,13,8,10 - 200 g glasses,12.945,10,0,15,0,Seafood,12.945,25.89,58.2525,38.835,19.417499999999997,0.3333333333333333,1997-10,20%+
10719,LETSS,8,1997-10-27,1997-11-24,1997-11-05,2,51.44,Let's Stop N Shop,87 Polk St. Suite 5,San Francisco,CA,94117,USA,1997,10,October,1997-10,54,7.45,40,0.25,Tourtiטre,25,6,16 pies,3.725,21,0,10,0,Meat/Poultry,3.725,7.45,223.5,149.0,74.5,0.3333333333333333,1997-10,20%+
10720,QUEDE,8,1997-10-28,1997-11-11,1997-11-05,2,9.53,Que Delםcia,"Rua da Panificadora, 12",Rio de Janeiro,RJ,02389-673,Brazil,1997,10,October,1997-10,35,18.0,21,0.0,Steeleye Stout,16,1,24 - 12 oz bottles,9.0,20,0,15,0,Beverages,9.0,18.0,378.0,189.0,189.0,0.5,1997-10,0%
10720,QUEDE,8,1997-10-28,1997-11-11,1997-11-05,2,9.53,Que Delםcia,"Rua da Panificadora, 12",Rio de Janeiro,RJ,02389-673,Brazil,1997,10,October,1997-10,71,21.5,8,0.0,Flotemysost,15,4,10 - 500 g pkgs.,10.75,26,0,0,0,Dairy Products,10.75,21.5,172.0,86.0,86.0,0.5,1997-10,0%
10721,QUICK,5,1997-10-29,1997-11-26,1997-10-31,3,48.92,QUICK-Stop,Taucherstrae 10,Cunewalde,,1307,Germany,1997,10,October,1997-10,44,19.45,50,0.05,Gula Malacca,20,2,20 - 2 kg bags,9.725,27,0,15,0,Condiments,9.725,19.45,923.875,486.25,437.625,0.47368421052631576,1997-10,0-5%
10722,SAVEA,8,1997-10-29,1997-12-10,1997-11-04,1,74.58,Save-a-lot Markets,187 Suffolk Ln.,Boise,ID,83720,USA,1997,10,October,1997-10,2,19.0,3,0.0,Chang,1,1,24 - 12 oz bottles,9.5,17,40,25,0,Beverages,9.5,19.0,57.0,28.5,28.5,0.5,1997-10,0%
10722,SAVEA,8,1997-10-29,1997-12-10,1997-11-04,1,74.58,Save-a-lot Markets,187 Suffolk Ln.,Boise,ID,83720,USA,1997,10,October,1997-10,31,12.5,50,0.0,Gorgonzola Telino,14,4,12 - 100 g pkgs,6.25,0,70,20,0,Dairy Products,6.25,12.5,625.0,312.5,312.5,0.5,1997-10,0%
10722,SAVEA,8,1997-10-29,1997-12-10,1997-11-04,1,74.58,Save-a-lot Markets,187 Suffolk Ln.,Boise,ID,83720,USA,1997,10,October,1997-10,68,12.5,45,0.0,Scottish Longbreads,8,3,10 boxes x 8 pieces,6.25,6,10,15,0,Confections,6.25,12.5,562.5,281.25,281.25,0.5,1997-10,0%
10722,SAVEA,8,1997-10-29,1997-12-10,1997-11-04,1,74.58,Save-a-lot Markets,187 Suffolk Ln.,Boise,ID,83720,USA,1997,10,October,1997-10,75,7.75,42,0.0,Rhצnbrהu Klosterbier,12,1,24 - 0.5 l bottles,3.875,125,0,25,0,Beverages,3.875,7.75,325.5,162.75,162.75,0.5,1997-10,0%
10723,WHITC,3,1997-10-30,1997-11-27,1997-11-25,1,21.72,White Clover Markets,1029 - 12th Ave. S.,Seattle,WA,98124,USA,1997,10,October,1997-10,26,31.23,15,0.0,Gumbהr Gummibהrchen,11,3,100 - 250 g bags,15.615,15,0,0,0,Confections,15.615,31.23,468.45,234.225,234.225,0.5,1997-10,0%
10724,MEREP,8,1997-10-30,1997-12-11,1997-11-05,2,57.75,Mטre Paillarde,43 rue St. Laurent,Montrיal,Quיbec,H1J 1C3,Canada,1997,10,October,1997-10,10,31.0,16,0.0,Ikura,4,8,12 - 200 ml jars,15.5,31,0,0,0,Seafood,15.5,31.0,496.0,248.0,248.0,0.5,1997-10,0%
10724,MEREP,8,1997-10-30,1997-12-11,1997-11-05,2,57.75,Mטre Paillarde,43 rue St. Laurent,Montrיal,Quיbec,H1J 1C3,Canada,1997,10,October,1997-10,61,28.5,5,0.0,Sirop d'יrable,29,2,24 - 500 ml bottles,14.25,113,0,25,0,Condiments,14.25,28.5,142.5,71.25,71.25,0.5,1997-10,0%
10725,FAMIA,4,1997-10-31,1997-11-28,1997-11-05,3,10.83,Familia Arquibaldo,"Rua Orףs, 92",Sao Paulo,SP,05442-030,Brazil,1997,10,October,1997-10,41,9.65,12,0.0,Jack's New England Clam Chowder,19,8,12 - 12 oz cans,4.825,85,0,10,0,Seafood,4.825,9.65,115.80000000000001,57.900000000000006,57.900000000000006,0.5,1997-10,0%
10725,FAMIA,4,1997-10-31,1997-11-28,1997-11-05,3,10.83,Familia Arquibaldo,"Rua Orףs, 92",Sao Paulo,SP,05442-030,Brazil,1997,10,October,1997-10,52,7.0,4,0.0,Filo Mix,24,5,16 - 2 kg boxes,3.5,38,0,25,0,Grains/Cereals,3.5,7.0,28.0,14.0,14.0,0.5,1997-10,0%
10725,FAMIA,4,1997-10-31,1997-11-28,1997-11-05,3,10.83,Familia Arquibaldo,"Rua Orףs, 92",Sao Paulo,SP,05442-030,Brazil,1997,10,October,1997-10,55,24.0,6,0.0,Pגtי chinois,25,6,24 boxes x 2 pies,12.0,115,0,20,0,Meat/Poultry,12.0,24.0,144.0,72.0,72.0,0.5,1997-10,0%
10726,EASTC,4,1997-11-03,1997-11-17,1997-12-05,1,16.56,Eastern Connection,35 King George,London,,WX3 6FW,UK,1997,11,November,1997-11,4,22.0,25,0.0,Chef Anton's Cajun Seasoning,2,2,48 - 6 oz jars,11.0,53,0,0,0,Condiments,11.0,22.0,550.0,275.0,275.0,0.5,1997-11,0%
10726,EASTC,4,1997-11-03,1997-11-17,1997-12-05,1,16.56,Eastern Connection,35 King George,London,,WX3 6FW,UK,1997,11,November,1997-11,11,21.0,5,0.0,Queso Cabrales,5,4,1 kg pkg.,10.5,22,30,30,0,Dairy Products,10.5,21.0,105.0,52.5,52.5,0.5,1997-11,0%
10727,REGGC,2,1997-11-03,1997-12-01,1997-12-05,1,89.9,Reggiani Caseifici,Strada Provinciale 124,Reggio Emilia,,42100,Italy,1997,11,November,1997-11,17,39.0,20,0.05,Alice Mutton,7,6,20 - 1 kg tins,19.5,0,0,0,1,Meat/Poultry,19.5,39.0,741.0,390.0,351.0,0.47368421052631576,1997-11,0-5%
10727,REGGC,2,1997-11-03,1997-12-01,1997-12-05,1,89.9,Reggiani Caseifici,Strada Provinciale 124,Reggio Emilia,,42100,Italy,1997,11,November,1997-11,56,38.0,10,0.05,Gnocchi di nonna Alice,26,5,24 - 250 g pkgs.,19.0,21,10,30,0,Grains/Cereals,19.0,38.0,361.0,190.0,171.0,0.47368421052631576,1997-11,0-5%
10727,REGGC,2,1997-11-03,1997-12-01,1997-12-05,1,89.9,Reggiani Caseifici,Strada Provinciale 124,Reggio Emilia,,42100,Italy,1997,11,November,1997-11,59,55.0,10,0.05,Raclette Courdavault,28,4,5 kg pkg.,27.5,79,0,0,0,Dairy Products,27.5,55.0,522.5,275.0,247.5,0.47368421052631576,1997-11,0-5%
10728,QUEEN,4,1997-11-04,1997-12-02,1997-11-11,2,58.33,Queen Cozinha,"Alameda dos Canאrios, 891",Sao Paulo,SP,05487-020,Brazil,1997,11,November,1997-11,30,25.89,15,0.0,Nord-Ost Matjeshering,13,8,10 - 200 g glasses,12.945,10,0,15,0,Seafood,12.945,25.89,388.35,194.175,194.175,0.5,1997-11,0%
10728,QUEEN,4,1997-11-04,1997-12-02,1997-11-11,2,58.33,Queen Cozinha,"Alameda dos Canאrios, 891",Sao Paulo,SP,05487-020,Brazil,1997,11,November,1997-11,40,18.4,6,0.0,Boston Crab Meat,19,8,24 - 4 oz tins,9.2,123,0,30,0,Seafood,9.2,18.4,110.39999999999999,55.199999999999996,55.199999999999996,0.5,1997-11,0%
10728,QUEEN,4,1997-11-04,1997-12-02,1997-11-11,2,58.33,Queen Cozinha,"Alameda dos Canאrios, 891",Sao Paulo,SP,05487-020,Brazil,1997,11,November,1997-11,55,24.0,12,0.0,Pגtי chinois,25,6,24 boxes x 2 pies,12.0,115,0,20,0,Meat/Poultry,12.0,24.0,288.0,144.0,144.0,0.5,1997-11,0%
10728,QUEEN,4,1997-11-04,1997-12-02,1997-11-11,2,58.33,Queen Cozinha,"Alameda dos Canאrios, 891",Sao Paulo,SP,05487-020,Brazil,1997,11,November,1997-11,60,34.0,15,0.0,Camembert Pierrot,28,4,15 - 300 g rounds,17.0,19,0,0,0,Dairy Products,17.0,34.0,510.0,255.0,255.0,0.5,1997-11,0%
10729,LINOD,8,1997-11-04,1997-12-16,1997-11-14,3,141.06,LINO-Delicateses,Ave. 5 de Mayo Porlamar,I. de Margarita,Nueva Esparta,4980,Venezuela,1997,11,November,1997-11,1,18.0,50,0.0,Chai,1,1,10 boxes x 20 bags,9.0,39,0,10,0,Beverages,9.0,18.0,900.0,450.0,450.0,0.5,1997-11,0%
10729,LINOD,8,1997-11-04,1997-12-16,1997-11-14,3,141.06,LINO-Delicateses,Ave. 5 de Mayo Porlamar,I. de Margarita,Nueva Esparta,4980,Venezuela,1997,11,November,1997-11,21,10.0,30,0.0,Sir Rodney's Scones,8,3,24 pkgs. x 4 pieces,5.0,3,40,5,0,Confections,5.0,10.0,300.0,150.0,150.0,0.5,1997-11,0%
10729,LINOD,8,1997-11-04,1997-12-16,1997-11-14,3,141.06,LINO-Delicateses,Ave. 5 de Mayo Porlamar,I. de Margarita,Nueva Esparta,4980,Venezuela,1997,11,November,1997-11,50,16.25,40,0.0,Valkoinen suklaa,23,3,12 - 100 g bars,8.125,65,0,30,0,Confections,8.125,16.25,650.0,325.0,325.0,0.5,1997-11,0%
10730,BONAP,5,1997-11-05,1997-12-03,1997-11-14,1,20.12,Bon app',"12, rue des Bouchers",Marseille,,13008,France,1997,11,November,1997-11,16,17.45,15,0.05,Pavlova,7,3,32 - 500 g boxes,8.725,29,0,10,0,Confections,8.725,17.45,248.6625,130.875,117.7875,0.47368421052631576,1997-11,0-5%
10730,BONAP,5,1997-11-05,1997-12-03,1997-11-14,1,20.12,Bon app',"12, rue des Bouchers",Marseille,,13008,France,1997,11,November,1997-11,31,12.5,3,0.05,Gorgonzola Telino,14,4,12 - 100 g pkgs,6.25,0,70,20,0,Dairy Products,6.25,12.5,35.625,18.75,16.875,0.47368421052631576,1997-11,0-5%
10730,BONAP,5,1997-11-05,1997-12-03,1997-11-14,1,20.12,Bon app',"12, rue des Bouchers",Marseille,,13008,France,1997,11,November,1997-11,65,21.05,10,0.05,Louisiana Fiery Hot Pepper Sauce,2,2,32 - 8 oz bottles,10.525,76,0,0,0,Condiments,10.525,21.05,199.975,105.25,94.725,0.47368421052631576,1997-11,0-5%
10731,CHOPS,7,1997-11-06,1997-12-04,1997-11-14,1,96.65,Chop-suey Chinese,Hauptstr. 31,Bern,,3012,Switzerland,1997,11,November,1997-11,21,10.0,40,0.05,Sir Rodney's Scones,8,3,24 pkgs. x 4 pieces,5.0,3,40,5,0,Confections,5.0,10.0,380.0,200.0,180.0,0.47368421052631576,1997-11,0-5%
10731,CHOPS,7,1997-11-06,1997-12-04,1997-11-14,1,96.65,Chop-suey Chinese,Hauptstr. 31,Bern,,3012,Switzerland,1997,11,November,1997-11,51,53.0,30,0.05,Manjimup Dried Apples,24,7,50 - 300 g pkgs.,26.5,20,0,10,0,Produce,26.5,53.0,1510.5,795.0,715.5,0.47368421052631576,1997-11,0-5%
10732,BONAP,3,1997-11-06,1997-12-04,1997-11-07,1,16.97,Bon app',"12, rue des Bouchers",Marseille,,13008,France,1997,11,November,1997-11,76,18.0,20,0.0,Lakkalikצצri,23,1,500 ml,9.0,57,0,20,0,Beverages,9.0,18.0,360.0,180.0,180.0,0.5,1997-11,0%
10733,BERGS,1,1997-11-07,1997-12-05,1997-11-10,3,110.11,Berglunds snabbkצp,Berguvsvהgen  8,Luleו,,S-958 22,Sweden,1997,11,November,1997-11,14,23.25,16,0.0,Tofu,6,7,40 - 100 g pkgs.,11.625,35,0,0,0,Produce,11.625,23.25,372.0,186.0,186.0,0.5,1997-11,0%
10733,BERGS,1,1997-11-07,1997-12-05,1997-11-10,3,110.11,Berglunds snabbkצp,Berguvsvהgen  8,Luleו,,S-958 22,Sweden,1997,11,November,1997-11,28,45.6,20,0.0,Rצssle Sauerkraut,12,7,25 - 825 g cans,22.8,26,0,0,1,Produce,22.8,45.6,912.0,456.0,456.0,0.5,1997-11,0%
10733,BERGS,1,1997-11-07,1997-12-05,1997-11-10,3,110.11,Berglunds snabbkצp,Berguvsvהgen  8,Luleו,,S-958 22,Sweden,1997,11,November,1997-11,52,7.0,25,0.0,Filo Mix,24,5,16 - 2 kg boxes,3.5,38,0,25,0,Grains/Cereals,3.5,7.0,175.0,87.5,87.5,0.5,1997-11,0%
10734,GOURL,2,1997-11-07,1997-12-05,1997-11-12,3,1.63,Gourmet Lanchonetes,"Av. Brasil, 442",Campinas,SP,04876-786,Brazil,1997,11,November,1997-11,6,25.0,30,0.0,Grandma's Boysenberry Spread,3,2,12 - 8 oz jars,12.5,120,0,25,0,Condiments,12.5,25.0,750.0,375.0,375.0,0.5,1997-11,0%
10734,GOURL,2,1997-11-07,1997-12-05,1997-11-12,3,1.63,Gourmet Lanchonetes,"Av. Brasil, 442",Campinas,SP,04876-786,Brazil,1997,11,November,1997-11,30,25.89,15,0.0,Nord-Ost Matjeshering,13,8,10 - 200 g glasses,12.945,10,0,15,0,Seafood,12.945,25.89,388.35,194.175,194.175,0.5,1997-11,0%
10734,GOURL,2,1997-11-07,1997-12-05,1997-11-12,3,1.63,Gourmet Lanchonetes,"Av. Brasil, 442",Campinas,SP,04876-786,Brazil,1997,11,November,1997-11,76,18.0,20,0.0,Lakkalikצצri,23,1,500 ml,9.0,57,0,20,0,Beverages,9.0,18.0,360.0,180.0,180.0,0.5,1997-11,0%
10735,LETSS,6,1997-11-10,1997-12-08,1997-11-21,2,45.97,Let's Stop N Shop,87 Polk St. Suite 5,San Francisco,CA,94117,USA,1997,11,November,1997-11,61,28.5,20,0.1,Sirop d'יrable,29,2,24 - 500 ml bottles,14.25,113,0,25,0,Condiments,14.25,28.5,513.0,285.0,228.0,0.4444444444444444,1997-11,5-10%
10735,LETSS,6,1997-11-10,1997-12-08,1997-11-21,2,45.97,Let's Stop N Shop,87 Polk St. Suite 5,San Francisco,CA,94117,USA,1997,11,November,1997-11,77,13.0,2,0.1,Original Frankfurter grne Soe,12,2,12 boxes,6.5,32,0,15,0,Condiments,6.5,13.0,23.400000000000002,13.0,10.400000000000002,0.4444444444444445,1997-11,5-10%
10736,HUNGO,9,1997-11-11,1997-12-09,1997-11-21,2,44.1,Hungry Owl All-Night Grocers,8 Johnstown Road,Cork,Co. Cork,,Ireland,1997,11,November,1997-11,65,21.05,40,0.0,Louisiana Fiery Hot Pepper Sauce,2,2,32 - 8 oz bottles,10.525,76,0,0,0,Condiments,10.525,21.05,842.0,421.0,421.0,0.5,1997-11,0%
10736,HUNGO,9,1997-11-11,1997-12-09,1997-11-21,2,44.1,Hungry Owl All-Night Grocers,8 Johnstown Road,Cork,Co. Cork,,Ireland,1997,11,November,1997-11,75,7.75,20,0.0,Rhצnbrהu Klosterbier,12,1,24 - 0.5 l bottles,3.875,125,0,25,0,Beverages,3.875,7.75,155.0,77.5,77.5,0.5,1997-11,0%
10737,VINET,2,1997-11-11,1997-12-09,1997-11-18,2,7.79,Vins et alcools Chevalier,59 rue de l'Abbaye,Reims,,51100,France,1997,11,November,1997-11,13,6.0,4,0.0,Konbu,6,8,2 kg box,3.0,24,0,5,0,Seafood,3.0,6.0,24.0,12.0,12.0,0.5,1997-11,0%
10737,VINET,2,1997-11-11,1997-12-09,1997-11-18,2,7.79,Vins et alcools Chevalier,59 rue de l'Abbaye,Reims,,51100,France,1997,11,November,1997-11,41,9.65,12,0.0,Jack's New England Clam Chowder,19,8,12 - 12 oz cans,4.825,85,0,10,0,Seafood,4.825,9.65,115.80000000000001,57.900000000000006,57.900000000000006,0.5,1997-11,0%
10738,SPECD,2,1997-11-12,1997-12-10,1997-11-18,1,2.91,Spיcialitיs du monde,"25, rue Lauriston",Paris,,75016,France,1997,11,November,1997-11,16,17.45,3,0.0,Pavlova,7,3,32 - 500 g boxes,8.725,29,0,10,0,Confections,8.725,17.45,52.349999999999994,26.174999999999997,26.174999999999997,0.5,1997-11,0%
10739,VINET,3,1997-11-12,1997-12-10,1997-11-17,3,11.08,Vins et alcools Chevalier,59 rue de l'Abbaye,Reims,,51100,France,1997,11,November,1997-11,36,19.0,6,0.0,Inlagd Sill,17,8,24 - 250 g  jars,9.5,112,0,20,0,Seafood,9.5,19.0,114.0,57.0,57.0,0.5,1997-11,0%
10739,VINET,3,1997-11-12,1997-12-10,1997-11-17,3,11.08,Vins et alcools Chevalier,59 rue de l'Abbaye,Reims,,51100,France,1997,11,November,1997-11,52,7.0,18,0.0,Filo Mix,24,5,16 - 2 kg boxes,3.5,38,0,25,0,Grains/Cereals,3.5,7.0,126.0,63.0,63.0,0.5,1997-11,0%
10740,WHITC,4,1997-11-13,1997-12-11,1997-11-25,2,81.88,White Clover Markets,1029 - 12th Ave. S.,Seattle,WA,98124,USA,1997,11,November,1997-11,28,45.6,5,0.2,Rצssle Sauerkraut,12,7,25 - 825 g cans,22.8,26,0,0,1,Produce,22.8,45.6,182.4,114.0,68.4,0.375,1997-11,10-20%
10740,WHITC,4,1997-11-13,1997-12-11,1997-11-25,2,81.88,White Clover Markets,1029 - 12th Ave. S.,Seattle,WA,98124,USA,1997,11,November,1997-11,35,18.0,35,0.2,Steeleye Stout,16,1,24 - 12 oz bottles,9.0,20,0,15,0,Beverages,9.0,18.0,504.0,315.0,189.0,0.375,1997-11,10-20%
10740,WHITC,4,1997-11-13,1997-12-11,1997-11-25,2,81.88,White Clover Markets,1029 - 12th Ave. S.,Seattle,WA,98124,USA,1997,11,November,1997-11,45,9.5,40,0.2,Rogede sild,21,8,1k pkg.,4.75,5,70,15,0,Seafood,4.75,9.5,304.0,190.0,114.0,0.375,1997-11,10-20%
10740,WHITC,4,1997-11-13,1997-12-11,1997-11-25,2,81.88,White Clover Markets,1029 - 12th Ave. S.,Seattle,WA,98124,USA,1997,11,November,1997-11,56,38.0,14,0.2,Gnocchi di nonna Alice,26,5,24 - 250 g pkgs.,19.0,21,10,30,0,Grains/Cereals,19.0,38.0,425.6,266.0,159.60000000000002,0.37500000000000006,1997-11,10-20%
10741,AROUT,4,1997-11-14,1997-11-28,1997-11-18,3,10.96,Around the Horn,Brook Farm Stratford St. Mary,Colchester,Essex,CO7 6JX,UK,1997,11,November,1997-11,2,19.0,15,0.2,Chang,1,1,24 - 12 oz bottles,9.5,17,40,25,0,Beverages,9.5,19.0,228.0,142.5,85.5,0.375,1997-11,10-20%
10742,BOTTM,3,1997-11-14,1997-12-12,1997-11-18,3,243.73,Bottom-Dollar Markets,23 Tsawassen Blvd.,Tsawassen,BC,T2F 8M4,Canada,1997,11,November,1997-11,3,10.0,20,0.0,Aniseed Syrup,1,2,12 - 550 ml bottles,5.0,13,70,25,0,Condiments,5.0,10.0,200.0,100.0,100.0,0.5,1997-11,0%
10742,BOTTM,3,1997-11-14,1997-12-12,1997-11-18,3,243.73,Bottom-Dollar Markets,23 Tsawassen Blvd.,Tsawassen,BC,T2F 8M4,Canada,1997,11,November,1997-11,60,34.0,50,0.0,Camembert Pierrot,28,4,15 - 300 g rounds,17.0,19,0,0,0,Dairy Products,17.0,34.0,1700.0,850.0,850.0,0.5,1997-11,0%
10742,BOTTM,3,1997-11-14,1997-12-12,1997-11-18,3,243.73,Bottom-Dollar Markets,23 Tsawassen Blvd.,Tsawassen,BC,T2F 8M4,Canada,1997,11,November,1997-11,72,34.8,35,0.0,Mozzarella di Giovanni,14,4,24 - 200 g pkgs.,17.4,14,0,0,0,Dairy Products,17.4,34.8,1218.0,609.0,609.0,0.5,1997-11,0%
10743,AROUT,1,1997-11-17,1997-12-15,1997-11-21,2,23.72,Around the Horn,Brook Farm Stratford St. Mary,Colchester,Essex,CO7 6JX,UK,1997,11,November,1997-11,46,12.0,28,0.05,Spegesild,21,8,4 - 450 g glasses,6.0,95,0,0,0,Seafood,6.0,12.0,319.2,168.0,151.2,0.47368421052631576,1997-11,0-5%
10744,VAFFE,6,1997-11-17,1997-12-15,1997-11-24,1,69.19,Vaffeljernet,Smagsloget 45,ֵrhus,,8200,Denmark,1997,11,November,1997-11,40,18.4,50,0.2,Boston Crab Meat,19,8,24 - 4 oz tins,9.2,123,0,30,0,Seafood,9.2,18.4,736.0,459.99999999999994,276.00000000000006,0.37500000000000006,1997-11,10-20%
10745,QUICK,9,1997-11-18,1997-12-16,1997-11-27,1,3.52,QUICK-Stop,Taucherstrae 10,Cunewalde,,1307,Germany,1997,11,November,1997-11,18,62.5,24,0.0,Carnarvon Tigers,7,8,16 kg pkg.,31.25,42,0,0,0,Seafood,31.25,62.5,1500.0,750.0,750.0,0.5,1997-11,0%
10745,QUICK,9,1997-11-18,1997-12-16,1997-11-27,1,3.52,QUICK-Stop,Taucherstrae 10,Cunewalde,,1307,Germany,1997,11,November,1997-11,44,19.45,16,0.0,Gula Malacca,20,2,20 - 2 kg bags,9.725,27,0,15,0,Condiments,9.725,19.45,311.2,155.6,155.6,0.5,1997-11,0%
10745,QUICK,9,1997-11-18,1997-12-16,1997-11-27,1,3.52,QUICK-Stop,Taucherstrae 10,Cunewalde,,1307,Germany,1997,11,November,1997-11,59,55.0,45,0.0,Raclette Courdavault,28,4,5 kg pkg.,27.5,79,0,0,0,Dairy Products,27.5,55.0,2475.0,1237.5,1237.5,0.5,1997-11,0%
10745,QUICK,9,1997-11-18,1997-12-16,1997-11-27,1,3.52,QUICK-Stop,Taucherstrae 10,Cunewalde,,1307,Germany,1997,11,November,1997-11,72,34.8,7,0.0,Mozzarella di Giovanni,14,4,24 - 200 g pkgs.,17.4,14,0,0,0,Dairy Products,17.4,34.8,243.59999999999997,121.79999999999998,121.79999999999998,0.5,1997-11,0%
10746,CHOPS,1,1997-11-19,1997-12-17,1997-11-21,3,31.43,Chop-suey Chinese,Hauptstr. 31,Bern,,3012,Switzerland,1997,11,November,1997-11,13,6.0,6,0.0,Konbu,6,8,2 kg box,3.0,24,0,5,0,Seafood,3.0,6.0,36.0,18.0,18.0,0.5,1997-11,0%
10746,CHOPS,1,1997-11-19,1997-12-17,1997-11-21,3,31.43,Chop-suey Chinese,Hauptstr. 31,Bern,,3012,Switzerland,1997,11,November,1997-11,42,14.0,28,0.0,Singaporean Hokkien Fried Mee,20,5,32 - 1 kg pkgs.,7.0,26,0,0,1,Grains/Cereals,7.0,14.0,392.0,196.0,196.0,0.5,1997-11,0%
10746,CHOPS,1,1997-11-19,1997-12-17,1997-11-21,3,31.43,Chop-suey Chinese,Hauptstr. 31,Bern,,3012,Switzerland,1997,11,November,1997-11,62,49.3,9,0.0,Tarte au sucre,29,3,48 pies,24.65,17,0,0,0,Confections,24.65,49.3,443.7,221.85,221.85,0.5,1997-11,0%
10746,CHOPS,1,1997-11-19,1997-12-17,1997-11-21,3,31.43,Chop-suey Chinese,Hauptstr. 31,Bern,,3012,Switzerland,1997,11,November,1997-11,69,36.0,40,0.0,Gudbrandsdalsost,15,4,10 kg pkg.,18.0,26,0,15,0,Dairy Products,18.0,36.0,1440.0,720.0,720.0,0.5,1997-11,0%
10747,PICCO,6,1997-11-19,1997-12-17,1997-11-26,1,117.33,Piccolo und mehr,Geislweg 14,Salzburg,,5020,Austria,1997,11,November,1997-11,31,12.5,8,0.0,Gorgonzola Telino,14,4,12 - 100 g pkgs,6.25,0,70,20,0,Dairy Products,6.25,12.5,100.0,50.0,50.0,0.5,1997-11,0%
10747,PICCO,6,1997-11-19,1997-12-17,1997-11-26,1,117.33,Piccolo und mehr,Geislweg 14,Salzburg,,5020,Austria,1997,11,November,1997-11,41,9.65,35,0.0,Jack's New England Clam Chowder,19,8,12 - 12 oz cans,4.825,85,0,10,0,Seafood,4.825,9.65,337.75,168.875,168.875,0.5,1997-11,0%
10747,PICCO,6,1997-11-19,1997-12-17,1997-11-26,1,117.33,Piccolo und mehr,Geislweg 14,Salzburg,,5020,Austria,1997,11,November,1997-11,63,43.9,9,0.0,Vegie-spread,7,2,15 - 625 g jars,21.95,24,0,5,0,Condiments,21.95,43.9,395.09999999999997,197.54999999999998,197.54999999999998,0.5,1997-11,0%
10747,PICCO,6,1997-11-19,1997-12-17,1997-11-26,1,117.33,Piccolo und mehr,Geislweg 14,Salzburg,,5020,Austria,1997,11,November,1997-11,69,36.0,30,0.0,Gudbrandsdalsost,15,4,10 kg pkg.,18.0,26,0,15,0,Dairy Products,18.0,36.0,1080.0,540.0,540.0,0.5,1997-11,0%
10748,SAVEA,3,1997-11-20,1997-12-18,1997-11-28,1,232.55,Save-a-lot Markets,187 Suffolk Ln.,Boise,ID,83720,USA,1997,11,November,1997-11,23,9.0,44,0.0,Tunnbrצd,9,5,12 - 250 g pkgs.,4.5,61,0,25,0,Grains/Cereals,4.5,9.0,396.0,198.0,198.0,0.5,1997-11,0%
10748,SAVEA,3,1997-11-20,1997-12-18,1997-11-28,1,232.55,Save-a-lot Markets,187 Suffolk Ln.,Boise,ID,83720,USA,1997,11,November,1997-11,40,18.4,40,0.0,Boston Crab Meat,19,8,24 - 4 oz tins,9.2,123,0,30,0,Seafood,9.2,18.4,736.0,368.0,368.0,0.5,1997-11,0%
10748,SAVEA,3,1997-11-20,1997-12-18,1997-11-28,1,232.55,Save-a-lot Markets,187 Suffolk Ln.,Boise,ID,83720,USA,1997,11,November,1997-11,56,38.0,28,0.0,Gnocchi di nonna Alice,26,5,24 - 250 g pkgs.,19.0,21,10,30,0,Grains/Cereals,19.0,38.0,1064.0,532.0,532.0,0.5,1997-11,0%
10749,ISLAT,4,1997-11-20,1997-12-18,1997-12-19,2,61.53,Island Trading,Garden House Crowther Way,Cowes,Isle of Wight,PO31 7PJ,UK,1997,11,November,1997-11,56,38.0,15,0.0,Gnocchi di nonna Alice,26,5,24 - 250 g pkgs.,19.0,21,10,30,0,Grains/Cereals,19.0,38.0,570.0,285.0,285.0,0.5,1997-11,0%
10749,ISLAT,4,1997-11-20,1997-12-18,1997-12-19,2,61.53,Island Trading,Garden House Crowther Way,Cowes,Isle of Wight,PO31 7PJ,UK,1997,11,November,1997-11,59,55.0,6,0.0,Raclette Courdavault,28,4,5 kg pkg.,27.5,79,0,0,0,Dairy Products,27.5,55.0,330.0,165.0,165.0,0.5,1997-11,0%
10749,ISLAT,4,1997-11-20,1997-12-18,1997-12-19,2,61.53,Island Trading,Garden House Crowther Way,Cowes,Isle of Wight,PO31 7PJ,UK,1997,11,November,1997-11,76,18.0,10,0.0,Lakkalikצצri,23,1,500 ml,9.0,57,0,20,0,Beverages,9.0,18.0,180.0,90.0,90.0,0.5,1997-11,0%
10750,WARTH,9,1997-11-21,1997-12-19,1997-11-24,1,79.3,Wartian Herkku,Torikatu 38,Oulu,,90110,Finland,1997,11,November,1997-11,14,23.25,5,0.15,Tofu,6,7,40 - 100 g pkgs.,11.625,35,0,0,0,Produce,11.625,23.25,98.8125,58.125,40.6875,0.4117647058823529,1997-11,10-20%
10750,WARTH,9,1997-11-21,1997-12-19,1997-11-24,1,79.3,Wartian Herkku,Torikatu 38,Oulu,,90110,Finland,1997,11,November,1997-11,45,9.5,40,0.15,Rogede sild,21,8,1k pkg.,4.75,5,70,15,0,Seafood,4.75,9.5,323.0,190.0,133.0,0.4117647058823529,1997-11,10-20%
10750,WARTH,9,1997-11-21,1997-12-19,1997-11-24,1,79.3,Wartian Herkku,Torikatu 38,Oulu,,90110,Finland,1997,11,November,1997-11,59,55.0,25,0.15,Raclette Courdavault,28,4,5 kg pkg.,27.5,79,0,0,0,Dairy Products,27.5,55.0,1168.75,687.5,481.25,0.4117647058823529,1997-11,10-20%
10751,RICSU,3,1997-11-24,1997-12-22,1997-12-03,3,130.79,Richter Supermarkt,Starenweg 5,Genטve,,1204,Switzerland,1997,11,November,1997-11,26,31.23,12,0.1,Gumbהr Gummibהrchen,11,3,100 - 250 g bags,15.615,15,0,0,0,Confections,15.615,31.23,337.284,187.38,149.904,0.4444444444444444,1997-11,5-10%
10751,RICSU,3,1997-11-24,1997-12-22,1997-12-03,3,130.79,Richter Supermarkt,Starenweg 5,Genטve,,1204,Switzerland,1997,11,November,1997-11,30,25.89,30,0.0,Nord-Ost Matjeshering,13,8,10 - 200 g glasses,12.945,10,0,15,0,Seafood,12.945,25.89,776.7,388.35,388.35,0.5,1997-11,0%
10751,RICSU,3,1997-11-24,1997-12-22,1997-12-03,3,130.79,Richter Supermarkt,Starenweg 5,Genטve,,1204,Switzerland,1997,11,November,1997-11,50,16.25,20,0.1,Valkoinen suklaa,23,3,12 - 100 g bars,8.125,65,0,30,0,Confections,8.125,16.25,292.5,162.5,130.0,0.4444444444444444,1997-11,5-10%
10751,RICSU,3,1997-11-24,1997-12-22,1997-12-03,3,130.79,Richter Supermarkt,Starenweg 5,Genטve,,1204,Switzerland,1997,11,November,1997-11,73,15.0,15,0.0,Rצd Kaviar,17,8,24 - 150 g jars,7.5,101,0,5,0,Seafood,7.5,15.0,225.0,112.5,112.5,0.5,1997-11,0%
10752,NORTS,2,1997-11-24,1997-12-22,1997-11-28,3,1.39,North/South,South House 300 Queensbridge,London,,SW7 1RZ,UK,1997,11,November,1997-11,1,18.0,8,0.0,Chai,1,1,10 boxes x 20 bags,9.0,39,0,10,0,Beverages,9.0,18.0,144.0,72.0,72.0,0.5,1997-11,0%
10752,NORTS,2,1997-11-24,1997-12-22,1997-11-28,3,1.39,North/South,South House 300 Queensbridge,London,,SW7 1RZ,UK,1997,11,November,1997-11,69,36.0,3,0.0,Gudbrandsdalsost,15,4,10 kg pkg.,18.0,26,0,15,0,Dairy Products,18.0,36.0,108.0,54.0,54.0,0.5,1997-11,0%
10753,FRANS,3,1997-11-25,1997-12-23,1997-11-27,1,7.7,Franchi S.p.A.,Via Monte Bianco 34,Torino,,10100,Italy,1997,11,November,1997-11,45,9.5,4,0.0,Rogede sild,21,8,1k pkg.,4.75,5,70,15,0,Seafood,4.75,9.5,38.0,19.0,19.0,0.5,1997-11,0%
10753,FRANS,3,1997-11-25,1997-12-23,1997-11-27,1,7.7,Franchi S.p.A.,Via Monte Bianco 34,Torino,,10100,Italy,1997,11,November,1997-11,74,10.0,5,0.0,Longlife Tofu,4,7,5 kg pkg.,5.0,4,20,5,0,Produce,5.0,10.0,50.0,25.0,25.0,0.5,1997-11,0%
10754,MAGAA,6,1997-11-25,1997-12-23,1997-11-27,3,2.38,Magazzini Alimentari Riuniti,Via Ludovico il Moro 22,Bergamo,,24100,Italy,1997,11,November,1997-11,40,18.4,3,0.0,Boston Crab Meat,19,8,24 - 4 oz tins,9.2,123,0,30,0,Seafood,9.2,18.4,55.199999999999996,27.599999999999998,27.599999999999998,0.5,1997-11,0%
10755,BONAP,4,1997-11-26,1997-12-24,1997-11-28,2,16.71,Bon app',"12, rue des Bouchers",Marseille,,13008,France,1997,11,November,1997-11,47,9.5,30,0.25,Zaanse koeken,22,3,10 - 4 oz boxes,4.75,36,0,0,0,Confections,4.75,9.5,213.75,142.5,71.25,0.3333333333333333,1997-11,20%+
10755,BONAP,4,1997-11-26,1997-12-24,1997-11-28,2,16.71,Bon app',"12, rue des Bouchers",Marseille,,13008,France,1997,11,November,1997-11,56,38.0,30,0.25,Gnocchi di nonna Alice,26,5,24 - 250 g pkgs.,19.0,21,10,30,0,Grains/Cereals,19.0,38.0,855.0,570.0,285.0,0.3333333333333333,1997-11,20%+
10755,BONAP,4,1997-11-26,1997-12-24,1997-11-28,2,16.71,Bon app',"12, rue des Bouchers",Marseille,,13008,France,1997,11,November,1997-11,57,19.5,14,0.25,Ravioli Angelo,26,5,24 - 250 g pkgs.,9.75,36,0,20,0,Grains/Cereals,9.75,19.5,204.75,136.5,68.25,0.3333333333333333,1997-11,20%+
10755,BONAP,4,1997-11-26,1997-12-24,1997-11-28,2,16.71,Bon app',"12, rue des Bouchers",Marseille,,13008,France,1997,11,November,1997-11,69,36.0,25,0.25,Gudbrandsdalsost,15,4,10 kg pkg.,18.0,26,0,15,0,Dairy Products,18.0,36.0,675.0,450.0,225.0,0.3333333333333333,1997-11,20%+
10756,SPLIR,8,1997-11-27,1997-12-25,1997-12-02,2,73.21,Split Rail Beer & Ale,P.O. Box 555,Lander,WY,82520,USA,1997,11,November,1997-11,18,62.5,21,0.2,Carnarvon Tigers,7,8,16 kg pkg.,31.25,42,0,0,0,Seafood,31.25,62.5,1050.0,656.25,393.75,0.375,1997-11,10-20%
10756,SPLIR,8,1997-11-27,1997-12-25,1997-12-02,2,73.21,Split Rail Beer & Ale,P.O. Box 555,Lander,WY,82520,USA,1997,11,November,1997-11,36,19.0,20,0.2,Inlagd Sill,17,8,24 - 250 g  jars,9.5,112,0,20,0,Seafood,9.5,19.0,304.0,190.0,114.0,0.375,1997-11,10-20%
10756,SPLIR,8,1997-11-27,1997-12-25,1997-12-02,2,73.21,Split Rail Beer & Ale,P.O. Box 555,Lander,WY,82520,USA,1997,11,November,1997-11,68,12.5,6,0.2,Scottish Longbreads,8,3,10 boxes x 8 pieces,6.25,6,10,15,0,Confections,6.25,12.5,60.0,37.5,22.5,0.375,1997-11,10-20%
10756,SPLIR,8,1997-11-27,1997-12-25,1997-12-02,2,73.21,Split Rail Beer & Ale,P.O. Box 555,Lander,WY,82520,USA,1997,11,November,1997-11,69,36.0,20,0.2,Gudbrandsdalsost,15,4,10 kg pkg.,18.0,26,0,15,0,Dairy Products,18.0,36.0,576.0,360.0,216.0,0.375,1997-11,10-20%
10757,SAVEA,6,1997-11-27,1997-12-25,1997-12-15,1,8.19,Save-a-lot Markets,187 Suffolk Ln.,Boise,ID,83720,USA,1997,11,November,1997-11,34,14.0,30,0.0,Sasquatch Ale,16,1,24 - 12 oz bottles,7.0,111,0,15,0,Beverages,7.0,14.0,420.0,210.0,210.0,0.5,1997-11,0%
10757,SAVEA,6,1997-11-27,1997-12-25,1997-12-15,1,8.19,Save-a-lot Markets,187 Suffolk Ln.,Boise,ID,83720,USA,1997,11,November,1997-11,59,55.0,7,0.0,Raclette Courdavault,28,4,5 kg pkg.,27.5,79,0,0,0,Dairy Products,27.5,55.0,385.0,192.5,192.5,0.5,1997-11,0%
10757,SAVEA,6,1997-11-27,1997-12-25,1997-12-15,1,8.19,Save-a-lot Markets,187 Suffolk Ln.,Boise,ID,83720,USA,1997,11,November,1997-11,62,49.3,30,0.0,Tarte au sucre,29,3,48 pies,24.65,17,0,0,0,Confections,24.65,49.3,1479.0,739.5,739.5,0.5,1997-11,0%
10757,SAVEA,6,1997-11-27,1997-12-25,1997-12-15,1,8.19,Save-a-lot Markets,187 Suffolk Ln.,Boise,ID,83720,USA,1997,11,November,1997-11,64,33.25,24,0.0,Wimmers gute Semmelknצdel,12,5,20 bags x 4 pieces,16.625,22,80,30,0,Grains/Cereals,16.625,33.25,798.0,399.0,399.0,0.5,1997-11,0%
10758,RICSU,3,1997-11-28,1997-12-26,1997-12-04,3,138.17,Richter Supermarkt,Starenweg 5,Genטve,,1204,Switzerland,1997,11,November,1997-11,26,31.23,20,0.0,Gumbהr Gummibהrchen,11,3,100 - 250 g bags,15.615,15,0,0,0,Confections,15.615,31.23,624.6,312.3,312.3,0.5,1997-11,0%
10758,RICSU,3,1997-11-28,1997-12-26,1997-12-04,3,138.17,Richter Supermarkt,Starenweg 5,Genטve,,1204,Switzerland,1997,11,November,1997-11,52,7.0,60,0.0,Filo Mix,24,5,16 - 2 kg boxes,3.5,38,0,25,0,Grains/Cereals,3.5,7.0,420.0,210.0,210.0,0.5,1997-11,0%
10758,RICSU,3,1997-11-28,1997-12-26,1997-12-04,3,138.17,Richter Supermarkt,Starenweg 5,Genטve,,1204,Switzerland,1997,11,November,1997-11,70,15.0,40,0.0,Outback Lager,7,1,24 - 355 ml bottles,7.5,15,10,30,0,Beverages,7.5,15.0,600.0,300.0,300.0,0.5,1997-11,0%
10759,ANATR,3,1997-11-28,1997-12-26,1997-12-12,3,11.99,Ana Trujillo Emparedados y helados,Avda. de la Constituciףn 2222,Mיxico D.F.,,5021,Mexico,1997,11,November,1997-11,32,32.0,10,0.0,Mascarpone Fabioli,14,4,24 - 200 g pkgs.,16.0,9,40,25,0,Dairy Products,16.0,32.0,320.0,160.0,160.0,0.5,1997-11,0%
10760,MAISD,4,1997-12-01,1997-12-29,1997-12-10,1,155.64,Maison Dewey,Rue Joseph-Bens 532,Bruxelles,,B-1180,Belgium,1997,12,December,1997-12,25,14.0,12,0.25,NuNuCa Nu-Nougat-Creme,11,3,20 - 450 g glasses,7.0,76,0,30,0,Confections,7.0,14.0,126.0,84.0,42.0,0.3333333333333333,1997-12,20%+
10760,MAISD,4,1997-12-01,1997-12-29,1997-12-10,1,155.64,Maison Dewey,Rue Joseph-Bens 532,Bruxelles,,B-1180,Belgium,1997,12,December,1997-12,27,43.9,40,0.0,Schoggi Schokolade,11,3,100 - 100 g pieces,21.95,49,0,30,0,Confections,21.95,43.9,1756.0,878.0,878.0,0.5,1997-12,0%
10760,MAISD,4,1997-12-01,1997-12-29,1997-12-10,1,155.64,Maison Dewey,Rue Joseph-Bens 532,Bruxelles,,B-1180,Belgium,1997,12,December,1997-12,43,46.0,30,0.25,Ipoh Coffee,20,1,16 - 500 g tins,23.0,17,10,25,0,Beverages,23.0,46.0,1035.0,690.0,345.0,0.3333333333333333,1997-12,20%+
10761,RATTC,5,1997-12-02,1997-12-30,1997-12-08,2,18.66,Rattlesnake Canyon Grocery,2817 Milton Dr.,Albuquerque,NM,87110,USA,1997,12,December,1997-12,25,14.0,35,0.25,NuNuCa Nu-Nougat-Creme,11,3,20 - 450 g glasses,7.0,76,0,30,0,Confections,7.0,14.0,367.5,245.0,122.5,0.3333333333333333,1997-12,20%+
10761,RATTC,5,1997-12-02,1997-12-30,1997-12-08,2,18.66,Rattlesnake Canyon Grocery,2817 Milton Dr.,Albuquerque,NM,87110,USA,1997,12,December,1997-12,75,7.75,18,0.0,Rhצnbrהu Klosterbier,12,1,24 - 0.5 l bottles,3.875,125,0,25,0,Beverages,3.875,7.75,139.5,69.75,69.75,0.5,1997-12,0%
10762,FOLKO,3,1997-12-02,1997-12-30,1997-12-09,1,328.74,Folk och fה HB,ֵkergatan 24,Brהcke,,S-844 67,Sweden,1997,12,December,1997-12,39,18.0,16,0.0,Chartreuse verte,18,1,750 cc per bottle,9.0,69,0,5,0,Beverages,9.0,18.0,288.0,144.0,144.0,0.5,1997-12,0%
10762,FOLKO,3,1997-12-02,1997-12-30,1997-12-09,1,328.74,Folk och fה HB,ֵkergatan 24,Brהcke,,S-844 67,Sweden,1997,12,December,1997-12,47,9.5,30,0.0,Zaanse koeken,22,3,10 - 4 oz boxes,4.75,36,0,0,0,Confections,4.75,9.5,285.0,142.5,142.5,0.5,1997-12,0%
10762,FOLKO,3,1997-12-02,1997-12-30,1997-12-09,1,328.74,Folk och fה HB,ֵkergatan 24,Brהcke,,S-844 67,Sweden,1997,12,December,1997-12,51,53.0,28,0.0,Manjimup Dried Apples,24,7,50 - 300 g pkgs.,26.5,20,0,10,0,Produce,26.5,53.0,1484.0,742.0,742.0,0.5,1997-12,0%
10762,FOLKO,3,1997-12-02,1997-12-30,1997-12-09,1,328.74,Folk och fה HB,ֵkergatan 24,Brהcke,,S-844 67,Sweden,1997,12,December,1997-12,56,38.0,60,0.0,Gnocchi di nonna Alice,26,5,24 - 250 g pkgs.,19.0,21,10,30,0,Grains/Cereals,19.0,38.0,2280.0,1140.0,1140.0,0.5,1997-12,0%
10763,FOLIG,3,1997-12-03,1997-12-31,1997-12-08,3,37.35,Folies gourmandes,"184, chaussיe de Tournai",Lille,,59000,France,1997,12,December,1997-12,21,10.0,40,0.0,Sir Rodney's Scones,8,3,24 pkgs. x 4 pieces,5.0,3,40,5,0,Confections,5.0,10.0,400.0,200.0,200.0,0.5,1997-12,0%
10763,FOLIG,3,1997-12-03,1997-12-31,1997-12-08,3,37.35,Folies gourmandes,"184, chaussיe de Tournai",Lille,,59000,France,1997,12,December,1997-12,22,21.0,6,0.0,Gustaf's Knהckebrצd,9,5,24 - 500 g pkgs.,10.5,104,0,25,0,Grains/Cereals,10.5,21.0,126.0,63.0,63.0,0.5,1997-12,0%
10763,FOLIG,3,1997-12-03,1997-12-31,1997-12-08,3,37.35,Folies gourmandes,"184, chaussיe de Tournai",Lille,,59000,France,1997,12,December,1997-12,24,4.5,20,0.0,Guaranב Fantבstica,10,1,12 - 355 ml cans,2.25,20,0,0,1,Beverages,2.25,4.5,90.0,45.0,45.0,0.5,1997-12,0%
10764,ERNSH,6,1997-12-03,1997-12-31,1997-12-08,3,145.45,Ernst Handel,Kirchgasse 6,Graz,,8010,Austria,1997,12,December,1997-12,3,10.0,20,0.1,Aniseed Syrup,1,2,12 - 550 ml bottles,5.0,13,70,25,0,Condiments,5.0,10.0,180.0,100.0,80.0,0.4444444444444444,1997-12,5-10%
10764,ERNSH,6,1997-12-03,1997-12-31,1997-12-08,3,145.45,Ernst Handel,Kirchgasse 6,Graz,,8010,Austria,1997,12,December,1997-12,39,18.0,130,0.1,Chartreuse verte,18,1,750 cc per bottle,9.0,69,0,5,0,Beverages,9.0,18.0,2106.0,1170.0,936.0,0.4444444444444444,1997-12,5-10%
10765,QUICK,3,1997-12-04,1998-01-01,1997-12-09,3,42.74,QUICK-Stop,Taucherstrae 10,Cunewalde,,1307,Germany,1997,12,December,1997-12,65,21.05,80,0.1,Louisiana Fiery Hot Pepper Sauce,2,2,32 - 8 oz bottles,10.525,76,0,0,0,Condiments,10.525,21.05,1515.6000000000001,842.0,673.6000000000001,0.4444444444444445,1997-12,5-10%
10766,OTTIK,4,1997-12-05,1998-01-02,1997-12-09,1,157.55,Ottilies Kהseladen,Mehrheimerstr. 369,Kצln,,50739,Germany,1997,12,December,1997-12,2,19.0,40,0.0,Chang,1,1,24 - 12 oz bottles,9.5,17,40,25,0,Beverages,9.5,19.0,760.0,380.0,380.0,0.5,1997-12,0%
10766,OTTIK,4,1997-12-05,1998-01-02,1997-12-09,1,157.55,Ottilies Kהseladen,Mehrheimerstr. 369,Kצln,,50739,Germany,1997,12,December,1997-12,7,30.0,35,0.0,Uncle Bob's Organic Dried Pears,3,7,12 - 1 lb pkgs.,15.0,15,0,10,0,Produce,15.0,30.0,1050.0,525.0,525.0,0.5,1997-12,0%
10766,OTTIK,4,1997-12-05,1998-01-02,1997-12-09,1,157.55,Ottilies Kהseladen,Mehrheimerstr. 369,Kצln,,50739,Germany,1997,12,December,1997-12,68,12.5,40,0.0,Scottish Longbreads,8,3,10 boxes x 8 pieces,6.25,6,10,15,0,Confections,6.25,12.5,500.0,250.0,250.0,0.5,1997-12,0%
10767,SUPRD,4,1997-12-05,1998-01-02,1997-12-15,3,1.59,Suprךmes dיlices,"Boulevard Tirou, 255",Charleroi,,B-6000,Belgium,1997,12,December,1997-12,42,14.0,2,0.0,Singaporean Hokkien Fried Mee,20,5,32 - 1 kg pkgs.,7.0,26,0,0,1,Grains/Cereals,7.0,14.0,28.0,14.0,14.0,0.5,1997-12,0%
10768,AROUT,3,1997-12-08,1998-01-05,1997-12-15,2,146.32,Around the Horn,Brook Farm Stratford St. Mary,Colchester,Essex,CO7 6JX,UK,1997,12,December,1997-12,22,21.0,4,0.0,Gustaf's Knהckebrצd,9,5,24 - 500 g pkgs.,10.5,104,0,25,0,Grains/Cereals,10.5,21.0,84.0,42.0,42.0,0.5,1997-12,0%
10768,AROUT,3,1997-12-08,1998-01-05,1997-12-15,2,146.32,Around the Horn,Brook Farm Stratford St. Mary,Colchester,Essex,CO7 6JX,UK,1997,12,December,1997-12,31,12.5,50,0.0,Gorgonzola Telino,14,4,12 - 100 g pkgs,6.25,0,70,20,0,Dairy Products,6.25,12.5,625.0,312.5,312.5,0.5,1997-12,0%
10768,AROUT,3,1997-12-08,1998-01-05,1997-12-15,2,146.32,Around the Horn,Brook Farm Stratford St. Mary,Colchester,Essex,CO7 6JX,UK,1997,12,December,1997-12,60,34.0,15,0.0,Camembert Pierrot,28,4,15 - 300 g rounds,17.0,19,0,0,0,Dairy Products,17.0,34.0,510.0,255.0,255.0,0.5,1997-12,0%
10768,AROUT,3,1997-12-08,1998-01-05,1997-12-15,2,146.32,Around the Horn,Brook Farm Stratford St. Mary,Colchester,Essex,CO7 6JX,UK,1997,12,December,1997-12,71,21.5,12,0.0,Flotemysost,15,4,10 - 500 g pkgs.,10.75,26,0,0,0,Dairy Products,10.75,21.5,258.0,129.0,129.0,0.5,1997-12,0%
10769,VAFFE,3,1997-12-08,1998-01-05,1997-12-12,1,65.06,Vaffeljernet,Smagsloget 45,ֵrhus,,8200,Denmark,1997,12,December,1997-12,41,9.65,30,0.05,Jack's New England Clam Chowder,19,8,12 - 12 oz cans,4.825,85,0,10,0,Seafood,4.825,9.65,275.025,144.75,130.27499999999998,0.47368421052631576,1997-12,0-5%
10769,VAFFE,3,1997-12-08,1998-01-05,1997-12-12,1,65.06,Vaffeljernet,Smagsloget 45,ֵrhus,,8200,Denmark,1997,12,December,1997-12,52,7.0,15,0.05,Filo Mix,24,5,16 - 2 kg boxes,3.5,38,0,25,0,Grains/Cereals,3.5,7.0,99.75,52.5,47.25,0.47368421052631576,1997-12,0-5%
10769,VAFFE,3,1997-12-08,1998-01-05,1997-12-12,1,65.06,Vaffeljernet,Smagsloget 45,ֵrhus,,8200,Denmark,1997,12,December,1997-12,61,28.5,20,0.0,Sirop d'יrable,29,2,24 - 500 ml bottles,14.25,113,0,25,0,Condiments,14.25,28.5,570.0,285.0,285.0,0.5,1997-12,0%
10769,VAFFE,3,1997-12-08,1998-01-05,1997-12-12,1,65.06,Vaffeljernet,Smagsloget 45,ֵrhus,,8200,Denmark,1997,12,December,1997-12,62,49.3,15,0.0,Tarte au sucre,29,3,48 pies,24.65,17,0,0,0,Confections,24.65,49.3,739.5,369.75,369.75,0.5,1997-12,0%
10770,HANAR,8,1997-12-09,1998-01-06,1997-12-17,3,5.32,Hanari Carnes,"Rua do Paחo, 67",Rio de Janeiro,RJ,05454-876,Brazil,1997,12,December,1997-12,11,21.0,15,0.25,Queso Cabrales,5,4,1 kg pkg.,10.5,22,30,30,0,Dairy Products,10.5,21.0,236.25,157.5,78.75,0.3333333333333333,1997-12,20%+
10771,ERNSH,9,1997-12-10,1998-01-07,1998-01-02,2,11.19,Ernst Handel,Kirchgasse 6,Graz,,8010,Austria,1997,12,December,1997-12,71,21.5,16,0.0,Flotemysost,15,4,10 - 500 g pkgs.,10.75,26,0,0,0,Dairy Products,10.75,21.5,344.0,172.0,172.0,0.5,1997-12,0%
10772,LEHMS,3,1997-12-10,1998-01-07,1997-12-19,2,91.28,Lehmanns Marktstand,Magazinweg 7,Frankfurt a.M.,,60528,Germany,1997,12,December,1997-12,29,123.79,18,0.0,Thringer Rostbratwurst,12,6,50 bags x 30 sausgs.,61.895,0,0,0,1,Meat/Poultry,61.895,123.79,2228.2200000000003,1114.1100000000001,1114.1100000000001,0.5,1997-12,0%
10772,LEHMS,3,1997-12-10,1998-01-07,1997-12-19,2,91.28,Lehmanns Marktstand,Magazinweg 7,Frankfurt a.M.,,60528,Germany,1997,12,December,1997-12,59,55.0,25,0.0,Raclette Courdavault,28,4,5 kg pkg.,27.5,79,0,0,0,Dairy Products,27.5,55.0,1375.0,687.5,687.5,0.5,1997-12,0%
10773,ERNSH,1,1997-12-11,1998-01-08,1997-12-16,3,96.43,Ernst Handel,Kirchgasse 6,Graz,,8010,Austria,1997,12,December,1997-12,17,39.0,33,0.0,Alice Mutton,7,6,20 - 1 kg tins,19.5,0,0,0,1,Meat/Poultry,19.5,39.0,1287.0,643.5,643.5,0.5,1997-12,0%
10773,ERNSH,1,1997-12-11,1998-01-08,1997-12-16,3,96.43,Ernst Handel,Kirchgasse 6,Graz,,8010,Austria,1997,12,December,1997-12,31,12.5,70,0.2,Gorgonzola Telino,14,4,12 - 100 g pkgs,6.25,0,70,20,0,Dairy Products,6.25,12.5,700.0,437.5,262.5,0.375,1997-12,10-20%
10773,ERNSH,1,1997-12-11,1998-01-08,1997-12-16,3,96.43,Ernst Handel,Kirchgasse 6,Graz,,8010,Austria,1997,12,December,1997-12,75,7.75,7,0.2,Rhצnbrהu Klosterbier,12,1,24 - 0.5 l bottles,3.875,125,0,25,0,Beverages,3.875,7.75,43.400000000000006,27.125,16.275000000000006,0.37500000000000006,1997-12,10-20%
10774,FOLKO,4,1997-12-11,1997-12-25,1997-12-12,1,48.2,Folk och fה HB,ֵkergatan 24,Brהcke,,S-844 67,Sweden,1997,12,December,1997-12,31,12.5,2,0.25,Gorgonzola Telino,14,4,12 - 100 g pkgs,6.25,0,70,20,0,Dairy Products,6.25,12.5,18.75,12.5,6.25,0.3333333333333333,1997-12,20%+
10774,FOLKO,4,1997-12-11,1997-12-25,1997-12-12,1,48.2,Folk och fה HB,ֵkergatan 24,Brהcke,,S-844 67,Sweden,1997,12,December,1997-12,66,17.0,50,0.0,Louisiana Hot Spiced Okra,2,2,24 - 8 oz jars,8.5,4,100,20,0,Condiments,8.5,17.0,850.0,425.0,425.0,0.5,1997-12,0%
10775,THECR,7,1997-12-12,1998-01-09,1997-12-26,1,20.25,The Cracker Box,55 Grizzly Peak Rd.,Butte,MT,59801,USA,1997,12,December,1997-12,10,31.0,6,0.0,Ikura,4,8,12 - 200 ml jars,15.5,31,0,0,0,Seafood,15.5,31.0,186.0,93.0,93.0,0.5,1997-12,0%
10775,THECR,7,1997-12-12,1998-01-09,1997-12-26,1,20.25,The Cracker Box,55 Grizzly Peak Rd.,Butte,MT,59801,USA,1997,12,December,1997-12,67,14.0,3,0.0,Laughing Lumberjack Lager,16,1,24 - 12 oz bottles,7.0,52,0,10,0,Beverages,7.0,14.0,42.0,21.0,21.0,0.5,1997-12,0%
10776,ERNSH,1,1997-12-15,1998-01-12,1997-12-18,3,351.53,Ernst Handel,Kirchgasse 6,Graz,,8010,Austria,1997,12,December,1997-12,31,12.5,16,0.05,Gorgonzola Telino,14,4,12 - 100 g pkgs,6.25,0,70,20,0,Dairy Products,6.25,12.5,190.0,100.0,90.0,0.47368421052631576,1997-12,0-5%
10776,ERNSH,1,1997-12-15,1998-01-12,1997-12-18,3,351.53,Ernst Handel,Kirchgasse 6,Graz,,8010,Austria,1997,12,December,1997-12,42,14.0,12,0.05,Singaporean Hokkien Fried Mee,20,5,32 - 1 kg pkgs.,7.0,26,0,0,1,Grains/Cereals,7.0,14.0,159.6,84.0,75.6,0.47368421052631576,1997-12,0-5%
10776,ERNSH,1,1997-12-15,1998-01-12,1997-12-18,3,351.53,Ernst Handel,Kirchgasse 6,Graz,,8010,Austria,1997,12,December,1997-12,45,9.5,27,0.05,Rogede sild,21,8,1k pkg.,4.75,5,70,15,0,Seafood,4.75,9.5,243.67499999999998,128.25,115.42499999999998,0.47368421052631576,1997-12,0-5%
10776,ERNSH,1,1997-12-15,1998-01-12,1997-12-18,3,351.53,Ernst Handel,Kirchgasse 6,Graz,,8010,Austria,1997,12,December,1997-12,51,53.0,120,0.05,Manjimup Dried Apples,24,7,50 - 300 g pkgs.,26.5,20,0,10,0,Produce,26.5,53.0,6042.0,3180.0,2862.0,0.47368421052631576,1997-12,0-5%
10777,GOURL,7,1997-12-15,1997-12-29,1998-01-21,2,3.01,Gourmet Lanchonetes,"Av. Brasil, 442",Campinas,SP,04876-786,Brazil,1997,12,December,1997-12,42,14.0,20,0.2,Singaporean Hokkien Fried Mee,20,5,32 - 1 kg pkgs.,7.0,26,0,0,1,Grains/Cereals,7.0,14.0,224.0,140.0,84.0,0.375,1997-12,10-20%
10778,BERGS,3,1997-12-16,1998-01-13,1997-12-24,1,6.79,Berglunds snabbkצp,Berguvsvהgen  8,Luleו,,S-958 22,Sweden,1997,12,December,1997-12,41,9.65,10,0.0,Jack's New England Clam Chowder,19,8,12 - 12 oz cans,4.825,85,0,10,0,Seafood,4.825,9.65,96.5,48.25,48.25,0.5,1997-12,0%
10779,MORGK,3,1997-12-16,1998-01-13,1998-01-14,2,58.13,Morgenstern Gesundkost,Heerstr. 22,Leipzig,,4179,Germany,1997,12,December,1997-12,16,17.45,20,0.0,Pavlova,7,3,32 - 500 g boxes,8.725,29,0,10,0,Confections,8.725,17.45,349.0,174.5,174.5,0.5,1997-12,0%
10779,MORGK,3,1997-12-16,1998-01-13,1998-01-14,2,58.13,Morgenstern Gesundkost,Heerstr. 22,Leipzig,,4179,Germany,1997,12,December,1997-12,62,49.3,20,0.0,Tarte au sucre,29,3,48 pies,24.65,17,0,0,0,Confections,24.65,49.3,986.0,493.0,493.0,0.5,1997-12,0%
10780,LILAS,2,1997-12-16,1997-12-30,1997-12-25,1,42.13,LILA-Supermercado,Carrera 52 con Ave. Bolםvar #65-98 Llano Largo,Barquisimeto,Lara,3508,Venezuela,1997,12,December,1997-12,70,15.0,35,0.0,Outback Lager,7,1,24 - 355 ml bottles,7.5,15,10,30,0,Beverages,7.5,15.0,525.0,262.5,262.5,0.5,1997-12,0%
10780,LILAS,2,1997-12-16,1997-12-30,1997-12-25,1,42.13,LILA-Supermercado,Carrera 52 con Ave. Bolםvar #65-98 Llano Largo,Barquisimeto,Lara,3508,Venezuela,1997,12,December,1997-12,77,13.0,15,0.0,Original Frankfurter grne Soe,12,2,12 boxes,6.5,32,0,15,0,Condiments,6.5,13.0,195.0,97.5,97.5,0.5,1997-12,0%
10781,WARTH,2,1997-12-17,1998-01-14,1997-12-19,3,73.16,Wartian Herkku,Torikatu 38,Oulu,,90110,Finland,1997,12,December,1997-12,54,7.45,3,0.2,Tourtiטre,25,6,16 pies,3.725,21,0,10,0,Meat/Poultry,3.725,7.45,17.880000000000003,11.175,6.705000000000002,0.37500000000000006,1997-12,10-20%
10781,WARTH,2,1997-12-17,1998-01-14,1997-12-19,3,73.16,Wartian Herkku,Torikatu 38,Oulu,,90110,Finland,1997,12,December,1997-12,56,38.0,20,0.2,Gnocchi di nonna Alice,26,5,24 - 250 g pkgs.,19.0,21,10,30,0,Grains/Cereals,19.0,38.0,608.0,380.0,228.0,0.375,1997-12,10-20%
10781,WARTH,2,1997-12-17,1998-01-14,1997-12-19,3,73.16,Wartian Herkku,Torikatu 38,Oulu,,90110,Finland,1997,12,December,1997-12,74,10.0,35,0.0,Longlife Tofu,4,7,5 kg pkg.,5.0,4,20,5,0,Produce,5.0,10.0,350.0,175.0,175.0,0.5,1997-12,0%
10782,CACTU,9,1997-12-17,1998-01-14,1997-12-22,3,1.1,Cactus Comidas para llevar,Cerrito 333,Buenos Aires,,1010,Argentina,1997,12,December,1997-12,31,12.5,1,0.0,Gorgonzola Telino,14,4,12 - 100 g pkgs,6.25,0,70,20,0,Dairy Products,6.25,12.5,12.5,6.25,6.25,0.5,1997-12,0%
10783,HANAR,4,1997-12-18,1998-01-15,1997-12-19,2,124.98,Hanari Carnes,"Rua do Paחo, 67",Rio de Janeiro,RJ,05454-876,Brazil,1997,12,December,1997-12,31,12.5,10,0.0,Gorgonzola Telino,14,4,12 - 100 g pkgs,6.25,0,70,20,0,Dairy Products,6.25,12.5,125.0,62.5,62.5,0.5,1997-12,0%
10783,HANAR,4,1997-12-18,1998-01-15,1997-12-19,2,124.98,Hanari Carnes,"Rua do Paחo, 67",Rio de Janeiro,RJ,05454-876,Brazil,1997,12,December,1997-12,38,263.5,5,0.0,Cפte de Blaye,18,1,12 - 75 cl bottles,131.75,17,0,15,0,Beverages,131.75,263.5,1317.5,658.75,658.75,0.5,1997-12,0%
10784,MAGAA,4,1997-12-18,1998-01-15,1997-12-22,3,70.09,Magazzini Alimentari Riuniti,Via Ludovico il Moro 22,Bergamo,,24100,Italy,1997,12,December,1997-12,36,19.0,30,0.0,Inlagd Sill,17,8,24 - 250 g  jars,9.5,112,0,20,0,Seafood,9.5,19.0,570.0,285.0,285.0,0.5,1997-12,0%
10784,MAGAA,4,1997-12-18,1998-01-15,1997-12-22,3,70.09,Magazzini Alimentari Riuniti,Via Ludovico il Moro 22,Bergamo,,24100,Italy,1997,12,December,1997-12,39,18.0,2,0.15,Chartreuse verte,18,1,750 cc per bottle,9.0,69,0,5,0,Beverages,9.0,18.0,30.599999999999998,18.0,12.599999999999998,0.4117647058823529,1997-12,10-20%
10784,MAGAA,4,1997-12-18,1998-01-15,1997-12-22,3,70.09,Magazzini Alimentari Riuniti,Via Ludovico il Moro 22,Bergamo,,24100,Italy,1997,12,December,1997-12,72,34.8,30,0.15,Mozzarella di Giovanni,14,4,24 - 200 g pkgs.,17.4,14,0,0,0,Dairy Products,17.4,34.8,887.4,522.0,365.4,0.4117647058823529,1997-12,10-20%
10785,GROSR,1,1997-12-18,1998-01-15,1997-12-24,3,1.51,GROSELLA-Restaurante,5× Ave. Los Palos Grandes,Caracas,DF,1081,Venezuela,1997,12,December,1997-12,10,31.0,10,0.0,Ikura,4,8,12 - 200 ml jars,15.5,31,0,0,0,Seafood,15.5,31.0,310.0,155.0,155.0,0.5,1997-12,0%
10785,GROSR,1,1997-12-18,1998-01-15,1997-12-24,3,1.51,GROSELLA-Restaurante,5× Ave. Los Palos Grandes,Caracas,DF,1081,Venezuela,1997,12,December,1997-12,75,7.75,10,0.0,Rhצnbrהu Klosterbier,12,1,24 - 0.5 l bottles,3.875,125,0,25,0,Beverages,3.875,7.75,77.5,38.75,38.75,0.5,1997-12,0%
10786,QUEEN,8,1997-12-19,1998-01-16,1997-12-23,1,110.87,Queen Cozinha,"Alameda dos Canאrios, 891",Sao Paulo,SP,05487-020,Brazil,1997,12,December,1997-12,8,40.0,30,0.2,Northwoods Cranberry Sauce,3,2,12 - 12 oz jars,20.0,6,0,0,0,Condiments,20.0,40.0,960.0,600.0,360.0,0.375,1997-12,10-20%
10786,QUEEN,8,1997-12-19,1998-01-16,1997-12-23,1,110.87,Queen Cozinha,"Alameda dos Canאrios, 891",Sao Paulo,SP,05487-020,Brazil,1997,12,December,1997-12,30,25.89,15,0.2,Nord-Ost Matjeshering,13,8,10 - 200 g glasses,12.945,10,0,15,0,Seafood,12.945,25.89,310.68000000000006,194.175,116.50500000000005,0.3750000000000001,1997-12,10-20%
10786,QUEEN,8,1997-12-19,1998-01-16,1997-12-23,1,110.87,Queen Cozinha,"Alameda dos Canאrios, 891",Sao Paulo,SP,05487-020,Brazil,1997,12,December,1997-12,75,7.75,42,0.2,Rhצnbrהu Klosterbier,12,1,24 - 0.5 l bottles,3.875,125,0,25,0,Beverages,3.875,7.75,260.40000000000003,162.75,97.65000000000003,0.37500000000000006,1997-12,10-20%
10787,LAMAI,2,1997-12-19,1998-01-02,1997-12-26,1,249.93,La maison d'Asie,1 rue Alsace-Lorraine,Toulouse,,31000,France,1997,12,December,1997-12,2,19.0,15,0.05,Chang,1,1,24 - 12 oz bottles,9.5,17,40,25,0,Beverages,9.5,19.0,270.75,142.5,128.25,0.47368421052631576,1997-12,0-5%
10787,LAMAI,2,1997-12-19,1998-01-02,1997-12-26,1,249.93,La maison d'Asie,1 rue Alsace-Lorraine,Toulouse,,31000,France,1997,12,December,1997-12,29,123.79,20,0.05,Thringer Rostbratwurst,12,6,50 bags x 30 sausgs.,61.895,0,0,0,1,Meat/Poultry,61.895,123.79,2352.01,1237.9,1114.1100000000001,0.4736842105263158,1997-12,0-5%
10788,QUICK,1,1997-12-22,1998-01-19,1998-01-19,2,42.7,QUICK-Stop,Taucherstrae 10,Cunewalde,,1307,Germany,1997,12,December,1997-12,19,9.2,50,0.05,Teatime Chocolate Biscuits,8,3,10 boxes x 12 pieces,4.6,25,0,5,0,Confections,4.6,9.2,436.99999999999994,229.99999999999997,206.99999999999997,0.47368421052631576,1997-12,0-5%
10788,QUICK,1,1997-12-22,1998-01-19,1998-01-19,2,42.7,QUICK-Stop,Taucherstrae 10,Cunewalde,,1307,Germany,1997,12,December,1997-12,75,7.75,40,0.05,Rhצnbrהu Klosterbier,12,1,24 - 0.5 l bottles,3.875,125,0,25,0,Beverages,3.875,7.75,294.5,155.0,139.5,0.47368421052631576,1997-12,0-5%
10789,FOLIG,1,1997-12-22,1998-01-19,1997-12-31,2,100.6,Folies gourmandes,"184, chaussיe de Tournai",Lille,,59000,France,1997,12,December,1997-12,18,62.5,30,0.0,Carnarvon Tigers,7,8,16 kg pkg.,31.25,42,0,0,0,Seafood,31.25,62.5,1875.0,937.5,937.5,0.5,1997-12,0%
10789,FOLIG,1,1997-12-22,1998-01-19,1997-12-31,2,100.6,Folies gourmandes,"184, chaussיe de Tournai",Lille,,59000,France,1997,12,December,1997-12,35,18.0,15,0.0,Steeleye Stout,16,1,24 - 12 oz bottles,9.0,20,0,15,0,Beverages,9.0,18.0,270.0,135.0,135.0,0.5,1997-12,0%
10789,FOLIG,1,1997-12-22,1998-01-19,1997-12-31,2,100.6,Folies gourmandes,"184, chaussיe de Tournai",Lille,,59000,France,1997,12,December,1997-12,63,43.9,30,0.0,Vegie-spread,7,2,15 - 625 g jars,21.95,24,0,5,0,Condiments,21.95,43.9,1317.0,658.5,658.5,0.5,1997-12,0%
10789,FOLIG,1,1997-12-22,1998-01-19,1997-12-31,2,100.6,Folies gourmandes,"184, chaussיe de Tournai",Lille,,59000,France,1997,12,December,1997-12,68,12.5,18,0.0,Scottish Longbreads,8,3,10 boxes x 8 pieces,6.25,6,10,15,0,Confections,6.25,12.5,225.0,112.5,112.5,0.5,1997-12,0%
10790,GOURL,6,1997-12-22,1998-01-19,1997-12-26,1,28.23,Gourmet Lanchonetes,"Av. Brasil, 442",Campinas,SP,04876-786,Brazil,1997,12,December,1997-12,7,30.0,3,0.15,Uncle Bob's Organic Dried Pears,3,7,12 - 1 lb pkgs.,15.0,15,0,10,0,Produce,15.0,30.0,76.5,45.0,31.5,0.4117647058823529,1997-12,10-20%
10790,GOURL,6,1997-12-22,1998-01-19,1997-12-26,1,28.23,Gourmet Lanchonetes,"Av. Brasil, 442",Campinas,SP,04876-786,Brazil,1997,12,December,1997-12,56,38.0,20,0.15,Gnocchi di nonna Alice,26,5,24 - 250 g pkgs.,19.0,21,10,30,0,Grains/Cereals,19.0,38.0,646.0,380.0,266.0,0.4117647058823529,1997-12,10-20%
10791,FRANK,6,1997-12-23,1998-01-20,1998-01-01,2,16.85,Frankenversand,Berliner Platz 43,Mnchen,,80805,Germany,1997,12,December,1997-12,29,123.79,14,0.05,Thringer Rostbratwurst,12,6,50 bags x 30 sausgs.,61.895,0,0,0,1,Meat/Poultry,61.895,123.79,1646.4070000000002,866.5300000000001,779.8770000000001,0.47368421052631576,1997-12,0-5%
10791,FRANK,6,1997-12-23,1998-01-20,1998-01-01,2,16.85,Frankenversand,Berliner Platz 43,Mnchen,,80805,Germany,1997,12,December,1997-12,41,9.65,20,0.05,Jack's New England Clam Chowder,19,8,12 - 12 oz cans,4.825,85,0,10,0,Seafood,4.825,9.65,183.35,96.5,86.85,0.47368421052631576,1997-12,0-5%
10792,WOLZA,1,1997-12-23,1998-01-20,1997-12-31,3,23.79,Wolski Zajazd,ul. Filtrowa 68,Warszawa,,01-012,Poland,1997,12,December,1997-12,2,19.0,10,0.0,Chang,1,1,24 - 12 oz bottles,9.5,17,40,25,0,Beverages,9.5,19.0,190.0,95.0,95.0,0.5,1997-12,0%
10792,WOLZA,1,1997-12-23,1998-01-20,1997-12-31,3,23.79,Wolski Zajazd,ul. Filtrowa 68,Warszawa,,01-012,Poland,1997,12,December,1997-12,54,7.45,3,0.0,Tourtiטre,25,6,16 pies,3.725,21,0,10,0,Meat/Poultry,3.725,7.45,22.35,11.175,11.175,0.5,1997-12,0%
10792,WOLZA,1,1997-12-23,1998-01-20,1997-12-31,3,23.79,Wolski Zajazd,ul. Filtrowa 68,Warszawa,,01-012,Poland,1997,12,December,1997-12,68,12.5,15,0.0,Scottish Longbreads,8,3,10 boxes x 8 pieces,6.25,6,10,15,0,Confections,6.25,12.5,187.5,93.75,93.75,0.5,1997-12,0%
10793,AROUT,3,1997-12-24,1998-01-21,1998-01-08,3,4.52,Around the Horn,Brook Farm Stratford St. Mary,Colchester,Essex,CO7 6JX,UK,1997,12,December,1997-12,41,9.65,14,0.0,Jack's New England Clam Chowder,19,8,12 - 12 oz cans,4.825,85,0,10,0,Seafood,4.825,9.65,135.1,67.55,67.55,0.5,1997-12,0%
10793,AROUT,3,1997-12-24,1998-01-21,1998-01-08,3,4.52,Around the Horn,Brook Farm Stratford St. Mary,Colchester,Essex,CO7 6JX,UK,1997,12,December,1997-12,52,7.0,8,0.0,Filo Mix,24,5,16 - 2 kg boxes,3.5,38,0,25,0,Grains/Cereals,3.5,7.0,56.0,28.0,28.0,0.5,1997-12,0%
10794,QUEDE,6,1997-12-24,1998-01-21,1998-01-02,1,21.49,Que Delםcia,"Rua da Panificadora, 12",Rio de Janeiro,RJ,02389-673,Brazil,1997,12,December,1997-12,14,23.25,15,0.2,Tofu,6,7,40 - 100 g pkgs.,11.625,35,0,0,0,Produce,11.625,23.25,279.0,174.375,104.625,0.375,1997-12,10-20%
10794,QUEDE,6,1997-12-24,1998-01-21,1998-01-02,1,21.49,Que Delםcia,"Rua da Panificadora, 12",Rio de Janeiro,RJ,02389-673,Brazil,1997,12,December,1997-12,54,7.45,6,0.2,Tourtiטre,25,6,16 pies,3.725,21,0,10,0,Meat/Poultry,3.725,7.45,35.760000000000005,22.35,13.410000000000004,0.37500000000000006,1997-12,10-20%
10795,ERNSH,8,1997-12-24,1998-01-21,1998-01-20,2,126.66,Ernst Handel,Kirchgasse 6,Graz,,8010,Austria,1997,12,December,1997-12,16,17.45,65,0.0,Pavlova,7,3,32 - 500 g boxes,8.725,29,0,10,0,Confections,8.725,17.45,1134.25,567.125,567.125,0.5,1997-12,0%
10795,ERNSH,8,1997-12-24,1998-01-21,1998-01-20,2,126.66,Ernst Handel,Kirchgasse 6,Graz,,8010,Austria,1997,12,December,1997-12,17,39.0,35,0.25,Alice Mutton,7,6,20 - 1 kg tins,19.5,0,0,0,1,Meat/Poultry,19.5,39.0,1023.75,682.5,341.25,0.3333333333333333,1997-12,20%+
10796,HILAA,3,1997-12-25,1998-01-22,1998-01-14,1,26.52,HILARION-Abastos,Carrera 22 con Ave. Carlos Soublette #8-35,San Cristףbal,Tבchira,5022,Venezuela,1997,12,December,1997-12,26,31.23,21,0.2,Gumbהr Gummibהrchen,11,3,100 - 250 g bags,15.615,15,0,0,0,Confections,15.615,31.23,524.6640000000001,327.915,196.74900000000008,0.37500000000000006,1997-12,10-20%
10796,HILAA,3,1997-12-25,1998-01-22,1998-01-14,1,26.52,HILARION-Abastos,Carrera 22 con Ave. Carlos Soublette #8-35,San Cristףbal,Tבchira,5022,Venezuela,1997,12,December,1997-12,44,19.45,10,0.0,Gula Malacca,20,2,20 - 2 kg bags,9.725,27,0,15,0,Condiments,9.725,19.45,194.5,97.25,97.25,0.5,1997-12,0%
10796,HILAA,3,1997-12-25,1998-01-22,1998-01-14,1,26.52,HILARION-Abastos,Carrera 22 con Ave. Carlos Soublette #8-35,San Cristףbal,Tבchira,5022,Venezuela,1997,12,December,1997-12,64,33.25,35,0.2,Wimmers gute Semmelknצdel,12,5,20 bags x 4 pieces,16.625,22,80,30,0,Grains/Cereals,16.625,33.25,931.0,581.875,349.125,0.375,1997-12,10-20%
10796,HILAA,3,1997-12-25,1998-01-22,1998-01-14,1,26.52,HILARION-Abastos,Carrera 22 con Ave. Carlos Soublette #8-35,San Cristףbal,Tבchira,5022,Venezuela,1997,12,December,1997-12,69,36.0,24,0.2,Gudbrandsdalsost,15,4,10 kg pkg.,18.0,26,0,15,0,Dairy Products,18.0,36.0,691.2,432.0,259.20000000000005,0.37500000000000006,1997-12,10-20%
10797,DRACD,7,1997-12-25,1998-01-22,1998-01-05,2,33.35,Drachenblut Delikatessen,Walserweg 21,Aachen,,52066,Germany,1997,12,December,1997-12,11,21.0,20,0.0,Queso Cabrales,5,4,1 kg pkg.,10.5,22,30,30,0,Dairy Products,10.5,21.0,420.0,210.0,210.0,0.5,1997-12,0%
10798,ISLAT,2,1997-12-26,1998-01-23,1998-01-05,1,2.33,Island Trading,Garden House Crowther Way,Cowes,Isle of Wight,PO31 7PJ,UK,1997,12,December,1997-12,62,49.3,2,0.0,Tarte au sucre,29,3,48 pies,24.65,17,0,0,0,Confections,24.65,49.3,98.6,49.3,49.3,0.5,1997-12,0%
10798,ISLAT,2,1997-12-26,1998-01-23,1998-01-05,1,2.33,Island Trading,Garden House Crowther Way,Cowes,Isle of Wight,PO31 7PJ,UK,1997,12,December,1997-12,72,34.8,10,0.0,Mozzarella di Giovanni,14,4,24 - 200 g pkgs.,17.4,14,0,0,0,Dairy Products,17.4,34.8,348.0,174.0,174.0,0.5,1997-12,0%
10799,KOENE,9,1997-12-26,1998-02-06,1998-01-05,3,30.76,Kצniglich Essen,Maubelstr. 90,Brandenburg,,14776,Germany,1997,12,December,1997-12,13,6.0,20,0.15,Konbu,6,8,2 kg box,3.0,24,0,5,0,Seafood,3.0,6.0,102.0,60.0,42.0,0.4117647058823529,1997-12,10-20%
10799,KOENE,9,1997-12-26,1998-02-06,1998-01-05,3,30.76,Kצniglich Essen,Maubelstr. 90,Brandenburg,,14776,Germany,1997,12,December,1997-12,24,4.5,20,0.15,Guaranב Fantבstica,10,1,12 - 355 ml cans,2.25,20,0,0,1,Beverages,2.25,4.5,76.5,45.0,31.5,0.4117647058823529,1997-12,10-20%
10799,KOENE,9,1997-12-26,1998-02-06,1998-01-05,3,30.76,Kצniglich Essen,Maubelstr. 90,Brandenburg,,14776,Germany,1997,12,December,1997-12,59,55.0,25,0.0,Raclette Courdavault,28,4,5 kg pkg.,27.5,79,0,0,0,Dairy Products,27.5,55.0,1375.0,687.5,687.5,0.5,1997-12,0%
10800,SEVES,1,1997-12-26,1998-01-23,1998-01-05,3,137.44,Seven Seas Imports,90 Wadhurst Rd.,London,,OX15 4NB,UK,1997,12,December,1997-12,11,21.0,50,0.1,Queso Cabrales,5,4,1 kg pkg.,10.5,22,30,30,0,Dairy Products,10.5,21.0,945.0,525.0,420.0,0.4444444444444444,1997-12,5-10%
10800,SEVES,1,1997-12-26,1998-01-23,1998-01-05,3,137.44,Seven Seas Imports,90 Wadhurst Rd.,London,,OX15 4NB,UK,1997,12,December,1997-12,51,53.0,10,0.1,Manjimup Dried Apples,24,7,50 - 300 g pkgs.,26.5,20,0,10,0,Produce,26.5,53.0,477.0,265.0,212.0,0.4444444444444444,1997-12,5-10%
10800,SEVES,1,1997-12-26,1998-01-23,1998-01-05,3,137.44,Seven Seas Imports,90 Wadhurst Rd.,London,,OX15 4NB,UK,1997,12,December,1997-12,54,7.45,7,0.1,Tourtiטre,25,6,16 pies,3.725,21,0,10,0,Meat/Poultry,3.725,7.45,46.935,26.075,20.860000000000003,0.4444444444444445,1997-12,5-10%
10801,BOLID,4,1997-12-29,1998-01-26,1997-12-31,2,97.09,Bףlido Comidas preparadas,"C/ Araquil, 67",Madrid,,28023,Spain,1997,12,December,1997-12,17,39.0,40,0.25,Alice Mutton,7,6,20 - 1 kg tins,19.5,0,0,0,1,Meat/Poultry,19.5,39.0,1170.0,780.0,390.0,0.3333333333333333,1997-12,20%+
10801,BOLID,4,1997-12-29,1998-01-26,1997-12-31,2,97.09,Bףlido Comidas preparadas,"C/ Araquil, 67",Madrid,,28023,Spain,1997,12,December,1997-12,29,123.79,20,0.25,Thringer Rostbratwurst,12,6,50 bags x 30 sausgs.,61.895,0,0,0,1,Meat/Poultry,61.895,123.79,1856.8500000000001,1237.9,618.95,0.3333333333333333,1997-12,20%+
10802,SIMOB,4,1997-12-29,1998-01-26,1998-01-02,2,257.26,Simons bistro,Vinbזltet 34,Kobenhavn,,1734,Denmark,1997,12,December,1997-12,30,25.89,25,0.25,Nord-Ost Matjeshering,13,8,10 - 200 g glasses,12.945,10,0,15,0,Seafood,12.945,25.89,485.4375,323.625,161.8125,0.3333333333333333,1997-12,20%+
10802,SIMOB,4,1997-12-29,1998-01-26,1998-01-02,2,257.26,Simons bistro,Vinbזltet 34,Kobenhavn,,1734,Denmark,1997,12,December,1997-12,51,53.0,30,0.25,Manjimup Dried Apples,24,7,50 - 300 g pkgs.,26.5,20,0,10,0,Produce,26.5,53.0,1192.5,795.0,397.5,0.3333333333333333,1997-12,20%+
10802,SIMOB,4,1997-12-29,1998-01-26,1998-01-02,2,257.26,Simons bistro,Vinbזltet 34,Kobenhavn,,1734,Denmark,1997,12,December,1997-12,55,24.0,60,0.25,Pגtי chinois,25,6,24 boxes x 2 pies,12.0,115,0,20,0,Meat/Poultry,12.0,24.0,1080.0,720.0,360.0,0.3333333333333333,1997-12,20%+
10802,SIMOB,4,1997-12-29,1998-01-26,1998-01-02,2,257.26,Simons bistro,Vinbזltet 34,Kobenhavn,,1734,Denmark,1997,12,December,1997-12,62,49.3,5,0.25,Tarte au sucre,29,3,48 pies,24.65,17,0,0,0,Confections,24.65,49.3,184.875,123.25,61.625,0.3333333333333333,1997-12,20%+
10803,WELLI,4,1997-12-30,1998-01-27,1998-01-06,1,55.23,Wellington Importadora,"Rua do Mercado, 12",Resende,SP,08737-363,Brazil,1997,12,December,1997-12,19,9.2,24,0.05,Teatime Chocolate Biscuits,8,3,10 boxes x 12 pieces,4.6,25,0,5,0,Confections,4.6,9.2,209.75999999999996,110.39999999999999,99.35999999999997,0.47368421052631576,1997-12,0-5%
10803,WELLI,4,1997-12-30,1998-01-27,1998-01-06,1,55.23,Wellington Importadora,"Rua do Mercado, 12",Resende,SP,08737-363,Brazil,1997,12,December,1997-12,25,14.0,15,0.05,NuNuCa Nu-Nougat-Creme,11,3,20 - 450 g glasses,7.0,76,0,30,0,Confections,7.0,14.0,199.5,105.0,94.5,0.47368421052631576,1997-12,0-5%
10803,WELLI,4,1997-12-30,1998-01-27,1998-01-06,1,55.23,Wellington Importadora,"Rua do Mercado, 12",Resende,SP,08737-363,Brazil,1997,12,December,1997-12,59,55.0,15,0.05,Raclette Courdavault,28,4,5 kg pkg.,27.5,79,0,0,0,Dairy Products,27.5,55.0,783.75,412.5,371.25,0.47368421052631576,1997-12,0-5%
10804,SEVES,6,1997-12-30,1998-01-27,1998-01-07,2,27.33,Seven Seas Imports,90 Wadhurst Rd.,London,,OX15 4NB,UK,1997,12,December,1997-12,10,31.0,36,0.0,Ikura,4,8,12 - 200 ml jars,15.5,31,0,0,0,Seafood,15.5,31.0,1116.0,558.0,558.0,0.5,1997-12,0%
10804,SEVES,6,1997-12-30,1998-01-27,1998-01-07,2,27.33,Seven Seas Imports,90 Wadhurst Rd.,London,,OX15 4NB,UK,1997,12,December,1997-12,28,45.6,24,0.0,Rצssle Sauerkraut,12,7,25 - 825 g cans,22.8,26,0,0,1,Produce,22.8,45.6,1094.4,547.2,547.2,0.5,1997-12,0%
10804,SEVES,6,1997-12-30,1998-01-27,1998-01-07,2,27.33,Seven Seas Imports,90 Wadhurst Rd.,London,,OX15 4NB,UK,1997,12,December,1997-12,49,20.0,4,0.15,Maxilaku,23,3,24 - 50 g pkgs.,10.0,10,60,15,0,Confections,10.0,20.0,68.0,40.0,28.0,0.4117647058823529,1997-12,10-20%
10805,THEBI,2,1997-12-30,1998-01-27,1998-01-09,3,237.34,The Big Cheese,89 Jefferson Way Suite 2,Portland,OR,97201,USA,1997,12,December,1997-12,34,14.0,10,0.0,Sasquatch Ale,16,1,24 - 12 oz bottles,7.0,111,0,15,0,Beverages,7.0,14.0,140.0,70.0,70.0,0.5,1997-12,0%
10805,THEBI,2,1997-12-30,1998-01-27,1998-01-09,3,237.34,The Big Cheese,89 Jefferson Way Suite 2,Portland,OR,97201,USA,1997,12,December,1997-12,38,263.5,10,0.0,Cפte de Blaye,18,1,12 - 75 cl bottles,131.75,17,0,15,0,Beverages,131.75,263.5,2635.0,1317.5,1317.5,0.5,1997-12,0%
10806,VICTE,3,1997-12-31,1998-01-28,1998-01-05,2,22.11,Victuailles en stock,"2, rue du Commerce",Lyon,,69004,France,1997,12,December,1997-12,2,19.0,20,0.25,Chang,1,1,24 - 12 oz bottles,9.5,17,40,25,0,Beverages,9.5,19.0,285.0,190.0,95.0,0.3333333333333333,1997-12,20%+
10806,VICTE,3,1997-12-31,1998-01-28,1998-01-05,2,22.11,Victuailles en stock,"2, rue du Commerce",Lyon,,69004,France,1997,12,December,1997-12,65,21.05,2,0.0,Louisiana Fiery Hot Pepper Sauce,2,2,32 - 8 oz bottles,10.525,76,0,0,0,Condiments,10.525,21.05,42.1,21.05,21.05,0.5,1997-12,0%
10806,VICTE,3,1997-12-31,1998-01-28,1998-01-05,2,22.11,Victuailles en stock,"2, rue du Commerce",Lyon,,69004,France,1997,12,December,1997-12,74,10.0,15,0.25,Longlife Tofu,4,7,5 kg pkg.,5.0,4,20,5,0,Produce,5.0,10.0,112.5,75.0,37.5,0.3333333333333333,1997-12,20%+
10807,FRANS,4,1997-12-31,1998-01-28,1998-01-30,1,1.36,Franchi S.p.A.,Via Monte Bianco 34,Torino,,10100,Italy,1997,12,December,1997-12,40,18.4,1,0.0,Boston Crab Meat,19,8,24 - 4 oz tins,9.2,123,0,30,0,Seafood,9.2,18.4,18.4,9.2,9.2,0.5,1997-12,0%
10808,OLDWO,2,1998-01-01,1998-01-29,1998-01-09,3,45.53,Old World Delicatessen,2743 Bering St.,Anchorage,AK,99508,USA,1998,1,January,1998-01,56,38.0,20,0.15,Gnocchi di nonna Alice,26,5,24 - 250 g pkgs.,19.0,21,10,30,0,Grains/Cereals,19.0,38.0,646.0,380.0,266.0,0.4117647058823529,1998-01,10-20%
10808,OLDWO,2,1998-01-01,1998-01-29,1998-01-09,3,45.53,Old World Delicatessen,2743 Bering St.,Anchorage,AK,99508,USA,1998,1,January,1998-01,76,18.0,50,0.15,Lakkalikצצri,23,1,500 ml,9.0,57,0,20,0,Beverages,9.0,18.0,765.0,450.0,315.0,0.4117647058823529,1998-01,10-20%
10809,WELLI,7,1998-01-01,1998-01-29,1998-01-07,1,4.87,Wellington Importadora,"Rua do Mercado, 12",Resende,SP,08737-363,Brazil,1998,1,January,1998-01,52,7.0,20,0.0,Filo Mix,24,5,16 - 2 kg boxes,3.5,38,0,25,0,Grains/Cereals,3.5,7.0,140.0,70.0,70.0,0.5,1998-01,0%
10810,LAUGB,2,1998-01-01,1998-01-29,1998-01-07,3,4.33,Laughing Bacchus Wine Cellars,2319 Elm St.,Vancouver,BC,V3F 2K1,Canada,1998,1,January,1998-01,13,6.0,7,0.0,Konbu,6,8,2 kg box,3.0,24,0,5,0,Seafood,3.0,6.0,42.0,21.0,21.0,0.5,1998-01,0%
10810,LAUGB,2,1998-01-01,1998-01-29,1998-01-07,3,4.33,Laughing Bacchus Wine Cellars,2319 Elm St.,Vancouver,BC,V3F 2K1,Canada,1998,1,January,1998-01,25,14.0,5,0.0,NuNuCa Nu-Nougat-Creme,11,3,20 - 450 g glasses,7.0,76,0,30,0,Confections,7.0,14.0,70.0,35.0,35.0,0.5,1998-01,0%
10810,LAUGB,2,1998-01-01,1998-01-29,1998-01-07,3,4.33,Laughing Bacchus Wine Cellars,2319 Elm St.,Vancouver,BC,V3F 2K1,Canada,1998,1,January,1998-01,70,15.0,5,0.0,Outback Lager,7,1,24 - 355 ml bottles,7.5,15,10,30,0,Beverages,7.5,15.0,75.0,37.5,37.5,0.5,1998-01,0%
10811,LINOD,8,1998-01-02,1998-01-30,1998-01-08,1,31.22,LINO-Delicateses,Ave. 5 de Mayo Porlamar,I. de Margarita,Nueva Esparta,4980,Venezuela,1998,1,January,1998-01,19,9.2,15,0.0,Teatime Chocolate Biscuits,8,3,10 boxes x 12 pieces,4.6,25,0,5,0,Confections,4.6,9.2,138.0,69.0,69.0,0.5,1998-01,0%
10811,LINOD,8,1998-01-02,1998-01-30,1998-01-08,1,31.22,LINO-Delicateses,Ave. 5 de Mayo Porlamar,I. de Margarita,Nueva Esparta,4980,Venezuela,1998,1,January,1998-01,23,9.0,18,0.0,Tunnbrצd,9,5,12 - 250 g pkgs.,4.5,61,0,25,0,Grains/Cereals,4.5,9.0,162.0,81.0,81.0,0.5,1998-01,0%
10811,LINOD,8,1998-01-02,1998-01-30,1998-01-08,1,31.22,LINO-Delicateses,Ave. 5 de Mayo Porlamar,I. de Margarita,Nueva Esparta,4980,Venezuela,1998,1,January,1998-01,40,18.4,30,0.0,Boston Crab Meat,19,8,24 - 4 oz tins,9.2,123,0,30,0,Seafood,9.2,18.4,552.0,276.0,276.0,0.5,1998-01,0%
10812,REGGC,5,1998-01-02,1998-01-30,1998-01-12,1,59.78,Reggiani Caseifici,Strada Provinciale 124,Reggio Emilia,,42100,Italy,1998,1,January,1998-01,31,12.5,16,0.1,Gorgonzola Telino,14,4,12 - 100 g pkgs,6.25,0,70,20,0,Dairy Products,6.25,12.5,180.0,100.0,80.0,0.4444444444444444,1998-01,5-10%
10812,REGGC,5,1998-01-02,1998-01-30,1998-01-12,1,59.78,Reggiani Caseifici,Strada Provinciale 124,Reggio Emilia,,42100,Italy,1998,1,January,1998-01,72,34.8,40,0.1,Mozzarella di Giovanni,14,4,24 - 200 g pkgs.,17.4,14,0,0,0,Dairy Products,17.4,34.8,1252.8,696.0,556.8,0.4444444444444444,1998-01,5-10%
10812,REGGC,5,1998-01-02,1998-01-30,1998-01-12,1,59.78,Reggiani Caseifici,Strada Provinciale 124,Reggio Emilia,,42100,Italy,1998,1,January,1998-01,77,13.0,20,0.0,Original Frankfurter grne Soe,12,2,12 boxes,6.5,32,0,15,0,Condiments,6.5,13.0,260.0,130.0,130.0,0.5,1998-01,0%
10813,RICAR,1,1998-01-05,1998-02-02,1998-01-09,1,47.38,Ricardo Adocicados,"Av. Copacabana, 267",Rio de Janeiro,RJ,02389-890,Brazil,1998,1,January,1998-01,2,19.0,12,0.2,Chang,1,1,24 - 12 oz bottles,9.5,17,40,25,0,Beverages,9.5,19.0,182.4,114.0,68.4,0.375,1998-01,10-20%
10813,RICAR,1,1998-01-05,1998-02-02,1998-01-09,1,47.38,Ricardo Adocicados,"Av. Copacabana, 267",Rio de Janeiro,RJ,02389-890,Brazil,1998,1,January,1998-01,46,12.0,35,0.0,Spegesild,21,8,4 - 450 g glasses,6.0,95,0,0,0,Seafood,6.0,12.0,420.0,210.0,210.0,0.5,1998-01,0%
10814,VICTE,3,1998-01-05,1998-02-02,1998-01-14,3,130.94,Victuailles en stock,"2, rue du Commerce",Lyon,,69004,France,1998,1,January,1998-01,41,9.65,20,0.0,Jack's New England Clam Chowder,19,8,12 - 12 oz cans,4.825,85,0,10,0,Seafood,4.825,9.65,193.0,96.5,96.5,0.5,1998-01,0%
10814,VICTE,3,1998-01-05,1998-02-02,1998-01-14,3,130.94,Victuailles en stock,"2, rue du Commerce",Lyon,,69004,France,1998,1,January,1998-01,43,46.0,20,0.15,Ipoh Coffee,20,1,16 - 500 g tins,23.0,17,10,25,0,Beverages,23.0,46.0,782.0,460.0,322.0,0.4117647058823529,1998-01,10-20%
10814,VICTE,3,1998-01-05,1998-02-02,1998-01-14,3,130.94,Victuailles en stock,"2, rue du Commerce",Lyon,,69004,France,1998,1,January,1998-01,48,12.75,8,0.15,Chocolade,22,3,10 pkgs.,6.375,15,70,25,0,Confections,6.375,12.75,86.7,51.0,35.7,0.411764705882353,1998-01,10-20%
10814,VICTE,3,1998-01-05,1998-02-02,1998-01-14,3,130.94,Victuailles en stock,"2, rue du Commerce",Lyon,,69004,France,1998,1,January,1998-01,61,28.5,30,0.15,Sirop d'יrable,29,2,24 - 500 ml bottles,14.25,113,0,25,0,Condiments,14.25,28.5,726.75,427.5,299.25,0.4117647058823529,1998-01,10-20%
10815,SAVEA,2,1998-01-05,1998-02-02,1998-01-14,3,14.62,Save-a-lot Markets,187 Suffolk Ln.,Boise,ID,83720,USA,1998,1,January,1998-01,33,2.5,16,0.0,Geitost,15,4,500 g,1.25,112,0,20,0,Dairy Products,1.25,2.5,40.0,20.0,20.0,0.5,1998-01,0%
10816,GREAL,4,1998-01-06,1998-02-03,1998-02-04,2,719.78,Great Lakes Food Market,2732 Baker Blvd.,Eugene,OR,97403,USA,1998,1,January,1998-01,38,263.5,30,0.05,Cפte de Blaye,18,1,12 - 75 cl bottles,131.75,17,0,15,0,Beverages,131.75,263.5,7509.75,3952.5,3557.25,0.47368421052631576,1998-01,0-5%
10816,GREAL,4,1998-01-06,1998-02-03,1998-02-04,2,719.78,Great Lakes Food Market,2732 Baker Blvd.,Eugene,OR,97403,USA,1998,1,January,1998-01,62,49.3,20,0.05,Tarte au sucre,29,3,48 pies,24.65,17,0,0,0,Confections,24.65,49.3,936.6999999999999,493.0,443.69999999999993,0.47368421052631576,1998-01,0-5%
10817,KOENE,3,1998-01-06,1998-01-20,1998-01-13,2,306.07,Kצniglich Essen,Maubelstr. 90,Brandenburg,,14776,Germany,1998,1,January,1998-01,26,31.23,40,0.15,Gumbהr Gummibהrchen,11,3,100 - 250 g bags,15.615,15,0,0,0,Confections,15.615,31.23,1061.82,624.6,437.2199999999999,0.41176470588235287,1998-01,10-20%
10817,KOENE,3,1998-01-06,1998-01-20,1998-01-13,2,306.07,Kצniglich Essen,Maubelstr. 90,Brandenburg,,14776,Germany,1998,1,January,1998-01,38,263.5,30,0.0,Cפte de Blaye,18,1,12 - 75 cl bottles,131.75,17,0,15,0,Beverages,131.75,263.5,7905.0,3952.5,3952.5,0.5,1998-01,0%
10817,KOENE,3,1998-01-06,1998-01-20,1998-01-13,2,306.07,Kצniglich Essen,Maubelstr. 90,Brandenburg,,14776,Germany,1998,1,January,1998-01,40,18.4,60,0.15,Boston Crab Meat,19,8,24 - 4 oz tins,9.2,123,0,30,0,Seafood,9.2,18.4,938.4,552.0,386.4,0.4117647058823529,1998-01,10-20%
10817,KOENE,3,1998-01-06,1998-01-20,1998-01-13,2,306.07,Kצniglich Essen,Maubelstr. 90,Brandenburg,,14776,Germany,1998,1,January,1998-01,62,49.3,25,0.15,Tarte au sucre,29,3,48 pies,24.65,17,0,0,0,Confections,24.65,49.3,1047.625,616.25,431.375,0.4117647058823529,1998-01,10-20%
10818,MAGAA,7,1998-01-07,1998-02-04,1998-01-12,3,65.48,Magazzini Alimentari Riuniti,Via Ludovico il Moro 22,Bergamo,,24100,Italy,1998,1,January,1998-01,32,32.0,20,0.0,Mascarpone Fabioli,14,4,24 - 200 g pkgs.,16.0,9,40,25,0,Dairy Products,16.0,32.0,640.0,320.0,320.0,0.5,1998-01,0%
10818,MAGAA,7,1998-01-07,1998-02-04,1998-01-12,3,65.48,Magazzini Alimentari Riuniti,Via Ludovico il Moro 22,Bergamo,,24100,Italy,1998,1,January,1998-01,41,9.65,20,0.0,Jack's New England Clam Chowder,19,8,12 - 12 oz cans,4.825,85,0,10,0,Seafood,4.825,9.65,193.0,96.5,96.5,0.5,1998-01,0%
10819,CACTU,2,1998-01-07,1998-02-04,1998-01-16,3,19.76,Cactus Comidas para llevar,Cerrito 333,Buenos Aires,,1010,Argentina,1998,1,January,1998-01,43,46.0,7,0.0,Ipoh Coffee,20,1,16 - 500 g tins,23.0,17,10,25,0,Beverages,23.0,46.0,322.0,161.0,161.0,0.5,1998-01,0%
10819,CACTU,2,1998-01-07,1998-02-04,1998-01-16,3,19.76,Cactus Comidas para llevar,Cerrito 333,Buenos Aires,,1010,Argentina,1998,1,January,1998-01,75,7.75,20,0.0,Rhצnbrהu Klosterbier,12,1,24 - 0.5 l bottles,3.875,125,0,25,0,Beverages,3.875,7.75,155.0,77.5,77.5,0.5,1998-01,0%
10820,RATTC,3,1998-01-07,1998-02-04,1998-01-13,2,37.52,Rattlesnake Canyon Grocery,2817 Milton Dr.,Albuquerque,NM,87110,USA,1998,1,January,1998-01,56,38.0,30,0.0,Gnocchi di nonna Alice,26,5,24 - 250 g pkgs.,19.0,21,10,30,0,Grains/Cereals,19.0,38.0,1140.0,570.0,570.0,0.5,1998-01,0%
10821,SPLIR,1,1998-01-08,1998-02-05,1998-01-15,1,36.68,Split Rail Beer & Ale,P.O. Box 555,Lander,WY,82520,USA,1998,1,January,1998-01,35,18.0,20,0.0,Steeleye Stout,16,1,24 - 12 oz bottles,9.0,20,0,15,0,Beverages,9.0,18.0,360.0,180.0,180.0,0.5,1998-01,0%
10821,SPLIR,1,1998-01-08,1998-02-05,1998-01-15,1,36.68,Split Rail Beer & Ale,P.O. Box 555,Lander,WY,82520,USA,1998,1,January,1998-01,51,53.0,6,0.0,Manjimup Dried Apples,24,7,50 - 300 g pkgs.,26.5,20,0,10,0,Produce,26.5,53.0,318.0,159.0,159.0,0.5,1998-01,0%
10822,TRAIH,6,1998-01-08,1998-02-05,1998-01-16,3,7.0,Trail's Head Gourmet Provisioners,722 DaVinci Blvd.,Kirkland,WA,98034,USA,1998,1,January,1998-01,62,49.3,3,0.0,Tarte au sucre,29,3,48 pies,24.65,17,0,0,0,Confections,24.65,49.3,147.89999999999998,73.94999999999999,73.94999999999999,0.5,1998-01,0%
10822,TRAIH,6,1998-01-08,1998-02-05,1998-01-16,3,7.0,Trail's Head Gourmet Provisioners,722 DaVinci Blvd.,Kirkland,WA,98034,USA,1998,1,January,1998-01,70,15.0,6,0.0,Outback Lager,7,1,24 - 355 ml bottles,7.5,15,10,30,0,Beverages,7.5,15.0,90.0,45.0,45.0,0.5,1998-01,0%
10823,LILAS,5,1998-01-09,1998-02-06,1998-01-13,2,163.97,LILA-Supermercado,Carrera 52 con Ave. Bolםvar #65-98 Llano Largo,Barquisimeto,Lara,3508,Venezuela,1998,1,January,1998-01,11,21.0,20,0.1,Queso Cabrales,5,4,1 kg pkg.,10.5,22,30,30,0,Dairy Products,10.5,21.0,378.0,210.0,168.0,0.4444444444444444,1998-01,5-10%
10823,LILAS,5,1998-01-09,1998-02-06,1998-01-13,2,163.97,LILA-Supermercado,Carrera 52 con Ave. Bolםvar #65-98 Llano Largo,Barquisimeto,Lara,3508,Venezuela,1998,1,January,1998-01,57,19.5,15,0.0,Ravioli Angelo,26,5,24 - 250 g pkgs.,9.75,36,0,20,0,Grains/Cereals,9.75,19.5,292.5,146.25,146.25,0.5,1998-01,0%
10823,LILAS,5,1998-01-09,1998-02-06,1998-01-13,2,163.97,LILA-Supermercado,Carrera 52 con Ave. Bolםvar #65-98 Llano Largo,Barquisimeto,Lara,3508,Venezuela,1998,1,January,1998-01,59,55.0,40,0.1,Raclette Courdavault,28,4,5 kg pkg.,27.5,79,0,0,0,Dairy Products,27.5,55.0,1980.0,1100.0,880.0,0.4444444444444444,1998-01,5-10%
10823,LILAS,5,1998-01-09,1998-02-06,1998-01-13,2,163.97,LILA-Supermercado,Carrera 52 con Ave. Bolםvar #65-98 Llano Largo,Barquisimeto,Lara,3508,Venezuela,1998,1,January,1998-01,77,13.0,15,0.1,Original Frankfurter grne Soe,12,2,12 boxes,6.5,32,0,15,0,Condiments,6.5,13.0,175.5,97.5,78.0,0.4444444444444444,1998-01,5-10%
10824,FOLKO,8,1998-01-09,1998-02-06,1998-01-30,1,1.23,Folk och fה HB,ֵkergatan 24,Brהcke,,S-844 67,Sweden,1998,1,January,1998-01,41,9.65,12,0.0,Jack's New England Clam Chowder,19,8,12 - 12 oz cans,4.825,85,0,10,0,Seafood,4.825,9.65,115.80000000000001,57.900000000000006,57.900000000000006,0.5,1998-01,0%
10824,FOLKO,8,1998-01-09,1998-02-06,1998-01-30,1,1.23,Folk och fה HB,ֵkergatan 24,Brהcke,,S-844 67,Sweden,1998,1,January,1998-01,70,15.0,9,0.0,Outback Lager,7,1,24 - 355 ml bottles,7.5,15,10,30,0,Beverages,7.5,15.0,135.0,67.5,67.5,0.5,1998-01,0%
10825,DRACD,1,1998-01-09,1998-02-06,1998-01-14,1,79.25,Drachenblut Delikatessen,Walserweg 21,Aachen,,52066,Germany,1998,1,January,1998-01,26,31.23,12,0.0,Gumbהr Gummibהrchen,11,3,100 - 250 g bags,15.615,15,0,0,0,Confections,15.615,31.23,374.76,187.38,187.38,0.5,1998-01,0%
10825,DRACD,1,1998-01-09,1998-02-06,1998-01-14,1,79.25,Drachenblut Delikatessen,Walserweg 21,Aachen,,52066,Germany,1998,1,January,1998-01,53,32.8,20,0.0,Perth Pasties,24,6,48 pieces,16.4,0,0,0,1,Meat/Poultry,16.4,32.8,656.0,328.0,328.0,0.5,1998-01,0%
10826,BLONP,6,1998-01-12,1998-02-09,1998-02-06,1,7.09,Blondel pטre et fils,"24, place Klיber",Strasbourg,,67000,France,1998,1,January,1998-01,31,12.5,35,0.0,Gorgonzola Telino,14,4,12 - 100 g pkgs,6.25,0,70,20,0,Dairy Products,6.25,12.5,437.5,218.75,218.75,0.5,1998-01,0%
10826,BLONP,6,1998-01-12,1998-02-09,1998-02-06,1,7.09,Blondel pטre et fils,"24, place Klיber",Strasbourg,,67000,France,1998,1,January,1998-01,57,19.5,15,0.0,Ravioli Angelo,26,5,24 - 250 g pkgs.,9.75,36,0,20,0,Grains/Cereals,9.75,19.5,292.5,146.25,146.25,0.5,1998-01,0%
10827,BONAP,1,1998-01-12,1998-01-26,1998-02-06,2,63.54,Bon app',"12, rue des Bouchers",Marseille,,13008,France,1998,1,January,1998-01,10,31.0,15,0.0,Ikura,4,8,12 - 200 ml jars,15.5,31,0,0,0,Seafood,15.5,31.0,465.0,232.5,232.5,0.5,1998-01,0%
10827,BONAP,1,1998-01-12,1998-01-26,1998-02-06,2,63.54,Bon app',"12, rue des Bouchers",Marseille,,13008,France,1998,1,January,1998-01,39,18.0,21,0.0,Chartreuse verte,18,1,750 cc per bottle,9.0,69,0,5,0,Beverages,9.0,18.0,378.0,189.0,189.0,0.5,1998-01,0%
10828,RANCH,9,1998-01-13,1998-01-27,1998-02-04,1,90.85,Rancho grande,Av. del Libertador 900,Buenos Aires,,1010,Argentina,1998,1,January,1998-01,20,81.0,5,0.0,Sir Rodney's Marmalade,8,3,30 gift boxes,40.5,40,0,0,0,Confections,40.5,81.0,405.0,202.5,202.5,0.5,1998-01,0%
10828,RANCH,9,1998-01-13,1998-01-27,1998-02-04,1,90.85,Rancho grande,Av. del Libertador 900,Buenos Aires,,1010,Argentina,1998,1,January,1998-01,38,263.5,2,0.0,Cפte de Blaye,18,1,12 - 75 cl bottles,131.75,17,0,15,0,Beverages,131.75,263.5,527.0,263.5,263.5,0.5,1998-01,0%
10829,ISLAT,9,1998-01-13,1998-02-10,1998-01-23,1,154.72,Island Trading,Garden House Crowther Way,Cowes,Isle of Wight,PO31 7PJ,UK,1998,1,January,1998-01,2,19.0,10,0.0,Chang,1,1,24 - 12 oz bottles,9.5,17,40,25,0,Beverages,9.5,19.0,190.0,95.0,95.0,0.5,1998-01,0%
10829,ISLAT,9,1998-01-13,1998-02-10,1998-01-23,1,154.72,Island Trading,Garden House Crowther Way,Cowes,Isle of Wight,PO31 7PJ,UK,1998,1,January,1998-01,8,40.0,20,0.0,Northwoods Cranberry Sauce,3,2,12 - 12 oz jars,20.0,6,0,0,0,Condiments,20.0,40.0,800.0,400.0,400.0,0.5,1998-01,0%
10829,ISLAT,9,1998-01-13,1998-02-10,1998-01-23,1,154.72,Island Trading,Garden House Crowther Way,Cowes,Isle of Wight,PO31 7PJ,UK,1998,1,January,1998-01,13,6.0,10,0.0,Konbu,6,8,2 kg box,3.0,24,0,5,0,Seafood,3.0,6.0,60.0,30.0,30.0,0.5,1998-01,0%
10829,ISLAT,9,1998-01-13,1998-02-10,1998-01-23,1,154.72,Island Trading,Garden House Crowther Way,Cowes,Isle of Wight,PO31 7PJ,UK,1998,1,January,1998-01,60,34.0,21,0.0,Camembert Pierrot,28,4,15 - 300 g rounds,17.0,19,0,0,0,Dairy Products,17.0,34.0,714.0,357.0,357.0,0.5,1998-01,0%
10830,TRADH,4,1998-01-13,1998-02-24,1998-01-21,2,81.83,Tradiחao Hipermercados,"Av. Inךs de Castro, 414",Sao Paulo,SP,05634-030,Brazil,1998,1,January,1998-01,6,25.0,6,0.0,Grandma's Boysenberry Spread,3,2,12 - 8 oz jars,12.5,120,0,25,0,Condiments,12.5,25.0,150.0,75.0,75.0,0.5,1998-01,0%
10830,TRADH,4,1998-01-13,1998-02-24,1998-01-21,2,81.83,Tradiחao Hipermercados,"Av. Inךs de Castro, 414",Sao Paulo,SP,05634-030,Brazil,1998,1,January,1998-01,39,18.0,28,0.0,Chartreuse verte,18,1,750 cc per bottle,9.0,69,0,5,0,Beverages,9.0,18.0,504.0,252.0,252.0,0.5,1998-01,0%
10830,TRADH,4,1998-01-13,1998-02-24,1998-01-21,2,81.83,Tradiחao Hipermercados,"Av. Inךs de Castro, 414",Sao Paulo,SP,05634-030,Brazil,1998,1,January,1998-01,60,34.0,30,0.0,Camembert Pierrot,28,4,15 - 300 g rounds,17.0,19,0,0,0,Dairy Products,17.0,34.0,1020.0,510.0,510.0,0.5,1998-01,0%
10830,TRADH,4,1998-01-13,1998-02-24,1998-01-21,2,81.83,Tradiחao Hipermercados,"Av. Inךs de Castro, 414",Sao Paulo,SP,05634-030,Brazil,1998,1,January,1998-01,68,12.5,24,0.0,Scottish Longbreads,8,3,10 boxes x 8 pieces,6.25,6,10,15,0,Confections,6.25,12.5,300.0,150.0,150.0,0.5,1998-01,0%
10831,SANTG,3,1998-01-14,1998-02-11,1998-01-23,2,72.19,Santי Gourmet,Erling Skakkes gate 78,Stavern,,4110,Norway,1998,1,January,1998-01,19,9.2,2,0.0,Teatime Chocolate Biscuits,8,3,10 boxes x 12 pieces,4.6,25,0,5,0,Confections,4.6,9.2,18.4,9.2,9.2,0.5,1998-01,0%
10831,SANTG,3,1998-01-14,1998-02-11,1998-01-23,2,72.19,Santי Gourmet,Erling Skakkes gate 78,Stavern,,4110,Norway,1998,1,January,1998-01,35,18.0,8,0.0,Steeleye Stout,16,1,24 - 12 oz bottles,9.0,20,0,15,0,Beverages,9.0,18.0,144.0,72.0,72.0,0.5,1998-01,0%
10831,SANTG,3,1998-01-14,1998-02-11,1998-01-23,2,72.19,Santי Gourmet,Erling Skakkes gate 78,Stavern,,4110,Norway,1998,1,January,1998-01,38,263.5,8,0.0,Cפte de Blaye,18,1,12 - 75 cl bottles,131.75,17,0,15,0,Beverages,131.75,263.5,2108.0,1054.0,1054.0,0.5,1998-01,0%
10831,SANTG,3,1998-01-14,1998-02-11,1998-01-23,2,72.19,Santי Gourmet,Erling Skakkes gate 78,Stavern,,4110,Norway,1998,1,January,1998-01,43,46.0,9,0.0,Ipoh Coffee,20,1,16 - 500 g tins,23.0,17,10,25,0,Beverages,23.0,46.0,414.0,207.0,207.0,0.5,1998-01,0%
10832,LAMAI,2,1998-01-14,1998-02-11,1998-01-19,2,43.26,La maison d'Asie,1 rue Alsace-Lorraine,Toulouse,,31000,France,1998,1,January,1998-01,13,6.0,3,0.2,Konbu,6,8,2 kg box,3.0,24,0,5,0,Seafood,3.0,6.0,14.4,9.0,5.4,0.375,1998-01,10-20%
10832,LAMAI,2,1998-01-14,1998-02-11,1998-01-19,2,43.26,La maison d'Asie,1 rue Alsace-Lorraine,Toulouse,,31000,France,1998,1,January,1998-01,25,14.0,10,0.2,NuNuCa Nu-Nougat-Creme,11,3,20 - 450 g glasses,7.0,76,0,30,0,Confections,7.0,14.0,112.0,70.0,42.0,0.375,1998-01,10-20%
10832,LAMAI,2,1998-01-14,1998-02-11,1998-01-19,2,43.26,La maison d'Asie,1 rue Alsace-Lorraine,Toulouse,,31000,France,1998,1,January,1998-01,44,19.45,16,0.2,Gula Malacca,20,2,20 - 2 kg bags,9.725,27,0,15,0,Condiments,9.725,19.45,248.96,155.6,93.36000000000001,0.37500000000000006,1998-01,10-20%
10832,LAMAI,2,1998-01-14,1998-02-11,1998-01-19,2,43.26,La maison d'Asie,1 rue Alsace-Lorraine,Toulouse,,31000,France,1998,1,January,1998-01,64,33.25,3,0.0,Wimmers gute Semmelknצdel,12,5,20 bags x 4 pieces,16.625,22,80,30,0,Grains/Cereals,16.625,33.25,99.75,49.875,49.875,0.5,1998-01,0%
10833,OTTIK,6,1998-01-15,1998-02-12,1998-01-23,2,71.49,Ottilies Kהseladen,Mehrheimerstr. 369,Kצln,,50739,Germany,1998,1,January,1998-01,7,30.0,20,0.1,Uncle Bob's Organic Dried Pears,3,7,12 - 1 lb pkgs.,15.0,15,0,10,0,Produce,15.0,30.0,540.0,300.0,240.0,0.4444444444444444,1998-01,5-10%
10833,OTTIK,6,1998-01-15,1998-02-12,1998-01-23,2,71.49,Ottilies Kהseladen,Mehrheimerstr. 369,Kצln,,50739,Germany,1998,1,January,1998-01,31,12.5,9,0.1,Gorgonzola Telino,14,4,12 - 100 g pkgs,6.25,0,70,20,0,Dairy Products,6.25,12.5,101.25,56.25,45.0,0.4444444444444444,1998-01,5-10%
10833,OTTIK,6,1998-01-15,1998-02-12,1998-01-23,2,71.49,Ottilies Kהseladen,Mehrheimerstr. 369,Kצln,,50739,Germany,1998,1,January,1998-01,53,32.8,9,0.1,Perth Pasties,24,6,48 pieces,16.4,0,0,0,1,Meat/Poultry,16.4,32.8,265.68,147.6,118.08000000000001,0.4444444444444445,1998-01,5-10%
10834,TRADH,1,1998-01-15,1998-02-12,1998-01-19,3,29.78,Tradiחao Hipermercados,"Av. Inךs de Castro, 414",Sao Paulo,SP,05634-030,Brazil,1998,1,January,1998-01,29,123.79,8,0.05,Thringer Rostbratwurst,12,6,50 bags x 30 sausgs.,61.895,0,0,0,1,Meat/Poultry,61.895,123.79,940.804,495.16,445.64399999999995,0.47368421052631576,1998-01,0-5%
10834,TRADH,1,1998-01-15,1998-02-12,1998-01-19,3,29.78,Tradiחao Hipermercados,"Av. Inךs de Castro, 414",Sao Paulo,SP,05634-030,Brazil,1998,1,January,1998-01,30,25.89,20,0.05,Nord-Ost Matjeshering,13,8,10 - 200 g glasses,12.945,10,0,15,0,Seafood,12.945,25.89,491.9099999999999,258.9,233.00999999999993,0.47368421052631576,1998-01,0-5%
10835,ALFKI,1,1998-01-15,1998-02-12,1998-01-21,3,69.53,Alfred's Futterkiste,Obere Str. 57,Berlin,,12209,Germany,1998,1,January,1998-01,59,55.0,15,0.0,Raclette Courdavault,28,4,5 kg pkg.,27.5,79,0,0,0,Dairy Products,27.5,55.0,825.0,412.5,412.5,0.5,1998-01,0%
10835,ALFKI,1,1998-01-15,1998-02-12,1998-01-21,3,69.53,Alfred's Futterkiste,Obere Str. 57,Berlin,,12209,Germany,1998,1,January,1998-01,77,13.0,2,0.2,Original Frankfurter grne Soe,12,2,12 boxes,6.5,32,0,15,0,Condiments,6.5,13.0,20.8,13.0,7.800000000000001,0.375,1998-01,10-20%
10836,ERNSH,7,1998-01-16,1998-02-13,1998-01-21,1,411.88,Ernst Handel,Kirchgasse 6,Graz,,8010,Austria,1998,1,January,1998-01,22,21.0,52,0.0,Gustaf's Knהckebrצd,9,5,24 - 500 g pkgs.,10.5,104,0,25,0,Grains/Cereals,10.5,21.0,1092.0,546.0,546.0,0.5,1998-01,0%
10836,ERNSH,7,1998-01-16,1998-02-13,1998-01-21,1,411.88,Ernst Handel,Kirchgasse 6,Graz,,8010,Austria,1998,1,January,1998-01,35,18.0,6,0.0,Steeleye Stout,16,1,24 - 12 oz bottles,9.0,20,0,15,0,Beverages,9.0,18.0,108.0,54.0,54.0,0.5,1998-01,0%
10836,ERNSH,7,1998-01-16,1998-02-13,1998-01-21,1,411.88,Ernst Handel,Kirchgasse 6,Graz,,8010,Austria,1998,1,January,1998-01,57,19.5,24,0.0,Ravioli Angelo,26,5,24 - 250 g pkgs.,9.75,36,0,20,0,Grains/Cereals,9.75,19.5,468.0,234.0,234.0,0.5,1998-01,0%
10836,ERNSH,7,1998-01-16,1998-02-13,1998-01-21,1,411.88,Ernst Handel,Kirchgasse 6,Graz,,8010,Austria,1998,1,January,1998-01,60,34.0,60,0.0,Camembert Pierrot,28,4,15 - 300 g rounds,17.0,19,0,0,0,Dairy Products,17.0,34.0,2040.0,1020.0,1020.0,0.5,1998-01,0%
10836,ERNSH,7,1998-01-16,1998-02-13,1998-01-21,1,411.88,Ernst Handel,Kirchgasse 6,Graz,,8010,Austria,1998,1,January,1998-01,64,33.25,30,0.0,Wimmers gute Semmelknצdel,12,5,20 bags x 4 pieces,16.625,22,80,30,0,Grains/Cereals,16.625,33.25,997.5,498.75,498.75,0.5,1998-01,0%
10837,BERGS,9,1998-01-16,1998-02-13,1998-01-23,3,13.32,Berglunds snabbkצp,Berguvsvהgen  8,Luleו,,S-958 22,Sweden,1998,1,January,1998-01,13,6.0,6,0.0,Konbu,6,8,2 kg box,3.0,24,0,5,0,Seafood,3.0,6.0,36.0,18.0,18.0,0.5,1998-01,0%
10837,BERGS,9,1998-01-16,1998-02-13,1998-01-23,3,13.32,Berglunds snabbkצp,Berguvsvהgen  8,Luleו,,S-958 22,Sweden,1998,1,January,1998-01,40,18.4,25,0.0,Boston Crab Meat,19,8,24 - 4 oz tins,9.2,123,0,30,0,Seafood,9.2,18.4,459.99999999999994,229.99999999999997,229.99999999999997,0.5,1998-01,0%
10837,BERGS,9,1998-01-16,1998-02-13,1998-01-23,3,13.32,Berglunds snabbkצp,Berguvsvהgen  8,Luleו,,S-958 22,Sweden,1998,1,January,1998-01,47,9.5,40,0.25,Zaanse koeken,22,3,10 - 4 oz boxes,4.75,36,0,0,0,Confections,4.75,9.5,285.0,190.0,95.0,0.3333333333333333,1998-01,20%+
10837,BERGS,9,1998-01-16,1998-02-13,1998-01-23,3,13.32,Berglunds snabbkצp,Berguvsvהgen  8,Luleו,,S-958 22,Sweden,1998,1,January,1998-01,76,18.0,21,0.25,Lakkalikצצri,23,1,500 ml,9.0,57,0,20,0,Beverages,9.0,18.0,283.5,189.0,94.5,0.3333333333333333,1998-01,20%+
10838,LINOD,3,1998-01-19,1998-02-16,1998-01-23,3,59.28,LINO-Delicateses,Ave. 5 de Mayo Porlamar,I. de Margarita,Nueva Esparta,4980,Venezuela,1998,1,January,1998-01,1,18.0,4,0.25,Chai,1,1,10 boxes x 20 bags,9.0,39,0,10,0,Beverages,9.0,18.0,54.0,36.0,18.0,0.3333333333333333,1998-01,20%+
10838,LINOD,3,1998-01-19,1998-02-16,1998-01-23,3,59.28,LINO-Delicateses,Ave. 5 de Mayo Porlamar,I. de Margarita,Nueva Esparta,4980,Venezuela,1998,1,January,1998-01,18,62.5,25,0.25,Carnarvon Tigers,7,8,16 kg pkg.,31.25,42,0,0,0,Seafood,31.25,62.5,1171.875,781.25,390.625,0.3333333333333333,1998-01,20%+
10838,LINOD,3,1998-01-19,1998-02-16,1998-01-23,3,59.28,LINO-Delicateses,Ave. 5 de Mayo Porlamar,I. de Margarita,Nueva Esparta,4980,Venezuela,1998,1,January,1998-01,36,19.0,50,0.25,Inlagd Sill,17,8,24 - 250 g  jars,9.5,112,0,20,0,Seafood,9.5,19.0,712.5,475.0,237.5,0.3333333333333333,1998-01,20%+
10839,TRADH,3,1998-01-19,1998-02-16,1998-01-22,3,35.43,Tradiחao Hipermercados,"Av. Inךs de Castro, 414",Sao Paulo,SP,05634-030,Brazil,1998,1,January,1998-01,58,13.25,30,0.1,Escargots de Bourgogne,27,8,24 pieces,6.625,62,0,20,0,Seafood,6.625,13.25,357.75,198.75,159.0,0.4444444444444444,1998-01,5-10%
10839,TRADH,3,1998-01-19,1998-02-16,1998-01-22,3,35.43,Tradiחao Hipermercados,"Av. Inךs de Castro, 414",Sao Paulo,SP,05634-030,Brazil,1998,1,January,1998-01,72,34.8,15,0.1,Mozzarella di Giovanni,14,4,24 - 200 g pkgs.,17.4,14,0,0,0,Dairy Products,17.4,34.8,469.8,261.0,208.8,0.4444444444444445,1998-01,5-10%
10840,LINOD,4,1998-01-19,1998-03-02,1998-02-16,2,2.71,LINO-Delicateses,Ave. 5 de Mayo Porlamar,I. de Margarita,Nueva Esparta,4980,Venezuela,1998,1,January,1998-01,25,14.0,6,0.2,NuNuCa Nu-Nougat-Creme,11,3,20 - 450 g glasses,7.0,76,0,30,0,Confections,7.0,14.0,67.2,42.0,25.200000000000003,0.375,1998-01,10-20%
10840,LINOD,4,1998-01-19,1998-03-02,1998-02-16,2,2.71,LINO-Delicateses,Ave. 5 de Mayo Porlamar,I. de Margarita,Nueva Esparta,4980,Venezuela,1998,1,January,1998-01,39,18.0,10,0.2,Chartreuse verte,18,1,750 cc per bottle,9.0,69,0,5,0,Beverages,9.0,18.0,144.0,90.0,54.0,0.375,1998-01,10-20%
10841,SUPRD,5,1998-01-20,1998-02-17,1998-01-29,2,424.3,Suprךmes dיlices,"Boulevard Tirou, 255",Charleroi,,B-6000,Belgium,1998,1,January,1998-01,10,31.0,16,0.0,Ikura,4,8,12 - 200 ml jars,15.5,31,0,0,0,Seafood,15.5,31.0,496.0,248.0,248.0,0.5,1998-01,0%
10841,SUPRD,5,1998-01-20,1998-02-17,1998-01-29,2,424.3,Suprךmes dיlices,"Boulevard Tirou, 255",Charleroi,,B-6000,Belgium,1998,1,January,1998-01,56,38.0,30,0.0,Gnocchi di nonna Alice,26,5,24 - 250 g pkgs.,19.0,21,10,30,0,Grains/Cereals,19.0,38.0,1140.0,570.0,570.0,0.5,1998-01,0%
10841,SUPRD,5,1998-01-20,1998-02-17,1998-01-29,2,424.3,Suprךmes dיlices,"Boulevard Tirou, 255",Charleroi,,B-6000,Belgium,1998,1,January,1998-01,59,55.0,50,0.0,Raclette Courdavault,28,4,5 kg pkg.,27.5,79,0,0,0,Dairy Products,27.5,55.0,2750.0,1375.0,1375.0,0.5,1998-01,0%
10841,SUPRD,5,1998-01-20,1998-02-17,1998-01-29,2,424.3,Suprךmes dיlices,"Boulevard Tirou, 255",Charleroi,,B-6000,Belgium,1998,1,January,1998-01,77,13.0,15,0.0,Original Frankfurter grne Soe,12,2,12 boxes,6.5,32,0,15,0,Condiments,6.5,13.0,195.0,97.5,97.5,0.5,1998-01,0%
10842,TORTU,1,1998-01-20,1998-02-17,1998-01-29,3,54.42,Tortuga Restaurante,Avda. Azteca 123,Mיxico D.F.,,5033,Mexico,1998,1,January,1998-01,11,21.0,15,0.0,Queso Cabrales,5,4,1 kg pkg.,10.5,22,30,30,0,Dairy Products,10.5,21.0,315.0,157.5,157.5,0.5,1998-01,0%
10842,TORTU,1,1998-01-20,1998-02-17,1998-01-29,3,54.42,Tortuga Restaurante,Avda. Azteca 123,Mיxico D.F.,,5033,Mexico,1998,1,January,1998-01,43,46.0,5,0.0,Ipoh Coffee,20,1,16 - 500 g tins,23.0,17,10,25,0,Beverages,23.0,46.0,230.0,115.0,115.0,0.5,1998-01,0%
10842,TORTU,1,1998-01-20,1998-02-17,1998-01-29,3,54.42,Tortuga Restaurante,Avda. Azteca 123,Mיxico D.F.,,5033,Mexico,1998,1,January,1998-01,68,12.5,20,0.0,Scottish Longbreads,8,3,10 boxes x 8 pieces,6.25,6,10,15,0,Confections,6.25,12.5,250.0,125.0,125.0,0.5,1998-01,0%
10842,TORTU,1,1998-01-20,1998-02-17,1998-01-29,3,54.42,Tortuga Restaurante,Avda. Azteca 123,Mיxico D.F.,,5033,Mexico,1998,1,January,1998-01,70,15.0,12,0.0,Outback Lager,7,1,24 - 355 ml bottles,7.5,15,10,30,0,Beverages,7.5,15.0,180.0,90.0,90.0,0.5,1998-01,0%
10843,VICTE,4,1998-01-21,1998-02-18,1998-01-26,2,9.26,Victuailles en stock,"2, rue du Commerce",Lyon,,69004,France,1998,1,January,1998-01,51,53.0,4,0.25,Manjimup Dried Apples,24,7,50 - 300 g pkgs.,26.5,20,0,10,0,Produce,26.5,53.0,159.0,106.0,53.0,0.3333333333333333,1998-01,20%+
10844,PICCO,8,1998-01-21,1998-02-18,1998-01-26,2,25.22,Piccolo und mehr,Geislweg 14,Salzburg,,5020,Austria,1998,1,January,1998-01,22,21.0,35,0.0,Gustaf's Knהckebrצd,9,5,24 - 500 g pkgs.,10.5,104,0,25,0,Grains/Cereals,10.5,21.0,735.0,367.5,367.5,0.5,1998-01,0%
10845,QUICK,8,1998-01-21,1998-02-04,1998-01-30,1,212.98,QUICK-Stop,Taucherstrae 10,Cunewalde,,1307,Germany,1998,1,January,1998-01,23,9.0,70,0.1,Tunnbrצd,9,5,12 - 250 g pkgs.,4.5,61,0,25,0,Grains/Cereals,4.5,9.0,567.0,315.0,252.0,0.4444444444444444,1998-01,5-10%
10845,QUICK,8,1998-01-21,1998-02-04,1998-01-30,1,212.98,QUICK-Stop,Taucherstrae 10,Cunewalde,,1307,Germany,1998,1,January,1998-01,35,18.0,25,0.1,Steeleye Stout,16,1,24 - 12 oz bottles,9.0,20,0,15,0,Beverages,9.0,18.0,405.0,225.0,180.0,0.4444444444444444,1998-01,5-10%
10845,QUICK,8,1998-01-21,1998-02-04,1998-01-30,1,212.98,QUICK-Stop,Taucherstrae 10,Cunewalde,,1307,Germany,1998,1,January,1998-01,42,14.0,42,0.1,Singaporean Hokkien Fried Mee,20,5,32 - 1 kg pkgs.,7.0,26,0,0,1,Grains/Cereals,7.0,14.0,529.2,294.0,235.20000000000005,0.4444444444444445,1998-01,5-10%
10845,QUICK,8,1998-01-21,1998-02-04,1998-01-30,1,212.98,QUICK-Stop,Taucherstrae 10,Cunewalde,,1307,Germany,1998,1,January,1998-01,58,13.25,60,0.1,Escargots de Bourgogne,27,8,24 pieces,6.625,62,0,20,0,Seafood,6.625,13.25,715.5,397.5,318.0,0.4444444444444444,1998-01,5-10%
10845,QUICK,8,1998-01-21,1998-02-04,1998-01-30,1,212.98,QUICK-Stop,Taucherstrae 10,Cunewalde,,1307,Germany,1998,1,January,1998-01,64,33.25,48,0.0,Wimmers gute Semmelknצdel,12,5,20 bags x 4 pieces,16.625,22,80,30,0,Grains/Cereals,16.625,33.25,1596.0,798.0,798.0,0.5,1998-01,0%
10846,SUPRD,2,1998-01-22,1998-03-05,1998-01-23,3,56.46,Suprךmes dיlices,"Boulevard Tirou, 255",Charleroi,,B-6000,Belgium,1998,1,January,1998-01,4,22.0,21,0.0,Chef Anton's Cajun Seasoning,2,2,48 - 6 oz jars,11.0,53,0,0,0,Condiments,11.0,22.0,462.0,231.0,231.0,0.5,1998-01,0%
10846,SUPRD,2,1998-01-22,1998-03-05,1998-01-23,3,56.46,Suprךmes dיlices,"Boulevard Tirou, 255",Charleroi,,B-6000,Belgium,1998,1,January,1998-01,70,15.0,30,0.0,Outback Lager,7,1,24 - 355 ml bottles,7.5,15,10,30,0,Beverages,7.5,15.0,450.0,225.0,225.0,0.5,1998-01,0%
10846,SUPRD,2,1998-01-22,1998-03-05,1998-01-23,3,56.46,Suprךmes dיlices,"Boulevard Tirou, 255",Charleroi,,B-6000,Belgium,1998,1,January,1998-01,74,10.0,20,0.0,Longlife Tofu,4,7,5 kg pkg.,5.0,4,20,5,0,Produce,5.0,10.0,200.0,100.0,100.0,0.5,1998-01,0%
10847,SAVEA,4,1998-01-22,1998-02-05,1998-02-10,3,487.57,Save-a-lot Markets,187 Suffolk Ln.,Boise,ID,83720,USA,1998,1,January,1998-01,1,18.0,80,0.2,Chai,1,1,10 boxes x 20 bags,9.0,39,0,10,0,Beverages,9.0,18.0,1152.0,720.0,432.0,0.375,1998-01,10-20%
10847,SAVEA,4,1998-01-22,1998-02-05,1998-02-10,3,487.57,Save-a-lot Markets,187 Suffolk Ln.,Boise,ID,83720,USA,1998,1,January,1998-01,19,9.2,12,0.2,Teatime Chocolate Biscuits,8,3,10 boxes x 12 pieces,4.6,25,0,5,0,Confections,4.6,9.2,88.32,55.199999999999996,33.12,0.375,1998-01,10-20%
10847,SAVEA,4,1998-01-22,1998-02-05,1998-02-10,3,487.57,Save-a-lot Markets,187 Suffolk Ln.,Boise,ID,83720,USA,1998,1,January,1998-01,37,26.0,60,0.2,Gravad lax,17,8,12 - 500 g pkgs.,13.0,11,50,25,0,Seafood,13.0,26.0,1248.0,780.0,468.0,0.375,1998-01,10-20%
10847,SAVEA,4,1998-01-22,1998-02-05,1998-02-10,3,487.57,Save-a-lot Markets,187 Suffolk Ln.,Boise,ID,83720,USA,1998,1,January,1998-01,45,9.5,36,0.2,Rogede sild,21,8,1k pkg.,4.75,5,70,15,0,Seafood,4.75,9.5,273.6,171.0,102.60000000000002,0.37500000000000006,1998-01,10-20%
10847,SAVEA,4,1998-01-22,1998-02-05,1998-02-10,3,487.57,Save-a-lot Markets,187 Suffolk Ln.,Boise,ID,83720,USA,1998,1,January,1998-01,60,34.0,45,0.2,Camembert Pierrot,28,4,15 - 300 g rounds,17.0,19,0,0,0,Dairy Products,17.0,34.0,1224.0,765.0,459.0,0.375,1998-01,10-20%
10847,SAVEA,4,1998-01-22,1998-02-05,1998-02-10,3,487.57,Save-a-lot Markets,187 Suffolk Ln.,Boise,ID,83720,USA,1998,1,January,1998-01,71,21.5,55,0.2,Flotemysost,15,4,10 - 500 g pkgs.,10.75,26,0,0,0,Dairy Products,10.75,21.5,946.0,591.25,354.75,0.375,1998-01,10-20%
10848,CONSH,7,1998-01-23,1998-02-20,1998-01-29,2,38.24,Consolidated Holdings,Berkeley Gardens 12  Brewery,London,,WX1 6LT,UK,1998,1,January,1998-01,5,21.35,30,0.0,Chef Anton's Gumbo Mix,2,2,36 boxes,10.675,0,0,0,1,Condiments,10.675,21.35,640.5,320.25,320.25,0.5,1998-01,0%
10848,CONSH,7,1998-01-23,1998-02-20,1998-01-29,2,38.24,Consolidated Holdings,Berkeley Gardens 12  Brewery,London,,WX1 6LT,UK,1998,1,January,1998-01,9,97.0,3,0.0,Mishi Kobe Niku,4,6,18 - 500 g pkgs.,48.5,29,0,0,1,Meat/Poultry,48.5,97.0,291.0,145.5,145.5,0.5,1998-01,0%
10849,KOENE,9,1998-01-23,1998-02-20,1998-01-30,2,0.56,Kצniglich Essen,Maubelstr. 90,Brandenburg,,14776,Germany,1998,1,January,1998-01,3,10.0,49,0.0,Aniseed Syrup,1,2,12 - 550 ml bottles,5.0,13,70,25,0,Condiments,5.0,10.0,490.0,245.0,245.0,0.5,1998-01,0%
10849,KOENE,9,1998-01-23,1998-02-20,1998-01-30,2,0.56,Kצniglich Essen,Maubelstr. 90,Brandenburg,,14776,Germany,1998,1,January,1998-01,26,31.23,18,0.15,Gumbהr Gummibהrchen,11,3,100 - 250 g bags,15.615,15,0,0,0,Confections,15.615,31.23,477.81899999999996,281.07,196.74899999999997,0.4117647058823529,1998-01,10-20%
10850,VICTE,1,1998-01-23,1998-03-06,1998-01-30,1,49.19,Victuailles en stock,"2, rue du Commerce",Lyon,,69004,France,1998,1,January,1998-01,25,14.0,20,0.15,NuNuCa Nu-Nougat-Creme,11,3,20 - 450 g glasses,7.0,76,0,30,0,Confections,7.0,14.0,238.0,140.0,98.0,0.4117647058823529,1998-01,10-20%
10850,VICTE,1,1998-01-23,1998-03-06,1998-01-30,1,49.19,Victuailles en stock,"2, rue du Commerce",Lyon,,69004,France,1998,1,January,1998-01,33,2.5,4,0.15,Geitost,15,4,500 g,1.25,112,0,20,0,Dairy Products,1.25,2.5,8.5,5.0,3.5,0.4117647058823529,1998-01,10-20%
10850,VICTE,1,1998-01-23,1998-03-06,1998-01-30,1,49.19,Victuailles en stock,"2, rue du Commerce",Lyon,,69004,France,1998,1,January,1998-01,70,15.0,30,0.15,Outback Lager,7,1,24 - 355 ml bottles,7.5,15,10,30,0,Beverages,7.5,15.0,382.5,225.0,157.5,0.4117647058823529,1998-01,10-20%
10851,RICAR,5,1998-01-26,1998-02-23,1998-02-02,1,160.55,Ricardo Adocicados,"Av. Copacabana, 267",Rio de Janeiro,RJ,02389-890,Brazil,1998,1,January,1998-01,2,19.0,5,0.05,Chang,1,1,24 - 12 oz bottles,9.5,17,40,25,0,Beverages,9.5,19.0,90.25,47.5,42.75,0.47368421052631576,1998-01,0-5%
10851,RICAR,5,1998-01-26,1998-02-23,1998-02-02,1,160.55,Ricardo Adocicados,"Av. Copacabana, 267",Rio de Janeiro,RJ,02389-890,Brazil,1998,1,January,1998-01,25,14.0,10,0.05,NuNuCa Nu-Nougat-Creme,11,3,20 - 450 g glasses,7.0,76,0,30,0,Confections,7.0,14.0,133.0,70.0,63.0,0.47368421052631576,1998-01,0-5%
10851,RICAR,5,1998-01-26,1998-02-23,1998-02-02,1,160.55,Ricardo Adocicados,"Av. Copacabana, 267",Rio de Janeiro,RJ,02389-890,Brazil,1998,1,January,1998-01,57,19.5,10,0.05,Ravioli Angelo,26,5,24 - 250 g pkgs.,9.75,36,0,20,0,Grains/Cereals,9.75,19.5,185.25,97.5,87.75,0.47368421052631576,1998-01,0-5%
10851,RICAR,5,1998-01-26,1998-02-23,1998-02-02,1,160.55,Ricardo Adocicados,"Av. Copacabana, 267",Rio de Janeiro,RJ,02389-890,Brazil,1998,1,January,1998-01,59,55.0,42,0.05,Raclette Courdavault,28,4,5 kg pkg.,27.5,79,0,0,0,Dairy Products,27.5,55.0,2194.5,1155.0,1039.5,0.47368421052631576,1998-01,0-5%
10852,RATTC,8,1998-01-26,1998-02-09,1998-01-30,1,174.05,Rattlesnake Canyon Grocery,2817 Milton Dr.,Albuquerque,NM,87110,USA,1998,1,January,1998-01,2,19.0,15,0.0,Chang,1,1,24 - 12 oz bottles,9.5,17,40,25,0,Beverages,9.5,19.0,285.0,142.5,142.5,0.5,1998-01,0%
10852,RATTC,8,1998-01-26,1998-02-09,1998-01-30,1,174.05,Rattlesnake Canyon Grocery,2817 Milton Dr.,Albuquerque,NM,87110,USA,1998,1,January,1998-01,17,39.0,6,0.0,Alice Mutton,7,6,20 - 1 kg tins,19.5,0,0,0,1,Meat/Poultry,19.5,39.0,234.0,117.0,117.0,0.5,1998-01,0%
10852,RATTC,8,1998-01-26,1998-02-09,1998-01-30,1,174.05,Rattlesnake Canyon Grocery,2817 Milton Dr.,Albuquerque,NM,87110,USA,1998,1,January,1998-01,62,49.3,50,0.0,Tarte au sucre,29,3,48 pies,24.65,17,0,0,0,Confections,24.65,49.3,2465.0,1232.5,1232.5,0.5,1998-01,0%
10853,BLAUS,9,1998-01-27,1998-02-24,1998-02-03,2,53.83,Blauer See Delikatessen,Forsterstr. 57,Mannheim,,68306,Germany,1998,1,January,1998-01,18,62.5,10,0.0,Carnarvon Tigers,7,8,16 kg pkg.,31.25,42,0,0,0,Seafood,31.25,62.5,625.0,312.5,312.5,0.5,1998-01,0%
10854,ERNSH,3,1998-01-27,1998-02-24,1998-02-05,2,100.22,Ernst Handel,Kirchgasse 6,Graz,,8010,Austria,1998,1,January,1998-01,10,31.0,100,0.15,Ikura,4,8,12 - 200 ml jars,15.5,31,0,0,0,Seafood,15.5,31.0,2635.0,1550.0,1085.0,0.4117647058823529,1998-01,10-20%
10854,ERNSH,3,1998-01-27,1998-02-24,1998-02-05,2,100.22,Ernst Handel,Kirchgasse 6,Graz,,8010,Austria,1998,1,January,1998-01,13,6.0,65,0.15,Konbu,6,8,2 kg box,3.0,24,0,5,0,Seafood,3.0,6.0,331.5,195.0,136.5,0.4117647058823529,1998-01,10-20%
10855,OLDWO,3,1998-01-27,1998-02-24,1998-02-04,1,170.97,Old World Delicatessen,2743 Bering St.,Anchorage,AK,99508,USA,1998,1,January,1998-01,16,17.45,50,0.0,Pavlova,7,3,32 - 500 g boxes,8.725,29,0,10,0,Confections,8.725,17.45,872.5,436.25,436.25,0.5,1998-01,0%
10855,OLDWO,3,1998-01-27,1998-02-24,1998-02-04,1,170.97,Old World Delicatessen,2743 Bering St.,Anchorage,AK,99508,USA,1998,1,January,1998-01,31,12.5,14,0.0,Gorgonzola Telino,14,4,12 - 100 g pkgs,6.25,0,70,20,0,Dairy Products,6.25,12.5,175.0,87.5,87.5,0.5,1998-01,0%
10855,OLDWO,3,1998-01-27,1998-02-24,1998-02-04,1,170.97,Old World Delicatessen,2743 Bering St.,Anchorage,AK,99508,USA,1998,1,January,1998-01,56,38.0,24,0.0,Gnocchi di nonna Alice,26,5,24 - 250 g pkgs.,19.0,21,10,30,0,Grains/Cereals,19.0,38.0,912.0,456.0,456.0,0.5,1998-01,0%
10855,OLDWO,3,1998-01-27,1998-02-24,1998-02-04,1,170.97,Old World Delicatessen,2743 Bering St.,Anchorage,AK,99508,USA,1998,1,January,1998-01,65,21.05,15,0.15,Louisiana Fiery Hot Pepper Sauce,2,2,32 - 8 oz bottles,10.525,76,0,0,0,Condiments,10.525,21.05,268.3875,157.875,110.51249999999999,0.4117647058823529,1998-01,10-20%
10856,ANTON,3,1998-01-28,1998-02-25,1998-02-10,2,58.43,Antonio Moreno Taquerםa,Mataderos  2312,Mיxico D.F.,,5023,Mexico,1998,1,January,1998-01,2,19.0,20,0.0,Chang,1,1,24 - 12 oz bottles,9.5,17,40,25,0,Beverages,9.5,19.0,380.0,190.0,190.0,0.5,1998-01,0%
10856,ANTON,3,1998-01-28,1998-02-25,1998-02-10,2,58.43,Antonio Moreno Taquerםa,Mataderos  2312,Mיxico D.F.,,5023,Mexico,1998,1,January,1998-01,42,14.0,20,0.0,Singaporean Hokkien Fried Mee,20,5,32 - 1 kg pkgs.,7.0,26,0,0,1,Grains/Cereals,7.0,14.0,280.0,140.0,140.0,0.5,1998-01,0%
10857,BERGS,8,1998-01-28,1998-02-25,1998-02-06,2,188.85,Berglunds snabbkצp,Berguvsvהgen  8,Luleו,,S-958 22,Sweden,1998,1,January,1998-01,3,10.0,30,0.0,Aniseed Syrup,1,2,12 - 550 ml bottles,5.0,13,70,25,0,Condiments,5.0,10.0,300.0,150.0,150.0,0.5,1998-01,0%
10857,BERGS,8,1998-01-28,1998-02-25,1998-02-06,2,188.85,Berglunds snabbkצp,Berguvsvהgen  8,Luleו,,S-958 22,Sweden,1998,1,January,1998-01,26,31.23,35,0.25,Gumbהr Gummibהrchen,11,3,100 - 250 g bags,15.615,15,0,0,0,Confections,15.615,31.23,819.7874999999999,546.525,273.26249999999993,0.3333333333333333,1998-01,20%+
10857,BERGS,8,1998-01-28,1998-02-25,1998-02-06,2,188.85,Berglunds snabbkצp,Berguvsvהgen  8,Luleו,,S-958 22,Sweden,1998,1,January,1998-01,29,123.79,10,0.25,Thringer Rostbratwurst,12,6,50 bags x 30 sausgs.,61.895,0,0,0,1,Meat/Poultry,61.895,123.79,928.4250000000001,618.95,309.475,0.3333333333333333,1998-01,20%+
10858,LACOR,2,1998-01-29,1998-02-26,1998-02-03,1,52.51,La corne d'abondance,"67, avenue de l'Europe",Versailles,,78000,France,1998,1,January,1998-01,7,30.0,5,0.0,Uncle Bob's Organic Dried Pears,3,7,12 - 1 lb pkgs.,15.0,15,0,10,0,Produce,15.0,30.0,150.0,75.0,75.0,0.5,1998-01,0%
10858,LACOR,2,1998-01-29,1998-02-26,1998-02-03,1,52.51,La corne d'abondance,"67, avenue de l'Europe",Versailles,,78000,France,1998,1,January,1998-01,27,43.9,10,0.0,Schoggi Schokolade,11,3,100 - 100 g pieces,21.95,49,0,30,0,Confections,21.95,43.9,439.0,219.5,219.5,0.5,1998-01,0%
10858,LACOR,2,1998-01-29,1998-02-26,1998-02-03,1,52.51,La corne d'abondance,"67, avenue de l'Europe",Versailles,,78000,France,1998,1,January,1998-01,70,15.0,4,0.0,Outback Lager,7,1,24 - 355 ml bottles,7.5,15,10,30,0,Beverages,7.5,15.0,60.0,30.0,30.0,0.5,1998-01,0%
10859,FRANK,1,1998-01-29,1998-02-26,1998-02-02,2,76.1,Frankenversand,Berliner Platz 43,Mnchen,,80805,Germany,1998,1,January,1998-01,24,4.5,40,0.25,Guaranב Fantבstica,10,1,12 - 355 ml cans,2.25,20,0,0,1,Beverages,2.25,4.5,135.0,90.0,45.0,0.3333333333333333,1998-01,20%+
10859,FRANK,1,1998-01-29,1998-02-26,1998-02-02,2,76.1,Frankenversand,Berliner Platz 43,Mnchen,,80805,Germany,1998,1,January,1998-01,54,7.45,35,0.25,Tourtiטre,25,6,16 pies,3.725,21,0,10,0,Meat/Poultry,3.725,7.45,195.5625,130.375,65.1875,0.3333333333333333,1998-01,20%+
10859,FRANK,1,1998-01-29,1998-02-26,1998-02-02,2,76.1,Frankenversand,Berliner Platz 43,Mnchen,,80805,Germany,1998,1,January,1998-01,64,33.25,30,0.25,Wimmers gute Semmelknצdel,12,5,20 bags x 4 pieces,16.625,22,80,30,0,Grains/Cereals,16.625,33.25,748.125,498.75,249.375,0.3333333333333333,1998-01,20%+
10860,FRANR,3,1998-01-29,1998-02-26,1998-02-04,3,19.26,France restauration,"54, rue Royale",Nantes,,44000,France,1998,1,January,1998-01,51,53.0,3,0.0,Manjimup Dried Apples,24,7,50 - 300 g pkgs.,26.5,20,0,10,0,Produce,26.5,53.0,159.0,79.5,79.5,0.5,1998-01,0%
10860,FRANR,3,1998-01-29,1998-02-26,1998-02-04,3,19.26,France restauration,"54, rue Royale",Nantes,,44000,France,1998,1,January,1998-01,76,18.0,20,0.0,Lakkalikצצri,23,1,500 ml,9.0,57,0,20,0,Beverages,9.0,18.0,360.0,180.0,180.0,0.5,1998-01,0%
10861,WHITC,4,1998-01-30,1998-02-27,1998-02-17,2,14.93,White Clover Markets,1029 - 12th Ave. S.,Seattle,WA,98124,USA,1998,1,January,1998-01,17,39.0,42,0.0,Alice Mutton,7,6,20 - 1 kg tins,19.5,0,0,0,1,Meat/Poultry,19.5,39.0,1638.0,819.0,819.0,0.5,1998-01,0%
10861,WHITC,4,1998-01-30,1998-02-27,1998-02-17,2,14.93,White Clover Markets,1029 - 12th Ave. S.,Seattle,WA,98124,USA,1998,1,January,1998-01,18,62.5,20,0.0,Carnarvon Tigers,7,8,16 kg pkg.,31.25,42,0,0,0,Seafood,31.25,62.5,1250.0,625.0,625.0,0.5,1998-01,0%
10861,WHITC,4,1998-01-30,1998-02-27,1998-02-17,2,14.93,White Clover Markets,1029 - 12th Ave. S.,Seattle,WA,98124,USA,1998,1,January,1998-01,21,10.0,40,0.0,Sir Rodney's Scones,8,3,24 pkgs. x 4 pieces,5.0,3,40,5,0,Confections,5.0,10.0,400.0,200.0,200.0,0.5,1998-01,0%
10861,WHITC,4,1998-01-30,1998-02-27,1998-02-17,2,14.93,White Clover Markets,1029 - 12th Ave. S.,Seattle,WA,98124,USA,1998,1,January,1998-01,33,2.5,35,0.0,Geitost,15,4,500 g,1.25,112,0,20,0,Dairy Products,1.25,2.5,87.5,43.75,43.75,0.5,1998-01,0%
10861,WHITC,4,1998-01-30,1998-02-27,1998-02-17,2,14.93,White Clover Markets,1029 - 12th Ave. S.,Seattle,WA,98124,USA,1998,1,January,1998-01,62,49.3,3,0.0,Tarte au sucre,29,3,48 pies,24.65,17,0,0,0,Confections,24.65,49.3,147.89999999999998,73.94999999999999,73.94999999999999,0.5,1998-01,0%
10862,LEHMS,8,1998-01-30,1998-03-13,1998-02-02,2,53.23,Lehmanns Marktstand,Magazinweg 7,Frankfurt a.M.,,60528,Germany,1998,1,January,1998-01,11,21.0,25,0.0,Queso Cabrales,5,4,1 kg pkg.,10.5,22,30,30,0,Dairy Products,10.5,21.0,525.0,262.5,262.5,0.5,1998-01,0%
10862,LEHMS,8,1998-01-30,1998-03-13,1998-02-02,2,53.23,Lehmanns Marktstand,Magazinweg 7,Frankfurt a.M.,,60528,Germany,1998,1,January,1998-01,52,7.0,8,0.0,Filo Mix,24,5,16 - 2 kg boxes,3.5,38,0,25,0,Grains/Cereals,3.5,7.0,56.0,28.0,28.0,0.5,1998-01,0%
10863,HILAA,4,1998-02-02,1998-03-02,1998-02-17,2,30.26,HILARION-Abastos,Carrera 22 con Ave. Carlos Soublette #8-35,San Cristףbal,Tבchira,5022,Venezuela,1998,2,February,1998-02,1,18.0,20,0.15,Chai,1,1,10 boxes x 20 bags,9.0,39,0,10,0,Beverages,9.0,18.0,306.0,180.0,126.0,0.4117647058823529,1998-02,10-20%
10863,HILAA,4,1998-02-02,1998-03-02,1998-02-17,2,30.26,HILARION-Abastos,Carrera 22 con Ave. Carlos Soublette #8-35,San Cristףbal,Tבchira,5022,Venezuela,1998,2,February,1998-02,58,13.25,12,0.15,Escargots de Bourgogne,27,8,24 pieces,6.625,62,0,20,0,Seafood,6.625,13.25,135.15,79.5,55.650000000000006,0.411764705882353,1998-02,10-20%
10864,AROUT,4,1998-02-02,1998-03-02,1998-02-09,2,3.04,Around the Horn,Brook Farm Stratford St. Mary,Colchester,Essex,CO7 6JX,UK,1998,2,February,1998-02,35,18.0,4,0.0,Steeleye Stout,16,1,24 - 12 oz bottles,9.0,20,0,15,0,Beverages,9.0,18.0,72.0,36.0,36.0,0.5,1998-02,0%
10864,AROUT,4,1998-02-02,1998-03-02,1998-02-09,2,3.04,Around the Horn,Brook Farm Stratford St. Mary,Colchester,Essex,CO7 6JX,UK,1998,2,February,1998-02,67,14.0,15,0.0,Laughing Lumberjack Lager,16,1,24 - 12 oz bottles,7.0,52,0,10,0,Beverages,7.0,14.0,210.0,105.0,105.0,0.5,1998-02,0%
10865,QUICK,2,1998-02-02,1998-02-16,1998-02-12,1,348.14,QUICK-Stop,Taucherstrae 10,Cunewalde,,1307,Germany,1998,2,February,1998-02,38,263.5,60,0.05,Cפte de Blaye,18,1,12 - 75 cl bottles,131.75,17,0,15,0,Beverages,131.75,263.5,15019.5,7905.0,7114.5,0.47368421052631576,1998-02,0-5%
10865,QUICK,2,1998-02-02,1998-02-16,1998-02-12,1,348.14,QUICK-Stop,Taucherstrae 10,Cunewalde,,1307,Germany,1998,2,February,1998-02,39,18.0,80,0.05,Chartreuse verte,18,1,750 cc per bottle,9.0,69,0,5,0,Beverages,9.0,18.0,1368.0,720.0,648.0,0.47368421052631576,1998-02,0-5%
10866,BERGS,5,1998-02-03,1998-03-03,1998-02-12,1,109.11,Berglunds snabbkצp,Berguvsvהgen  8,Luleו,,S-958 22,Sweden,1998,2,February,1998-02,2,19.0,21,0.25,Chang,1,1,24 - 12 oz bottles,9.5,17,40,25,0,Beverages,9.5,19.0,299.25,199.5,99.75,0.3333333333333333,1998-02,20%+
10866,BERGS,5,1998-02-03,1998-03-03,1998-02-12,1,109.11,Berglunds snabbkצp,Berguvsvהgen  8,Luleו,,S-958 22,Sweden,1998,2,February,1998-02,24,4.5,6,0.25,Guaranב Fantבstica,10,1,12 - 355 ml cans,2.25,20,0,0,1,Beverages,2.25,4.5,20.25,13.5,6.75,0.3333333333333333,1998-02,20%+
10866,BERGS,5,1998-02-03,1998-03-03,1998-02-12,1,109.11,Berglunds snabbkצp,Berguvsvהgen  8,Luleו,,S-958 22,Sweden,1998,2,February,1998-02,30,25.89,40,0.25,Nord-Ost Matjeshering,13,8,10 - 200 g glasses,12.945,10,0,15,0,Seafood,12.945,25.89,776.6999999999999,517.8,258.9,0.3333333333333333,1998-02,20%+
10867,LONEP,6,1998-02-03,1998-03-17,1998-02-11,1,1.93,Lonesome Pine Restaurant,89 Chiaroscuro Rd.,Portland,OR,97219,USA,1998,2,February,1998-02,53,32.8,3,0.0,Perth Pasties,24,6,48 pieces,16.4,0,0,0,1,Meat/Poultry,16.4,32.8,98.39999999999999,49.199999999999996,49.199999999999996,0.5,1998-02,0%
10868,QUEEN,7,1998-02-04,1998-03-04,1998-02-23,2,191.27,Queen Cozinha,"Alameda dos Canאrios, 891",Sao Paulo,SP,05487-020,Brazil,1998,2,February,1998-02,26,31.23,20,0.0,Gumbהr Gummibהrchen,11,3,100 - 250 g bags,15.615,15,0,0,0,Confections,15.615,31.23,624.6,312.3,312.3,0.5,1998-02,0%
10868,QUEEN,7,1998-02-04,1998-03-04,1998-02-23,2,191.27,Queen Cozinha,"Alameda dos Canאrios, 891",Sao Paulo,SP,05487-020,Brazil,1998,2,February,1998-02,35,18.0,30,0.0,Steeleye Stout,16,1,24 - 12 oz bottles,9.0,20,0,15,0,Beverages,9.0,18.0,540.0,270.0,270.0,0.5,1998-02,0%
10868,QUEEN,7,1998-02-04,1998-03-04,1998-02-23,2,191.27,Queen Cozinha,"Alameda dos Canאrios, 891",Sao Paulo,SP,05487-020,Brazil,1998,2,February,1998-02,49,20.0,42,0.1,Maxilaku,23,3,24 - 50 g pkgs.,10.0,10,60,15,0,Confections,10.0,20.0,756.0,420.0,336.0,0.4444444444444444,1998-02,5-10%
10869,SEVES,5,1998-02-04,1998-03-04,1998-02-09,1,143.28,Seven Seas Imports,90 Wadhurst Rd.,London,,OX15 4NB,UK,1998,2,February,1998-02,1,18.0,40,0.0,Chai,1,1,10 boxes x 20 bags,9.0,39,0,10,0,Beverages,9.0,18.0,720.0,360.0,360.0,0.5,1998-02,0%
10869,SEVES,5,1998-02-04,1998-03-04,1998-02-09,1,143.28,Seven Seas Imports,90 Wadhurst Rd.,London,,OX15 4NB,UK,1998,2,February,1998-02,11,21.0,10,0.0,Queso Cabrales,5,4,1 kg pkg.,10.5,22,30,30,0,Dairy Products,10.5,21.0,210.0,105.0,105.0,0.5,1998-02,0%
10869,SEVES,5,1998-02-04,1998-03-04,1998-02-09,1,143.28,Seven Seas Imports,90 Wadhurst Rd.,London,,OX15 4NB,UK,1998,2,February,1998-02,23,9.0,50,0.0,Tunnbrצd,9,5,12 - 250 g pkgs.,4.5,61,0,25,0,Grains/Cereals,4.5,9.0,450.0,225.0,225.0,0.5,1998-02,0%
10869,SEVES,5,1998-02-04,1998-03-04,1998-02-09,1,143.28,Seven Seas Imports,90 Wadhurst Rd.,London,,OX15 4NB,UK,1998,2,February,1998-02,68,12.5,20,0.0,Scottish Longbreads,8,3,10 boxes x 8 pieces,6.25,6,10,15,0,Confections,6.25,12.5,250.0,125.0,125.0,0.5,1998-02,0%
10870,WOLZA,5,1998-02-04,1998-03-04,1998-02-13,3,12.04,Wolski Zajazd,ul. Filtrowa 68,Warszawa,,01-012,Poland,1998,2,February,1998-02,35,18.0,3,0.0,Steeleye Stout,16,1,24 - 12 oz bottles,9.0,20,0,15,0,Beverages,9.0,18.0,54.0,27.0,27.0,0.5,1998-02,0%
10870,WOLZA,5,1998-02-04,1998-03-04,1998-02-13,3,12.04,Wolski Zajazd,ul. Filtrowa 68,Warszawa,,01-012,Poland,1998,2,February,1998-02,51,53.0,2,0.0,Manjimup Dried Apples,24,7,50 - 300 g pkgs.,26.5,20,0,10,0,Produce,26.5,53.0,106.0,53.0,53.0,0.5,1998-02,0%
10871,BONAP,9,1998-02-05,1998-03-05,1998-02-10,2,112.27,Bon app',"12, rue des Bouchers",Marseille,,13008,France,1998,2,February,1998-02,6,25.0,50,0.05,Grandma's Boysenberry Spread,3,2,12 - 8 oz jars,12.5,120,0,25,0,Condiments,12.5,25.0,1187.5,625.0,562.5,0.47368421052631576,1998-02,0-5%
10871,BONAP,9,1998-02-05,1998-03-05,1998-02-10,2,112.27,Bon app',"12, rue des Bouchers",Marseille,,13008,France,1998,2,February,1998-02,16,17.45,12,0.05,Pavlova,7,3,32 - 500 g boxes,8.725,29,0,10,0,Confections,8.725,17.45,198.92999999999998,104.69999999999999,94.22999999999999,0.47368421052631576,1998-02,0-5%
10871,BONAP,9,1998-02-05,1998-03-05,1998-02-10,2,112.27,Bon app',"12, rue des Bouchers",Marseille,,13008,France,1998,2,February,1998-02,17,39.0,16,0.05,Alice Mutton,7,6,20 - 1 kg tins,19.5,0,0,0,1,Meat/Poultry,19.5,39.0,592.8,312.0,280.79999999999995,0.47368421052631576,1998-02,0-5%
10872,GODOS,5,1998-02-05,1998-03-05,1998-02-09,2,175.32,Godos Cocina Tםpica,"C/ Romero, 33",Sevilla,,41101,Spain,1998,2,February,1998-02,55,24.0,10,0.05,Pגtי chinois,25,6,24 boxes x 2 pies,12.0,115,0,20,0,Meat/Poultry,12.0,24.0,228.0,120.0,108.0,0.47368421052631576,1998-02,0-5%
10872,GODOS,5,1998-02-05,1998-03-05,1998-02-09,2,175.32,Godos Cocina Tםpica,"C/ Romero, 33",Sevilla,,41101,Spain,1998,2,February,1998-02,62,49.3,20,0.05,Tarte au sucre,29,3,48 pies,24.65,17,0,0,0,Confections,24.65,49.3,936.6999999999999,493.0,443.69999999999993,0.47368421052631576,1998-02,0-5%
10872,GODOS,5,1998-02-05,1998-03-05,1998-02-09,2,175.32,Godos Cocina Tםpica,"C/ Romero, 33",Sevilla,,41101,Spain,1998,2,February,1998-02,64,33.25,15,0.05,Wimmers gute Semmelknצdel,12,5,20 bags x 4 pieces,16.625,22,80,30,0,Grains/Cereals,16.625,33.25,473.8125,249.375,224.4375,0.47368421052631576,1998-02,0-5%
10872,GODOS,5,1998-02-05,1998-03-05,1998-02-09,2,175.32,Godos Cocina Tםpica,"C/ Romero, 33",Sevilla,,41101,Spain,1998,2,February,1998-02,65,21.05,21,0.05,Louisiana Fiery Hot Pepper Sauce,2,2,32 - 8 oz bottles,10.525,76,0,0,0,Condiments,10.525,21.05,419.9475,221.025,198.92249999999999,0.47368421052631576,1998-02,0-5%
10873,WILMK,4,1998-02-06,1998-03-06,1998-02-09,1,0.82,Wilman Kala,Keskuskatu 45,Helsinki,,21240,Finland,1998,2,February,1998-02,21,10.0,20,0.0,Sir Rodney's Scones,8,3,24 pkgs. x 4 pieces,5.0,3,40,5,0,Confections,5.0,10.0,200.0,100.0,100.0,0.5,1998-02,0%
10873,WILMK,4,1998-02-06,1998-03-06,1998-02-09,1,0.82,Wilman Kala,Keskuskatu 45,Helsinki,,21240,Finland,1998,2,February,1998-02,28,45.6,3,0.0,Rצssle Sauerkraut,12,7,25 - 825 g cans,22.8,26,0,0,1,Produce,22.8,45.6,136.8,68.4,68.4,0.5,1998-02,0%
10874,GODOS,5,1998-02-06,1998-03-06,1998-02-11,2,19.58,Godos Cocina Tםpica,"C/ Romero, 33",Sevilla,,41101,Spain,1998,2,February,1998-02,10,31.0,10,0.0,Ikura,4,8,12 - 200 ml jars,15.5,31,0,0,0,Seafood,15.5,31.0,310.0,155.0,155.0,0.5,1998-02,0%
10875,BERGS,4,1998-02-06,1998-03-06,1998-03-03,2,32.37,Berglunds snabbkצp,Berguvsvהgen  8,Luleו,,S-958 22,Sweden,1998,2,February,1998-02,19,9.2,25,0.0,Teatime Chocolate Biscuits,8,3,10 boxes x 12 pieces,4.6,25,0,5,0,Confections,4.6,9.2,229.99999999999997,114.99999999999999,114.99999999999999,0.5,1998-02,0%
10875,BERGS,4,1998-02-06,1998-03-06,1998-03-03,2,32.37,Berglunds snabbkצp,Berguvsvהgen  8,Luleו,,S-958 22,Sweden,1998,2,February,1998-02,47,9.5,21,0.1,Zaanse koeken,22,3,10 - 4 oz boxes,4.75,36,0,0,0,Confections,4.75,9.5,179.55,99.75,79.80000000000001,0.4444444444444445,1998-02,5-10%
10875,BERGS,4,1998-02-06,1998-03-06,1998-03-03,2,32.37,Berglunds snabbkצp,Berguvsvהgen  8,Luleו,,S-958 22,Sweden,1998,2,February,1998-02,49,20.0,15,0.0,Maxilaku,23,3,24 - 50 g pkgs.,10.0,10,60,15,0,Confections,10.0,20.0,300.0,150.0,150.0,0.5,1998-02,0%
10876,BONAP,7,1998-02-09,1998-03-09,1998-02-12,3,60.42,Bon app',"12, rue des Bouchers",Marseille,,13008,France,1998,2,February,1998-02,46,12.0,21,0.0,Spegesild,21,8,4 - 450 g glasses,6.0,95,0,0,0,Seafood,6.0,12.0,252.0,126.0,126.0,0.5,1998-02,0%
10876,BONAP,7,1998-02-09,1998-03-09,1998-02-12,3,60.42,Bon app',"12, rue des Bouchers",Marseille,,13008,France,1998,2,February,1998-02,64,33.25,20,0.0,Wimmers gute Semmelknצdel,12,5,20 bags x 4 pieces,16.625,22,80,30,0,Grains/Cereals,16.625,33.25,665.0,332.5,332.5,0.5,1998-02,0%
10877,RICAR,1,1998-02-09,1998-03-09,1998-02-19,1,38.06,Ricardo Adocicados,"Av. Copacabana, 267",Rio de Janeiro,RJ,02389-890,Brazil,1998,2,February,1998-02,16,17.45,30,0.25,Pavlova,7,3,32 - 500 g boxes,8.725,29,0,10,0,Confections,8.725,17.45,392.625,261.75,130.875,0.3333333333333333,1998-02,20%+
10877,RICAR,1,1998-02-09,1998-03-09,1998-02-19,1,38.06,Ricardo Adocicados,"Av. Copacabana, 267",Rio de Janeiro,RJ,02389-890,Brazil,1998,2,February,1998-02,18,62.5,25,0.0,Carnarvon Tigers,7,8,16 kg pkg.,31.25,42,0,0,0,Seafood,31.25,62.5,1562.5,781.25,781.25,0.5,1998-02,0%
10878,QUICK,4,1998-02-10,1998-03-10,1998-02-12,1,46.69,QUICK-Stop,Taucherstrae 10,Cunewalde,,1307,Germany,1998,2,February,1998-02,20,81.0,20,0.05,Sir Rodney's Marmalade,8,3,30 gift boxes,40.5,40,0,0,0,Confections,40.5,81.0,1539.0,810.0,729.0,0.47368421052631576,1998-02,0-5%
10879,WILMK,3,1998-02-10,1998-03-10,1998-02-12,3,8.5,Wilman Kala,Keskuskatu 45,Helsinki,,21240,Finland,1998,2,February,1998-02,40,18.4,12,0.0,Boston Crab Meat,19,8,24 - 4 oz tins,9.2,123,0,30,0,Seafood,9.2,18.4,220.79999999999998,110.39999999999999,110.39999999999999,0.5,1998-02,0%
10879,WILMK,3,1998-02-10,1998-03-10,1998-02-12,3,8.5,Wilman Kala,Keskuskatu 45,Helsinki,,21240,Finland,1998,2,February,1998-02,65,21.05,10,0.0,Louisiana Fiery Hot Pepper Sauce,2,2,32 - 8 oz bottles,10.525,76,0,0,0,Condiments,10.525,21.05,210.5,105.25,105.25,0.5,1998-02,0%
10879,WILMK,3,1998-02-10,1998-03-10,1998-02-12,3,8.5,Wilman Kala,Keskuskatu 45,Helsinki,,21240,Finland,1998,2,February,1998-02,76,18.0,10,0.0,Lakkalikצצri,23,1,500 ml,9.0,57,0,20,0,Beverages,9.0,18.0,180.0,90.0,90.0,0.5,1998-02,0%
10880,FOLKO,7,1998-02-10,1998-03-24,1998-02-18,1,88.01,Folk och fה HB,ֵkergatan 24,Brהcke,,S-844 67,Sweden,1998,2,February,1998-02,23,9.0,30,0.2,Tunnbrצd,9,5,12 - 250 g pkgs.,4.5,61,0,25,0,Grains/Cereals,4.5,9.0,216.0,135.0,81.0,0.375,1998-02,10-20%
10880,FOLKO,7,1998-02-10,1998-03-24,1998-02-18,1,88.01,Folk och fה HB,ֵkergatan 24,Brהcke,,S-844 67,Sweden,1998,2,February,1998-02,61,28.5,30,0.2,Sirop d'יrable,29,2,24 - 500 ml bottles,14.25,113,0,25,0,Condiments,14.25,28.5,684.0,427.5,256.5,0.375,1998-02,10-20%
10880,FOLKO,7,1998-02-10,1998-03-24,1998-02-18,1,88.01,Folk och fה HB,ֵkergatan 24,Brהcke,,S-844 67,Sweden,1998,2,February,1998-02,70,15.0,50,0.2,Outback Lager,7,1,24 - 355 ml bottles,7.5,15,10,30,0,Beverages,7.5,15.0,600.0,375.0,225.0,0.375,1998-02,10-20%
10881,CACTU,4,1998-02-11,1998-03-11,1998-02-18,1,2.84,Cactus Comidas para llevar,Cerrito 333,Buenos Aires,,1010,Argentina,1998,2,February,1998-02,73,15.0,10,0.0,Rצd Kaviar,17,8,24 - 150 g jars,7.5,101,0,5,0,Seafood,7.5,15.0,150.0,75.0,75.0,0.5,1998-02,0%
10882,SAVEA,4,1998-02-11,1998-03-11,1998-02-20,3,23.1,Save-a-lot Markets,187 Suffolk Ln.,Boise,ID,83720,USA,1998,2,February,1998-02,42,14.0,25,0.0,Singaporean Hokkien Fried Mee,20,5,32 - 1 kg pkgs.,7.0,26,0,0,1,Grains/Cereals,7.0,14.0,350.0,175.0,175.0,0.5,1998-02,0%
10882,SAVEA,4,1998-02-11,1998-03-11,1998-02-20,3,23.1,Save-a-lot Markets,187 Suffolk Ln.,Boise,ID,83720,USA,1998,2,February,1998-02,49,20.0,20,0.15,Maxilaku,23,3,24 - 50 g pkgs.,10.0,10,60,15,0,Confections,10.0,20.0,340.0,200.0,140.0,0.4117647058823529,1998-02,10-20%
10882,SAVEA,4,1998-02-11,1998-03-11,1998-02-20,3,23.1,Save-a-lot Markets,187 Suffolk Ln.,Boise,ID,83720,USA,1998,2,February,1998-02,54,7.45,32,0.15,Tourtiטre,25,6,16 pies,3.725,21,0,10,0,Meat/Poultry,3.725,7.45,202.64,119.2,83.43999999999998,0.41176470588235287,1998-02,10-20%
10883,LONEP,8,1998-02-12,1998-03-12,1998-02-20,3,0.53,Lonesome Pine Restaurant,89 Chiaroscuro Rd.,Portland,OR,97219,USA,1998,2,February,1998-02,24,4.5,8,0.0,Guaranב Fantבstica,10,1,12 - 355 ml cans,2.25,20,0,0,1,Beverages,2.25,4.5,36.0,18.0,18.0,0.5,1998-02,0%
10884,LETSS,4,1998-02-12,1998-03-12,1998-02-13,2,90.97,Let's Stop N Shop,87 Polk St. Suite 5,San Francisco,CA,94117,USA,1998,2,February,1998-02,21,10.0,40,0.05,Sir Rodney's Scones,8,3,24 pkgs. x 4 pieces,5.0,3,40,5,0,Confections,5.0,10.0,380.0,200.0,180.0,0.47368421052631576,1998-02,0-5%
10884,LETSS,4,1998-02-12,1998-03-12,1998-02-13,2,90.97,Let's Stop N Shop,87 Polk St. Suite 5,San Francisco,CA,94117,USA,1998,2,February,1998-02,56,38.0,21,0.05,Gnocchi di nonna Alice,26,5,24 - 250 g pkgs.,19.0,21,10,30,0,Grains/Cereals,19.0,38.0,758.0999999999999,399.0,359.0999999999999,0.4736842105263157,1998-02,0-5%
10884,LETSS,4,1998-02-12,1998-03-12,1998-02-13,2,90.97,Let's Stop N Shop,87 Polk St. Suite 5,San Francisco,CA,94117,USA,1998,2,February,1998-02,65,21.05,12,0.05,Louisiana Fiery Hot Pepper Sauce,2,2,32 - 8 oz bottles,10.525,76,0,0,0,Condiments,10.525,21.05,239.97,126.30000000000001,113.66999999999999,0.47368421052631576,1998-02,0-5%
10885,SUPRD,6,1998-02-12,1998-03-12,1998-02-18,3,5.64,Suprךmes dיlices,"Boulevard Tirou, 255",Charleroi,,B-6000,Belgium,1998,2,February,1998-02,2,19.0,20,0.0,Chang,1,1,24 - 12 oz bottles,9.5,17,40,25,0,Beverages,9.5,19.0,380.0,190.0,190.0,0.5,1998-02,0%
10885,SUPRD,6,1998-02-12,1998-03-12,1998-02-18,3,5.64,Suprךmes dיlices,"Boulevard Tirou, 255",Charleroi,,B-6000,Belgium,1998,2,February,1998-02,24,4.5,12,0.0,Guaranב Fantבstica,10,1,12 - 355 ml cans,2.25,20,0,0,1,Beverages,2.25,4.5,54.0,27.0,27.0,0.5,1998-02,0%
10885,SUPRD,6,1998-02-12,1998-03-12,1998-02-18,3,5.64,Suprךmes dיlices,"Boulevard Tirou, 255",Charleroi,,B-6000,Belgium,1998,2,February,1998-02,70,15.0,30,0.0,Outback Lager,7,1,24 - 355 ml bottles,7.5,15,10,30,0,Beverages,7.5,15.0,450.0,225.0,225.0,0.5,1998-02,0%
10885,SUPRD,6,1998-02-12,1998-03-12,1998-02-18,3,5.64,Suprךmes dיlices,"Boulevard Tirou, 255",Charleroi,,B-6000,Belgium,1998,2,February,1998-02,77,13.0,25,0.0,Original Frankfurter grne Soe,12,2,12 boxes,6.5,32,0,15,0,Condiments,6.5,13.0,325.0,162.5,162.5,0.5,1998-02,0%
10886,HANAR,1,1998-02-13,1998-03-13,1998-03-02,1,4.99,Hanari Carnes,"Rua do Paחo, 67",Rio de Janeiro,RJ,05454-876,Brazil,1998,2,February,1998-02,10,31.0,70,0.0,Ikura,4,8,12 - 200 ml jars,15.5,31,0,0,0,Seafood,15.5,31.0,2170.0,1085.0,1085.0,0.5,1998-02,0%
10886,HANAR,1,1998-02-13,1998-03-13,1998-03-02,1,4.99,Hanari Carnes,"Rua do Paחo, 67",Rio de Janeiro,RJ,05454-876,Brazil,1998,2,February,1998-02,31,12.5,35,0.0,Gorgonzola Telino,14,4,12 - 100 g pkgs,6.25,0,70,20,0,Dairy Products,6.25,12.5,437.5,218.75,218.75,0.5,1998-02,0%
10886,HANAR,1,1998-02-13,1998-03-13,1998-03-02,1,4.99,Hanari Carnes,"Rua do Paחo, 67",Rio de Janeiro,RJ,05454-876,Brazil,1998,2,February,1998-02,77,13.0,40,0.0,Original Frankfurter grne Soe,12,2,12 boxes,6.5,32,0,15,0,Condiments,6.5,13.0,520.0,260.0,260.0,0.5,1998-02,0%
10887,GALED,8,1998-02-13,1998-03-13,1998-02-16,3,1.25,Galerםa del gastronףmo,"Rambla de Cataluסa, 23",Barcelona,,8022,Spain,1998,2,February,1998-02,25,14.0,5,0.0,NuNuCa Nu-Nougat-Creme,11,3,20 - 450 g glasses,7.0,76,0,30,0,Confections,7.0,14.0,70.0,35.0,35.0,0.5,1998-02,0%
10888,GODOS,1,1998-02-16,1998-03-16,1998-02-23,2,51.87,Godos Cocina Tםpica,"C/ Romero, 33",Sevilla,,41101,Spain,1998,2,February,1998-02,2,19.0,20,0.0,Chang,1,1,24 - 12 oz bottles,9.5,17,40,25,0,Beverages,9.5,19.0,380.0,190.0,190.0,0.5,1998-02,0%
10888,GODOS,1,1998-02-16,1998-03-16,1998-02-23,2,51.87,Godos Cocina Tםpica,"C/ Romero, 33",Sevilla,,41101,Spain,1998,2,February,1998-02,68,12.5,18,0.0,Scottish Longbreads,8,3,10 boxes x 8 pieces,6.25,6,10,15,0,Confections,6.25,12.5,225.0,112.5,112.5,0.5,1998-02,0%
10889,RATTC,9,1998-02-16,1998-03-16,1998-02-23,3,280.61,Rattlesnake Canyon Grocery,2817 Milton Dr.,Albuquerque,NM,87110,USA,1998,2,February,1998-02,11,21.0,40,0.0,Queso Cabrales,5,4,1 kg pkg.,10.5,22,30,30,0,Dairy Products,10.5,21.0,840.0,420.0,420.0,0.5,1998-02,0%
10889,RATTC,9,1998-02-16,1998-03-16,1998-02-23,3,280.61,Rattlesnake Canyon Grocery,2817 Milton Dr.,Albuquerque,NM,87110,USA,1998,2,February,1998-02,38,263.5,40,0.0,Cפte de Blaye,18,1,12 - 75 cl bottles,131.75,17,0,15,0,Beverages,131.75,263.5,10540.0,5270.0,5270.0,0.5,1998-02,0%
10890,DUMON,7,1998-02-16,1998-03-16,1998-02-18,1,32.76,Du monde entier,"67, rue des Cinquante Otages",Nantes,,44000,France,1998,2,February,1998-02,17,39.0,15,0.0,Alice Mutton,7,6,20 - 1 kg tins,19.5,0,0,0,1,Meat/Poultry,19.5,39.0,585.0,292.5,292.5,0.5,1998-02,0%
10890,DUMON,7,1998-02-16,1998-03-16,1998-02-18,1,32.76,Du monde entier,"67, rue des Cinquante Otages",Nantes,,44000,France,1998,2,February,1998-02,34,14.0,10,0.0,Sasquatch Ale,16,1,24 - 12 oz bottles,7.0,111,0,15,0,Beverages,7.0,14.0,140.0,70.0,70.0,0.5,1998-02,0%
10890,DUMON,7,1998-02-16,1998-03-16,1998-02-18,1,32.76,Du monde entier,"67, rue des Cinquante Otages",Nantes,,44000,France,1998,2,February,1998-02,41,9.65,14,0.0,Jack's New England Clam Chowder,19,8,12 - 12 oz cans,4.825,85,0,10,0,Seafood,4.825,9.65,135.1,67.55,67.55,0.5,1998-02,0%
10891,LEHMS,7,1998-02-17,1998-03-17,1998-02-19,2,20.37,Lehmanns Marktstand,Magazinweg 7,Frankfurt a.M.,,60528,Germany,1998,2,February,1998-02,30,25.89,15,0.05,Nord-Ost Matjeshering,13,8,10 - 200 g glasses,12.945,10,0,15,0,Seafood,12.945,25.89,368.9325,194.175,174.7575,0.47368421052631576,1998-02,0-5%
10892,MAISD,4,1998-02-17,1998-03-17,1998-02-19,2,120.27,Maison Dewey,Rue Joseph-Bens 532,Bruxelles,,B-1180,Belgium,1998,2,February,1998-02,59,55.0,40,0.05,Raclette Courdavault,28,4,5 kg pkg.,27.5,79,0,0,0,Dairy Products,27.5,55.0,2090.0,1100.0,990.0,0.47368421052631576,1998-02,0-5%
10893,KOENE,9,1998-02-18,1998-03-18,1998-02-20,2,77.78,Kצniglich Essen,Maubelstr. 90,Brandenburg,,14776,Germany,1998,2,February,1998-02,8,40.0,30,0.0,Northwoods Cranberry Sauce,3,2,12 - 12 oz jars,20.0,6,0,0,0,Condiments,20.0,40.0,1200.0,600.0,600.0,0.5,1998-02,0%
10893,KOENE,9,1998-02-18,1998-03-18,1998-02-20,2,77.78,Kצniglich Essen,Maubelstr. 90,Brandenburg,,14776,Germany,1998,2,February,1998-02,24,4.5,10,0.0,Guaranב Fantבstica,10,1,12 - 355 ml cans,2.25,20,0,0,1,Beverages,2.25,4.5,45.0,22.5,22.5,0.5,1998-02,0%
10893,KOENE,9,1998-02-18,1998-03-18,1998-02-20,2,77.78,Kצniglich Essen,Maubelstr. 90,Brandenburg,,14776,Germany,1998,2,February,1998-02,29,123.79,24,0.0,Thringer Rostbratwurst,12,6,50 bags x 30 sausgs.,61.895,0,0,0,1,Meat/Poultry,61.895,123.79,2970.96,1485.48,1485.48,0.5,1998-02,0%
10893,KOENE,9,1998-02-18,1998-03-18,1998-02-20,2,77.78,Kצniglich Essen,Maubelstr. 90,Brandenburg,,14776,Germany,1998,2,February,1998-02,30,25.89,35,0.0,Nord-Ost Matjeshering,13,8,10 - 200 g glasses,12.945,10,0,15,0,Seafood,12.945,25.89,906.15,453.075,453.075,0.5,1998-02,0%
10893,KOENE,9,1998-02-18,1998-03-18,1998-02-20,2,77.78,Kצniglich Essen,Maubelstr. 90,Brandenburg,,14776,Germany,1998,2,February,1998-02,36,19.0,20,0.0,Inlagd Sill,17,8,24 - 250 g  jars,9.5,112,0,20,0,Seafood,9.5,19.0,380.0,190.0,190.0,0.5,1998-02,0%
10894,SAVEA,1,1998-02-18,1998-03-18,1998-02-20,1,116.13,Save-a-lot Markets,187 Suffolk Ln.,Boise,ID,83720,USA,1998,2,February,1998-02,13,6.0,28,0.05,Konbu,6,8,2 kg box,3.0,24,0,5,0,Seafood,3.0,6.0,159.6,84.0,75.6,0.47368421052631576,1998-02,0-5%
10894,SAVEA,1,1998-02-18,1998-03-18,1998-02-20,1,116.13,Save-a-lot Markets,187 Suffolk Ln.,Boise,ID,83720,USA,1998,2,February,1998-02,69,36.0,50,0.05,Gudbrandsdalsost,15,4,10 kg pkg.,18.0,26,0,15,0,Dairy Products,18.0,36.0,1710.0,900.0,810.0,0.47368421052631576,1998-02,0-5%
10894,SAVEA,1,1998-02-18,1998-03-18,1998-02-20,1,116.13,Save-a-lot Markets,187 Suffolk Ln.,Boise,ID,83720,USA,1998,2,February,1998-02,75,7.75,120,0.05,Rhצnbrהu Klosterbier,12,1,24 - 0.5 l bottles,3.875,125,0,25,0,Beverages,3.875,7.75,883.5,465.0,418.5,0.47368421052631576,1998-02,0-5%
10895,ERNSH,3,1998-02-18,1998-03-18,1998-02-23,1,162.75,Ernst Handel,Kirchgasse 6,Graz,,8010,Austria,1998,2,February,1998-02,24,4.5,110,0.0,Guaranב Fantבstica,10,1,12 - 355 ml cans,2.25,20,0,0,1,Beverages,2.25,4.5,495.0,247.5,247.5,0.5,1998-02,0%
10895,ERNSH,3,1998-02-18,1998-03-18,1998-02-23,1,162.75,Ernst Handel,Kirchgasse 6,Graz,,8010,Austria,1998,2,February,1998-02,39,18.0,45,0.0,Chartreuse verte,18,1,750 cc per bottle,9.0,69,0,5,0,Beverages,9.0,18.0,810.0,405.0,405.0,0.5,1998-02,0%
10895,ERNSH,3,1998-02-18,1998-03-18,1998-02-23,1,162.75,Ernst Handel,Kirchgasse 6,Graz,,8010,Austria,1998,2,February,1998-02,40,18.4,91,0.0,Boston Crab Meat,19,8,24 - 4 oz tins,9.2,123,0,30,0,Seafood,9.2,18.4,1674.3999999999999,837.1999999999999,837.1999999999999,0.5,1998-02,0%
10895,ERNSH,3,1998-02-18,1998-03-18,1998-02-23,1,162.75,Ernst Handel,Kirchgasse 6,Graz,,8010,Austria,1998,2,February,1998-02,60,34.0,100,0.0,Camembert Pierrot,28,4,15 - 300 g rounds,17.0,19,0,0,0,Dairy Products,17.0,34.0,3400.0,1700.0,1700.0,0.5,1998-02,0%
10896,MAISD,7,1998-02-19,1998-03-19,1998-02-27,3,32.45,Maison Dewey,Rue Joseph-Bens 532,Bruxelles,,B-1180,Belgium,1998,2,February,1998-02,45,9.5,15,0.0,Rogede sild,21,8,1k pkg.,4.75,5,70,15,0,Seafood,4.75,9.5,142.5,71.25,71.25,0.5,1998-02,0%
10896,MAISD,7,1998-02-19,1998-03-19,1998-02-27,3,32.45,Maison Dewey,Rue Joseph-Bens 532,Bruxelles,,B-1180,Belgium,1998,2,February,1998-02,56,38.0,16,0.0,Gnocchi di nonna Alice,26,5,24 - 250 g pkgs.,19.0,21,10,30,0,Grains/Cereals,19.0,38.0,608.0,304.0,304.0,0.5,1998-02,0%
10897,HUNGO,3,1998-02-19,1998-03-19,1998-02-25,2,603.54,Hungry Owl All-Night Grocers,8 Johnstown Road,Cork,Co. Cork,,Ireland,1998,2,February,1998-02,29,123.79,80,0.0,Thringer Rostbratwurst,12,6,50 bags x 30 sausgs.,61.895,0,0,0,1,Meat/Poultry,61.895,123.79,9903.2,4951.6,4951.6,0.5,1998-02,0%
10897,HUNGO,3,1998-02-19,1998-03-19,1998-02-25,2,603.54,Hungry Owl All-Night Grocers,8 Johnstown Road,Cork,Co. Cork,,Ireland,1998,2,February,1998-02,30,25.89,36,0.0,Nord-Ost Matjeshering,13,8,10 - 200 g glasses,12.945,10,0,15,0,Seafood,12.945,25.89,932.04,466.02,466.02,0.5,1998-02,0%
10898,OCEAN,4,1998-02-20,1998-03-20,1998-03-06,2,1.27,Ocיano Atlבntico Ltda.,Ing. Gustavo Moncada 8585 Piso 20-A,Buenos Aires,,1010,Argentina,1998,2,February,1998-02,13,6.0,5,0.0,Konbu,6,8,2 kg box,3.0,24,0,5,0,Seafood,3.0,6.0,30.0,15.0,15.0,0.5,1998-02,0%
10899,LILAS,5,1998-02-20,1998-03-20,1998-02-26,3,1.21,LILA-Supermercado,Carrera 52 con Ave. Bolםvar #65-98 Llano Largo,Barquisimeto,Lara,3508,Venezuela,1998,2,February,1998-02,39,18.0,8,0.15,Chartreuse verte,18,1,750 cc per bottle,9.0,69,0,5,0,Beverages,9.0,18.0,122.39999999999999,72.0,50.39999999999999,0.4117647058823529,1998-02,10-20%
10900,WELLI,1,1998-02-20,1998-03-20,1998-03-04,2,1.66,Wellington Importadora,"Rua do Mercado, 12",Resende,SP,08737-363,Brazil,1998,2,February,1998-02,70,15.0,3,0.25,Outback Lager,7,1,24 - 355 ml bottles,7.5,15,10,30,0,Beverages,7.5,15.0,33.75,22.5,11.25,0.3333333333333333,1998-02,20%+
10901,HILAA,4,1998-02-23,1998-03-23,1998-02-26,1,62.09,HILARION-Abastos,Carrera 22 con Ave. Carlos Soublette #8-35,San Cristףbal,Tבchira,5022,Venezuela,1998,2,February,1998-02,41,9.65,30,0.0,Jack's New England Clam Chowder,19,8,12 - 12 oz cans,4.825,85,0,10,0,Seafood,4.825,9.65,289.5,144.75,144.75,0.5,1998-02,0%
10901,HILAA,4,1998-02-23,1998-03-23,1998-02-26,1,62.09,HILARION-Abastos,Carrera 22 con Ave. Carlos Soublette #8-35,San Cristףbal,Tבchira,5022,Venezuela,1998,2,February,1998-02,71,21.5,30,0.0,Flotemysost,15,4,10 - 500 g pkgs.,10.75,26,0,0,0,Dairy Products,10.75,21.5,645.0,322.5,322.5,0.5,1998-02,0%
10902,FOLKO,1,1998-02-23,1998-03-23,1998-03-03,1,44.15,Folk och fה HB,ֵkergatan 24,Brהcke,,S-844 67,Sweden,1998,2,February,1998-02,55,24.0,30,0.15,Pגtי chinois,25,6,24 boxes x 2 pies,12.0,115,0,20,0,Meat/Poultry,12.0,24.0,612.0,360.0,252.0,0.4117647058823529,1998-02,10-20%
10902,FOLKO,1,1998-02-23,1998-03-23,1998-03-03,1,44.15,Folk och fה HB,ֵkergatan 24,Brהcke,,S-844 67,Sweden,1998,2,February,1998-02,62,49.3,6,0.15,Tarte au sucre,29,3,48 pies,24.65,17,0,0,0,Confections,24.65,49.3,251.42999999999995,147.89999999999998,103.52999999999997,0.4117647058823529,1998-02,10-20%
10903,HANAR,3,1998-02-24,1998-03-24,1998-03-04,3,36.71,Hanari Carnes,"Rua do Paחo, 67",Rio de Janeiro,RJ,05454-876,Brazil,1998,2,February,1998-02,13,6.0,40,0.0,Konbu,6,8,2 kg box,3.0,24,0,5,0,Seafood,3.0,6.0,240.0,120.0,120.0,0.5,1998-02,0%
10903,HANAR,3,1998-02-24,1998-03-24,1998-03-04,3,36.71,Hanari Carnes,"Rua do Paחo, 67",Rio de Janeiro,RJ,05454-876,Brazil,1998,2,February,1998-02,65,21.05,21,0.0,Louisiana Fiery Hot Pepper Sauce,2,2,32 - 8 oz bottles,10.525,76,0,0,0,Condiments,10.525,21.05,442.05,221.025,221.025,0.5,1998-02,0%
10903,HANAR,3,1998-02-24,1998-03-24,1998-03-04,3,36.71,Hanari Carnes,"Rua do Paחo, 67",Rio de Janeiro,RJ,05454-876,Brazil,1998,2,February,1998-02,68,12.5,20,0.0,Scottish Longbreads,8,3,10 boxes x 8 pieces,6.25,6,10,15,0,Confections,6.25,12.5,250.0,125.0,125.0,0.5,1998-02,0%
10904,WHITC,3,1998-02-24,1998-03-24,1998-02-27,3,162.95,White Clover Markets,1029 - 12th Ave. S.,Seattle,WA,98124,USA,1998,2,February,1998-02,58,13.25,15,0.0,Escargots de Bourgogne,27,8,24 pieces,6.625,62,0,20,0,Seafood,6.625,13.25,198.75,99.375,99.375,0.5,1998-02,0%
10904,WHITC,3,1998-02-24,1998-03-24,1998-02-27,3,162.95,White Clover Markets,1029 - 12th Ave. S.,Seattle,WA,98124,USA,1998,2,February,1998-02,62,49.3,35,0.0,Tarte au sucre,29,3,48 pies,24.65,17,0,0,0,Confections,24.65,49.3,1725.5,862.75,862.75,0.5,1998-02,0%
10905,WELLI,9,1998-02-24,1998-03-24,1998-03-06,2,13.72,Wellington Importadora,"Rua do Mercado, 12",Resende,SP,08737-363,Brazil,1998,2,February,1998-02,1,18.0,20,0.05,Chai,1,1,10 boxes x 20 bags,9.0,39,0,10,0,Beverages,9.0,18.0,342.0,180.0,162.0,0.47368421052631576,1998-02,0-5%
10906,WOLZA,4,1998-02-25,1998-03-11,1998-03-03,3,26.29,Wolski Zajazd,ul. Filtrowa 68,Warszawa,,01-012,Poland,1998,2,February,1998-02,61,28.5,15,0.0,Sirop d'יrable,29,2,24 - 500 ml bottles,14.25,113,0,25,0,Condiments,14.25,28.5,427.5,213.75,213.75,0.5,1998-02,0%
10907,SPECD,6,1998-02-25,1998-03-25,1998-02-27,3,9.19,Spיcialitיs du monde,"25, rue Lauriston",Paris,,75016,France,1998,2,February,1998-02,75,7.75,14,0.0,Rhצnbrהu Klosterbier,12,1,24 - 0.5 l bottles,3.875,125,0,25,0,Beverages,3.875,7.75,108.5,54.25,54.25,0.5,1998-02,0%
10908,REGGC,4,1998-02-26,1998-03-26,1998-03-06,2,32.96,Reggiani Caseifici,Strada Provinciale 124,Reggio Emilia,,42100,Italy,1998,2,February,1998-02,7,30.0,20,0.05,Uncle Bob's Organic Dried Pears,3,7,12 - 1 lb pkgs.,15.0,15,0,10,0,Produce,15.0,30.0,570.0,300.0,270.0,0.47368421052631576,1998-02,0-5%
10908,REGGC,4,1998-02-26,1998-03-26,1998-03-06,2,32.96,Reggiani Caseifici,Strada Provinciale 124,Reggio Emilia,,42100,Italy,1998,2,February,1998-02,52,7.0,14,0.05,Filo Mix,24,5,16 - 2 kg boxes,3.5,38,0,25,0,Grains/Cereals,3.5,7.0,93.1,49.0,44.099999999999994,0.47368421052631576,1998-02,0-5%
10909,SANTG,1,1998-02-26,1998-03-26,1998-03-10,2,53.05,Santי Gourmet,Erling Skakkes gate 78,Stavern,,4110,Norway,1998,2,February,1998-02,7,30.0,12,0.0,Uncle Bob's Organic Dried Pears,3,7,12 - 1 lb pkgs.,15.0,15,0,10,0,Produce,15.0,30.0,360.0,180.0,180.0,0.5,1998-02,0%
10909,SANTG,1,1998-02-26,1998-03-26,1998-03-10,2,53.05,Santי Gourmet,Erling Skakkes gate 78,Stavern,,4110,Norway,1998,2,February,1998-02,16,17.45,15,0.0,Pavlova,7,3,32 - 500 g boxes,8.725,29,0,10,0,Confections,8.725,17.45,261.75,130.875,130.875,0.5,1998-02,0%
10909,SANTG,1,1998-02-26,1998-03-26,1998-03-10,2,53.05,Santי Gourmet,Erling Skakkes gate 78,Stavern,,4110,Norway,1998,2,February,1998-02,41,9.65,5,0.0,Jack's New England Clam Chowder,19,8,12 - 12 oz cans,4.825,85,0,10,0,Seafood,4.825,9.65,48.25,24.125,24.125,0.5,1998-02,0%
10910,WILMK,1,1998-02-26,1998-03-26,1998-03-04,3,38.11,Wilman Kala,Keskuskatu 45,Helsinki,,21240,Finland,1998,2,February,1998-02,19,9.2,12,0.0,Teatime Chocolate Biscuits,8,3,10 boxes x 12 pieces,4.6,25,0,5,0,Confections,4.6,9.2,110.39999999999999,55.199999999999996,55.199999999999996,0.5,1998-02,0%
10910,WILMK,1,1998-02-26,1998-03-26,1998-03-04,3,38.11,Wilman Kala,Keskuskatu 45,Helsinki,,21240,Finland,1998,2,February,1998-02,49,20.0,10,0.0,Maxilaku,23,3,24 - 50 g pkgs.,10.0,10,60,15,0,Confections,10.0,20.0,200.0,100.0,100.0,0.5,1998-02,0%
10910,WILMK,1,1998-02-26,1998-03-26,1998-03-04,3,38.11,Wilman Kala,Keskuskatu 45,Helsinki,,21240,Finland,1998,2,February,1998-02,61,28.5,5,0.0,Sirop d'יrable,29,2,24 - 500 ml bottles,14.25,113,0,25,0,Condiments,14.25,28.5,142.5,71.25,71.25,0.5,1998-02,0%
10911,GODOS,3,1998-02-26,1998-03-26,1998-03-05,1,38.19,Godos Cocina Tםpica,"C/ Romero, 33",Sevilla,,41101,Spain,1998,2,February,1998-02,1,18.0,10,0.0,Chai,1,1,10 boxes x 20 bags,9.0,39,0,10,0,Beverages,9.0,18.0,180.0,90.0,90.0,0.5,1998-02,0%
10911,GODOS,3,1998-02-26,1998-03-26,1998-03-05,1,38.19,Godos Cocina Tםpica,"C/ Romero, 33",Sevilla,,41101,Spain,1998,2,February,1998-02,17,39.0,12,0.0,Alice Mutton,7,6,20 - 1 kg tins,19.5,0,0,0,1,Meat/Poultry,19.5,39.0,468.0,234.0,234.0,0.5,1998-02,0%
10911,GODOS,3,1998-02-26,1998-03-26,1998-03-05,1,38.19,Godos Cocina Tםpica,"C/ Romero, 33",Sevilla,,41101,Spain,1998,2,February,1998-02,67,14.0,15,0.0,Laughing Lumberjack Lager,16,1,24 - 12 oz bottles,7.0,52,0,10,0,Beverages,7.0,14.0,210.0,105.0,105.0,0.5,1998-02,0%
10912,HUNGO,2,1998-02-26,1998-03-26,1998-03-18,2,580.91,Hungry Owl All-Night Grocers,8 Johnstown Road,Cork,Co. Cork,,Ireland,1998,2,February,1998-02,11,21.0,40,0.25,Queso Cabrales,5,4,1 kg pkg.,10.5,22,30,30,0,Dairy Products,10.5,21.0,630.0,420.0,210.0,0.3333333333333333,1998-02,20%+
10912,HUNGO,2,1998-02-26,1998-03-26,1998-03-18,2,580.91,Hungry Owl All-Night Grocers,8 Johnstown Road,Cork,Co. Cork,,Ireland,1998,2,February,1998-02,29,123.79,60,0.25,Thringer Rostbratwurst,12,6,50 bags x 30 sausgs.,61.895,0,0,0,1,Meat/Poultry,61.895,123.79,5570.55,3713.7000000000003,1856.85,0.3333333333333333,1998-02,20%+
10913,QUEEN,4,1998-02-26,1998-03-26,1998-03-04,1,33.05,Queen Cozinha,"Alameda dos Canאrios, 891",Sao Paulo,SP,05487-020,Brazil,1998,2,February,1998-02,4,22.0,30,0.25,Chef Anton's Cajun Seasoning,2,2,48 - 6 oz jars,11.0,53,0,0,0,Condiments,11.0,22.0,495.0,330.0,165.0,0.3333333333333333,1998-02,20%+
10913,QUEEN,4,1998-02-26,1998-03-26,1998-03-04,1,33.05,Queen Cozinha,"Alameda dos Canאrios, 891",Sao Paulo,SP,05487-020,Brazil,1998,2,February,1998-02,33,2.5,40,0.25,Geitost,15,4,500 g,1.25,112,0,20,0,Dairy Products,1.25,2.5,75.0,50.0,25.0,0.3333333333333333,1998-02,20%+
10913,QUEEN,4,1998-02-26,1998-03-26,1998-03-04,1,33.05,Queen Cozinha,"Alameda dos Canאrios, 891",Sao Paulo,SP,05487-020,Brazil,1998,2,February,1998-02,58,13.25,15,0.0,Escargots de Bourgogne,27,8,24 pieces,6.625,62,0,20,0,Seafood,6.625,13.25,198.75,99.375,99.375,0.5,1998-02,0%
10914,QUEEN,6,1998-02-27,1998-03-27,1998-03-02,1,21.19,Queen Cozinha,"Alameda dos Canאrios, 891",Sao Paulo,SP,05487-020,Brazil,1998,2,February,1998-02,71,21.5,25,0.0,Flotemysost,15,4,10 - 500 g pkgs.,10.75,26,0,0,0,Dairy Products,10.75,21.5,537.5,268.75,268.75,0.5,1998-02,0%
10915,TORTU,2,1998-02-27,1998-03-27,1998-03-02,2,3.51,Tortuga Restaurante,Avda. Azteca 123,Mיxico D.F.,,5033,Mexico,1998,2,February,1998-02,17,39.0,10,0.0,Alice Mutton,7,6,20 - 1 kg tins,19.5,0,0,0,1,Meat/Poultry,19.5,39.0,390.0,195.0,195.0,0.5,1998-02,0%
10915,TORTU,2,1998-02-27,1998-03-27,1998-03-02,2,3.51,Tortuga Restaurante,Avda. Azteca 123,Mיxico D.F.,,5033,Mexico,1998,2,February,1998-02,33,2.5,30,0.0,Geitost,15,4,500 g,1.25,112,0,20,0,Dairy Products,1.25,2.5,75.0,37.5,37.5,0.5,1998-02,0%
10915,TORTU,2,1998-02-27,1998-03-27,1998-03-02,2,3.51,Tortuga Restaurante,Avda. Azteca 123,Mיxico D.F.,,5033,Mexico,1998,2,February,1998-02,54,7.45,10,0.0,Tourtiטre,25,6,16 pies,3.725,21,0,10,0,Meat/Poultry,3.725,7.45,74.5,37.25,37.25,0.5,1998-02,0%
10916,RANCH,1,1998-02-27,1998-03-27,1998-03-09,2,63.77,Rancho grande,Av. del Libertador 900,Buenos Aires,,1010,Argentina,1998,2,February,1998-02,16,17.45,6,0.0,Pavlova,7,3,32 - 500 g boxes,8.725,29,0,10,0,Confections,8.725,17.45,104.69999999999999,52.349999999999994,52.349999999999994,0.5,1998-02,0%
10916,RANCH,1,1998-02-27,1998-03-27,1998-03-09,2,63.77,Rancho grande,Av. del Libertador 900,Buenos Aires,,1010,Argentina,1998,2,February,1998-02,32,32.0,6,0.0,Mascarpone Fabioli,14,4,24 - 200 g pkgs.,16.0,9,40,25,0,Dairy Products,16.0,32.0,192.0,96.0,96.0,0.5,1998-02,0%
10916,RANCH,1,1998-02-27,1998-03-27,1998-03-09,2,63.77,Rancho grande,Av. del Libertador 900,Buenos Aires,,1010,Argentina,1998,2,February,1998-02,57,19.5,20,0.0,Ravioli Angelo,26,5,24 - 250 g pkgs.,9.75,36,0,20,0,Grains/Cereals,9.75,19.5,390.0,195.0,195.0,0.5,1998-02,0%
10917,ROMEY,4,1998-03-02,1998-03-30,1998-03-11,2,8.29,Romero y tomillo,"Gran Vםa, 1",Madrid,,28001,Spain,1998,3,March,1998-03,30,25.89,1,0.0,Nord-Ost Matjeshering,13,8,10 - 200 g glasses,12.945,10,0,15,0,Seafood,12.945,25.89,25.89,12.945,12.945,0.5,1998-03,0%
10917,ROMEY,4,1998-03-02,1998-03-30,1998-03-11,2,8.29,Romero y tomillo,"Gran Vםa, 1",Madrid,,28001,Spain,1998,3,March,1998-03,60,34.0,10,0.0,Camembert Pierrot,28,4,15 - 300 g rounds,17.0,19,0,0,0,Dairy Products,17.0,34.0,340.0,170.0,170.0,0.5,1998-03,0%
10918,BOTTM,3,1998-03-02,1998-03-30,1998-03-11,3,48.83,Bottom-Dollar Markets,23 Tsawassen Blvd.,Tsawassen,BC,T2F 8M4,Canada,1998,3,March,1998-03,1,18.0,60,0.25,Chai,1,1,10 boxes x 20 bags,9.0,39,0,10,0,Beverages,9.0,18.0,810.0,540.0,270.0,0.3333333333333333,1998-03,20%+
10918,BOTTM,3,1998-03-02,1998-03-30,1998-03-11,3,48.83,Bottom-Dollar Markets,23 Tsawassen Blvd.,Tsawassen,BC,T2F 8M4,Canada,1998,3,March,1998-03,60,34.0,25,0.25,Camembert Pierrot,28,4,15 - 300 g rounds,17.0,19,0,0,0,Dairy Products,17.0,34.0,637.5,425.0,212.5,0.3333333333333333,1998-03,20%+
10919,LINOD,2,1998-03-02,1998-03-30,1998-03-04,2,19.8,LINO-Delicateses,Ave. 5 de Mayo Porlamar,I. de Margarita,Nueva Esparta,4980,Venezuela,1998,3,March,1998-03,16,17.45,24,0.0,Pavlova,7,3,32 - 500 g boxes,8.725,29,0,10,0,Confections,8.725,17.45,418.79999999999995,209.39999999999998,209.39999999999998,0.5,1998-03,0%
10919,LINOD,2,1998-03-02,1998-03-30,1998-03-04,2,19.8,LINO-Delicateses,Ave. 5 de Mayo Porlamar,I. de Margarita,Nueva Esparta,4980,Venezuela,1998,3,March,1998-03,25,14.0,24,0.0,NuNuCa Nu-Nougat-Creme,11,3,20 - 450 g glasses,7.0,76,0,30,0,Confections,7.0,14.0,336.0,168.0,168.0,0.5,1998-03,0%
10919,LINOD,2,1998-03-02,1998-03-30,1998-03-04,2,19.8,LINO-Delicateses,Ave. 5 de Mayo Porlamar,I. de Margarita,Nueva Esparta,4980,Venezuela,1998,3,March,1998-03,40,18.4,20,0.0,Boston Crab Meat,19,8,24 - 4 oz tins,9.2,123,0,30,0,Seafood,9.2,18.4,368.0,184.0,184.0,0.5,1998-03,0%
10920,AROUT,4,1998-03-03,1998-03-31,1998-03-09,2,29.61,Around the Horn,Brook Farm Stratford St. Mary,Colchester,Essex,CO7 6JX,UK,1998,3,March,1998-03,50,16.25,24,0.0,Valkoinen suklaa,23,3,12 - 100 g bars,8.125,65,0,30,0,Confections,8.125,16.25,390.0,195.0,195.0,0.5,1998-03,0%
10921,VAFFE,1,1998-03-03,1998-04-14,1998-03-09,1,176.48,Vaffeljernet,Smagsloget 45,ֵrhus,,8200,Denmark,1998,3,March,1998-03,35,18.0,10,0.0,Steeleye Stout,16,1,24 - 12 oz bottles,9.0,20,0,15,0,Beverages,9.0,18.0,180.0,90.0,90.0,0.5,1998-03,0%
10921,VAFFE,1,1998-03-03,1998-04-14,1998-03-09,1,176.48,Vaffeljernet,Smagsloget 45,ֵrhus,,8200,Denmark,1998,3,March,1998-03,63,43.9,40,0.0,Vegie-spread,7,2,15 - 625 g jars,21.95,24,0,5,0,Condiments,21.95,43.9,1756.0,878.0,878.0,0.5,1998-03,0%
10922,HANAR,5,1998-03-03,1998-03-31,1998-03-05,3,62.74,Hanari Carnes,"Rua do Paחo, 67",Rio de Janeiro,RJ,05454-876,Brazil,1998,3,March,1998-03,17,39.0,15,0.0,Alice Mutton,7,6,20 - 1 kg tins,19.5,0,0,0,1,Meat/Poultry,19.5,39.0,585.0,292.5,292.5,0.5,1998-03,0%
10922,HANAR,5,1998-03-03,1998-03-31,1998-03-05,3,62.74,Hanari Carnes,"Rua do Paחo, 67",Rio de Janeiro,RJ,05454-876,Brazil,1998,3,March,1998-03,24,4.5,35,0.0,Guaranב Fantבstica,10,1,12 - 355 ml cans,2.25,20,0,0,1,Beverages,2.25,4.5,157.5,78.75,78.75,0.5,1998-03,0%
10923,LAMAI,7,1998-03-03,1998-04-14,1998-03-13,3,68.26,La maison d'Asie,1 rue Alsace-Lorraine,Toulouse,,31000,France,1998,3,March,1998-03,42,14.0,10,0.2,Singaporean Hokkien Fried Mee,20,5,32 - 1 kg pkgs.,7.0,26,0,0,1,Grains/Cereals,7.0,14.0,112.0,70.0,42.0,0.375,1998-03,10-20%
10923,LAMAI,7,1998-03-03,1998-04-14,1998-03-13,3,68.26,La maison d'Asie,1 rue Alsace-Lorraine,Toulouse,,31000,France,1998,3,March,1998-03,43,46.0,10,0.2,Ipoh Coffee,20,1,16 - 500 g tins,23.0,17,10,25,0,Beverages,23.0,46.0,368.0,230.0,138.0,0.375,1998-03,10-20%
10923,LAMAI,7,1998-03-03,1998-04-14,1998-03-13,3,68.26,La maison d'Asie,1 rue Alsace-Lorraine,Toulouse,,31000,France,1998,3,March,1998-03,67,14.0,24,0.2,Laughing Lumberjack Lager,16,1,24 - 12 oz bottles,7.0,52,0,10,0,Beverages,7.0,14.0,268.8,168.0,100.80000000000001,0.375,1998-03,10-20%
10924,BERGS,3,1998-03-04,1998-04-01,1998-04-08,2,151.52,Berglunds snabbkצp,Berguvsvהgen  8,Luleו,,S-958 22,Sweden,1998,3,March,1998-03,10,31.0,20,0.1,Ikura,4,8,12 - 200 ml jars,15.5,31,0,0,0,Seafood,15.5,31.0,558.0,310.0,248.0,0.4444444444444444,1998-03,5-10%
10924,BERGS,3,1998-03-04,1998-04-01,1998-04-08,2,151.52,Berglunds snabbkצp,Berguvsvהgen  8,Luleו,,S-958 22,Sweden,1998,3,March,1998-03,28,45.6,30,0.1,Rצssle Sauerkraut,12,7,25 - 825 g cans,22.8,26,0,0,1,Produce,22.8,45.6,1231.2,684.0,547.2,0.4444444444444445,1998-03,5-10%
10924,BERGS,3,1998-03-04,1998-04-01,1998-04-08,2,151.52,Berglunds snabbkצp,Berguvsvהgen  8,Luleו,,S-958 22,Sweden,1998,3,March,1998-03,75,7.75,6,0.0,Rhצnbrהu Klosterbier,12,1,24 - 0.5 l bottles,3.875,125,0,25,0,Beverages,3.875,7.75,46.5,23.25,23.25,0.5,1998-03,0%
10925,HANAR,3,1998-03-04,1998-04-01,1998-03-13,1,2.27,Hanari Carnes,"Rua do Paחo, 67",Rio de Janeiro,RJ,05454-876,Brazil,1998,3,March,1998-03,36,19.0,25,0.15,Inlagd Sill,17,8,24 - 250 g  jars,9.5,112,0,20,0,Seafood,9.5,19.0,403.75,237.5,166.25,0.4117647058823529,1998-03,10-20%
10925,HANAR,3,1998-03-04,1998-04-01,1998-03-13,1,2.27,Hanari Carnes,"Rua do Paחo, 67",Rio de Janeiro,RJ,05454-876,Brazil,1998,3,March,1998-03,52,7.0,12,0.15,Filo Mix,24,5,16 - 2 kg boxes,3.5,38,0,25,0,Grains/Cereals,3.5,7.0,71.39999999999999,42.0,29.39999999999999,0.41176470588235287,1998-03,10-20%
10926,ANATR,4,1998-03-04,1998-04-01,1998-03-11,3,39.92,Ana Trujillo Emparedados y helados,Avda. de la Constituciףn 2222,Mיxico D.F.,,5021,Mexico,1998,3,March,1998-03,11,21.0,2,0.0,Queso Cabrales,5,4,1 kg pkg.,10.5,22,30,30,0,Dairy Products,10.5,21.0,42.0,21.0,21.0,0.5,1998-03,0%
10926,ANATR,4,1998-03-04,1998-04-01,1998-03-11,3,39.92,Ana Trujillo Emparedados y helados,Avda. de la Constituciףn 2222,Mיxico D.F.,,5021,Mexico,1998,3,March,1998-03,13,6.0,10,0.0,Konbu,6,8,2 kg box,3.0,24,0,5,0,Seafood,3.0,6.0,60.0,30.0,30.0,0.5,1998-03,0%
10926,ANATR,4,1998-03-04,1998-04-01,1998-03-11,3,39.92,Ana Trujillo Emparedados y helados,Avda. de la Constituciףn 2222,Mיxico D.F.,,5021,Mexico,1998,3,March,1998-03,19,9.2,7,0.0,Teatime Chocolate Biscuits,8,3,10 boxes x 12 pieces,4.6,25,0,5,0,Confections,4.6,9.2,64.39999999999999,32.199999999999996,32.199999999999996,0.5,1998-03,0%
10926,ANATR,4,1998-03-04,1998-04-01,1998-03-11,3,39.92,Ana Trujillo Emparedados y helados,Avda. de la Constituciףn 2222,Mיxico D.F.,,5021,Mexico,1998,3,March,1998-03,72,34.8,10,0.0,Mozzarella di Giovanni,14,4,24 - 200 g pkgs.,17.4,14,0,0,0,Dairy Products,17.4,34.8,348.0,174.0,174.0,0.5,1998-03,0%
10927,LACOR,4,1998-03-05,1998-04-02,1998-04-08,1,19.79,La corne d'abondance,"67, avenue de l'Europe",Versailles,,78000,France,1998,3,March,1998-03,20,81.0,5,0.0,Sir Rodney's Marmalade,8,3,30 gift boxes,40.5,40,0,0,0,Confections,40.5,81.0,405.0,202.5,202.5,0.5,1998-03,0%
10927,LACOR,4,1998-03-05,1998-04-02,1998-04-08,1,19.79,La corne d'abondance,"67, avenue de l'Europe",Versailles,,78000,France,1998,3,March,1998-03,52,7.0,5,0.0,Filo Mix,24,5,16 - 2 kg boxes,3.5,38,0,25,0,Grains/Cereals,3.5,7.0,35.0,17.5,17.5,0.5,1998-03,0%
10927,LACOR,4,1998-03-05,1998-04-02,1998-04-08,1,19.79,La corne d'abondance,"67, avenue de l'Europe",Versailles,,78000,France,1998,3,March,1998-03,76,18.0,20,0.0,Lakkalikצצri,23,1,500 ml,9.0,57,0,20,0,Beverages,9.0,18.0,360.0,180.0,180.0,0.5,1998-03,0%
10928,GALED,1,1998-03-05,1998-04-02,1998-03-18,1,1.36,Galerםa del gastronףmo,"Rambla de Cataluסa, 23",Barcelona,,8022,Spain,1998,3,March,1998-03,47,9.5,5,0.0,Zaanse koeken,22,3,10 - 4 oz boxes,4.75,36,0,0,0,Confections,4.75,9.5,47.5,23.75,23.75,0.5,1998-03,0%
10928,GALED,1,1998-03-05,1998-04-02,1998-03-18,1,1.36,Galerםa del gastronףmo,"Rambla de Cataluסa, 23",Barcelona,,8022,Spain,1998,3,March,1998-03,76,18.0,5,0.0,Lakkalikצצri,23,1,500 ml,9.0,57,0,20,0,Beverages,9.0,18.0,90.0,45.0,45.0,0.5,1998-03,0%
10929,FRANK,6,1998-03-05,1998-04-02,1998-03-12,1,33.93,Frankenversand,Berliner Platz 43,Mnchen,,80805,Germany,1998,3,March,1998-03,21,10.0,60,0.0,Sir Rodney's Scones,8,3,24 pkgs. x 4 pieces,5.0,3,40,5,0,Confections,5.0,10.0,600.0,300.0,300.0,0.5,1998-03,0%
10929,FRANK,6,1998-03-05,1998-04-02,1998-03-12,1,33.93,Frankenversand,Berliner Platz 43,Mnchen,,80805,Germany,1998,3,March,1998-03,75,7.75,49,0.0,Rhצnbrהu Klosterbier,12,1,24 - 0.5 l bottles,3.875,125,0,25,0,Beverages,3.875,7.75,379.75,189.875,189.875,0.5,1998-03,0%
10929,FRANK,6,1998-03-05,1998-04-02,1998-03-12,1,33.93,Frankenversand,Berliner Platz 43,Mnchen,,80805,Germany,1998,3,March,1998-03,77,13.0,15,0.0,Original Frankfurter grne Soe,12,2,12 boxes,6.5,32,0,15,0,Condiments,6.5,13.0,195.0,97.5,97.5,0.5,1998-03,0%
10930,SUPRD,4,1998-03-06,1998-04-17,1998-03-18,3,15.55,Suprךmes dיlices,"Boulevard Tirou, 255",Charleroi,,B-6000,Belgium,1998,3,March,1998-03,21,10.0,36,0.0,Sir Rodney's Scones,8,3,24 pkgs. x 4 pieces,5.0,3,40,5,0,Confections,5.0,10.0,360.0,180.0,180.0,0.5,1998-03,0%
10930,SUPRD,4,1998-03-06,1998-04-17,1998-03-18,3,15.55,Suprךmes dיlices,"Boulevard Tirou, 255",Charleroi,,B-6000,Belgium,1998,3,March,1998-03,27,43.9,25,0.0,Schoggi Schokolade,11,3,100 - 100 g pieces,21.95,49,0,30,0,Confections,21.95,43.9,1097.5,548.75,548.75,0.5,1998-03,0%
10930,SUPRD,4,1998-03-06,1998-04-17,1998-03-18,3,15.55,Suprךmes dיlices,"Boulevard Tirou, 255",Charleroi,,B-6000,Belgium,1998,3,March,1998-03,55,24.0,25,0.2,Pגtי chinois,25,6,24 boxes x 2 pies,12.0,115,0,20,0,Meat/Poultry,12.0,24.0,480.0,300.0,180.0,0.375,1998-03,10-20%
10930,SUPRD,4,1998-03-06,1998-04-17,1998-03-18,3,15.55,Suprךmes dיlices,"Boulevard Tirou, 255",Charleroi,,B-6000,Belgium,1998,3,March,1998-03,58,13.25,30,0.2,Escargots de Bourgogne,27,8,24 pieces,6.625,62,0,20,0,Seafood,6.625,13.25,318.0,198.75,119.25,0.375,1998-03,10-20%
10931,RICSU,4,1998-03-06,1998-03-20,1998-03-19,2,13.6,Richter Supermarkt,Starenweg 5,Genטve,,1204,Switzerland,1998,3,March,1998-03,13,6.0,42,0.15,Konbu,6,8,2 kg box,3.0,24,0,5,0,Seafood,3.0,6.0,214.2,126.0,88.19999999999999,0.4117647058823529,1998-03,10-20%
10931,RICSU,4,1998-03-06,1998-03-20,1998-03-19,2,13.6,Richter Supermarkt,Starenweg 5,Genטve,,1204,Switzerland,1998,3,March,1998-03,57,19.5,30,0.0,Ravioli Angelo,26,5,24 - 250 g pkgs.,9.75,36,0,20,0,Grains/Cereals,9.75,19.5,585.0,292.5,292.5,0.5,1998-03,0%
10932,BONAP,8,1998-03-06,1998-04-03,1998-03-24,1,134.64,Bon app',"12, rue des Bouchers",Marseille,,13008,France,1998,3,March,1998-03,16,17.45,30,0.1,Pavlova,7,3,32 - 500 g boxes,8.725,29,0,10,0,Confections,8.725,17.45,471.15000000000003,261.75,209.40000000000003,0.4444444444444445,1998-03,5-10%
10932,BONAP,8,1998-03-06,1998-04-03,1998-03-24,1,134.64,Bon app',"12, rue des Bouchers",Marseille,,13008,France,1998,3,March,1998-03,62,49.3,14,0.1,Tarte au sucre,29,3,48 pies,24.65,17,0,0,0,Confections,24.65,49.3,621.18,345.09999999999997,276.08,0.4444444444444445,1998-03,5-10%
10932,BONAP,8,1998-03-06,1998-04-03,1998-03-24,1,134.64,Bon app',"12, rue des Bouchers",Marseille,,13008,France,1998,3,March,1998-03,72,34.8,16,0.0,Mozzarella di Giovanni,14,4,24 - 200 g pkgs.,17.4,14,0,0,0,Dairy Products,17.4,34.8,556.8,278.4,278.4,0.5,1998-03,0%
10932,BONAP,8,1998-03-06,1998-04-03,1998-03-24,1,134.64,Bon app',"12, rue des Bouchers",Marseille,,13008,France,1998,3,March,1998-03,75,7.75,20,0.1,Rhצnbrהu Klosterbier,12,1,24 - 0.5 l bottles,3.875,125,0,25,0,Beverages,3.875,7.75,139.5,77.5,62.0,0.4444444444444444,1998-03,5-10%
10933,ISLAT,6,1998-03-06,1998-04-03,1998-03-16,3,54.15,Island Trading,Garden House Crowther Way,Cowes,Isle of Wight,PO31 7PJ,UK,1998,3,March,1998-03,53,32.8,2,0.0,Perth Pasties,24,6,48 pieces,16.4,0,0,0,1,Meat/Poultry,16.4,32.8,65.6,32.8,32.8,0.5,1998-03,0%
10933,ISLAT,6,1998-03-06,1998-04-03,1998-03-16,3,54.15,Island Trading,Garden House Crowther Way,Cowes,Isle of Wight,PO31 7PJ,UK,1998,3,March,1998-03,61,28.5,30,0.0,Sirop d'יrable,29,2,24 - 500 ml bottles,14.25,113,0,25,0,Condiments,14.25,28.5,855.0,427.5,427.5,0.5,1998-03,0%
10934,LEHMS,3,1998-03-09,1998-04-06,1998-03-12,3,32.01,Lehmanns Marktstand,Magazinweg 7,Frankfurt a.M.,,60528,Germany,1998,3,March,1998-03,6,25.0,20,0.0,Grandma's Boysenberry Spread,3,2,12 - 8 oz jars,12.5,120,0,25,0,Condiments,12.5,25.0,500.0,250.0,250.0,0.5,1998-03,0%
10935,WELLI,4,1998-03-09,1998-04-06,1998-03-18,3,47.59,Wellington Importadora,"Rua do Mercado, 12",Resende,SP,08737-363,Brazil,1998,3,March,1998-03,1,18.0,21,0.0,Chai,1,1,10 boxes x 20 bags,9.0,39,0,10,0,Beverages,9.0,18.0,378.0,189.0,189.0,0.5,1998-03,0%
10935,WELLI,4,1998-03-09,1998-04-06,1998-03-18,3,47.59,Wellington Importadora,"Rua do Mercado, 12",Resende,SP,08737-363,Brazil,1998,3,March,1998-03,18,62.5,4,0.25,Carnarvon Tigers,7,8,16 kg pkg.,31.25,42,0,0,0,Seafood,31.25,62.5,187.5,125.0,62.5,0.3333333333333333,1998-03,20%+
10935,WELLI,4,1998-03-09,1998-04-06,1998-03-18,3,47.59,Wellington Importadora,"Rua do Mercado, 12",Resende,SP,08737-363,Brazil,1998,3,March,1998-03,23,9.0,8,0.25,Tunnbrצd,9,5,12 - 250 g pkgs.,4.5,61,0,25,0,Grains/Cereals,4.5,9.0,54.0,36.0,18.0,0.3333333333333333,1998-03,20%+
10936,GREAL,3,1998-03-09,1998-04-06,1998-03-18,2,33.68,Great Lakes Food Market,2732 Baker Blvd.,Eugene,OR,97403,USA,1998,3,March,1998-03,36,19.0,30,0.2,Inlagd Sill,17,8,24 - 250 g  jars,9.5,112,0,20,0,Seafood,9.5,19.0,456.0,285.0,171.0,0.375,1998-03,10-20%
10937,CACTU,7,1998-03-10,1998-03-24,1998-03-13,3,31.51,Cactus Comidas para llevar,Cerrito 333,Buenos Aires,,1010,Argentina,1998,3,March,1998-03,28,45.6,8,0.0,Rצssle Sauerkraut,12,7,25 - 825 g cans,22.8,26,0,0,1,Produce,22.8,45.6,364.8,182.4,182.4,0.5,1998-03,0%
10937,CACTU,7,1998-03-10,1998-03-24,1998-03-13,3,31.51,Cactus Comidas para llevar,Cerrito 333,Buenos Aires,,1010,Argentina,1998,3,March,1998-03,34,14.0,20,0.0,Sasquatch Ale,16,1,24 - 12 oz bottles,7.0,111,0,15,0,Beverages,7.0,14.0,280.0,140.0,140.0,0.5,1998-03,0%
10938,QUICK,3,1998-03-10,1998-04-07,1998-03-16,2,31.89,QUICK-Stop,Taucherstrae 10,Cunewalde,,1307,Germany,1998,3,March,1998-03,13,6.0,20,0.25,Konbu,6,8,2 kg box,3.0,24,0,5,0,Seafood,3.0,6.0,90.0,60.0,30.0,0.3333333333333333,1998-03,20%+
10938,QUICK,3,1998-03-10,1998-04-07,1998-03-16,2,31.89,QUICK-Stop,Taucherstrae 10,Cunewalde,,1307,Germany,1998,3,March,1998-03,43,46.0,24,0.25,Ipoh Coffee,20,1,16 - 500 g tins,23.0,17,10,25,0,Beverages,23.0,46.0,828.0,552.0,276.0,0.3333333333333333,1998-03,20%+
10938,QUICK,3,1998-03-10,1998-04-07,1998-03-16,2,31.89,QUICK-Stop,Taucherstrae 10,Cunewalde,,1307,Germany,1998,3,March,1998-03,60,34.0,49,0.25,Camembert Pierrot,28,4,15 - 300 g rounds,17.0,19,0,0,0,Dairy Products,17.0,34.0,1249.5,833.0,416.5,0.3333333333333333,1998-03,20%+
10938,QUICK,3,1998-03-10,1998-04-07,1998-03-16,2,31.89,QUICK-Stop,Taucherstrae 10,Cunewalde,,1307,Germany,1998,3,March,1998-03,71,21.5,35,0.25,Flotemysost,15,4,10 - 500 g pkgs.,10.75,26,0,0,0,Dairy Products,10.75,21.5,564.375,376.25,188.125,0.3333333333333333,1998-03,20%+
10939,MAGAA,2,1998-03-10,1998-04-07,1998-03-13,2,76.33,Magazzini Alimentari Riuniti,Via Ludovico il Moro 22,Bergamo,,24100,Italy,1998,3,March,1998-03,2,19.0,10,0.15,Chang,1,1,24 - 12 oz bottles,9.5,17,40,25,0,Beverages,9.5,19.0,161.5,95.0,66.5,0.4117647058823529,1998-03,10-20%
10939,MAGAA,2,1998-03-10,1998-04-07,1998-03-13,2,76.33,Magazzini Alimentari Riuniti,Via Ludovico il Moro 22,Bergamo,,24100,Italy,1998,3,March,1998-03,67,14.0,40,0.15,Laughing Lumberjack Lager,16,1,24 - 12 oz bottles,7.0,52,0,10,0,Beverages,7.0,14.0,476.0,280.0,196.0,0.4117647058823529,1998-03,10-20%
10940,BONAP,8,1998-03-11,1998-04-08,1998-03-23,3,19.77,Bon app',"12, rue des Bouchers",Marseille,,13008,France,1998,3,March,1998-03,7,30.0,8,0.0,Uncle Bob's Organic Dried Pears,3,7,12 - 1 lb pkgs.,15.0,15,0,10,0,Produce,15.0,30.0,240.0,120.0,120.0,0.5,1998-03,0%
10940,BONAP,8,1998-03-11,1998-04-08,1998-03-23,3,19.77,Bon app',"12, rue des Bouchers",Marseille,,13008,France,1998,3,March,1998-03,13,6.0,20,0.0,Konbu,6,8,2 kg box,3.0,24,0,5,0,Seafood,3.0,6.0,120.0,60.0,60.0,0.5,1998-03,0%
10941,SAVEA,7,1998-03-11,1998-04-08,1998-03-20,2,400.81,Save-a-lot Markets,187 Suffolk Ln.,Boise,ID,83720,USA,1998,3,March,1998-03,31,12.5,44,0.25,Gorgonzola Telino,14,4,12 - 100 g pkgs,6.25,0,70,20,0,Dairy Products,6.25,12.5,412.5,275.0,137.5,0.3333333333333333,1998-03,20%+
10941,SAVEA,7,1998-03-11,1998-04-08,1998-03-20,2,400.81,Save-a-lot Markets,187 Suffolk Ln.,Boise,ID,83720,USA,1998,3,March,1998-03,62,49.3,30,0.25,Tarte au sucre,29,3,48 pies,24.65,17,0,0,0,Confections,24.65,49.3,1109.25,739.5,369.75,0.3333333333333333,1998-03,20%+
10941,SAVEA,7,1998-03-11,1998-04-08,1998-03-20,2,400.81,Save-a-lot Markets,187 Suffolk Ln.,Boise,ID,83720,USA,1998,3,March,1998-03,68,12.5,80,0.25,Scottish Longbreads,8,3,10 boxes x 8 pieces,6.25,6,10,15,0,Confections,6.25,12.5,750.0,500.0,250.0,0.3333333333333333,1998-03,20%+
10941,SAVEA,7,1998-03-11,1998-04-08,1998-03-20,2,400.81,Save-a-lot Markets,187 Suffolk Ln.,Boise,ID,83720,USA,1998,3,March,1998-03,72,34.8,50,0.0,Mozzarella di Giovanni,14,4,24 - 200 g pkgs.,17.4,14,0,0,0,Dairy Products,17.4,34.8,1739.9999999999998,869.9999999999999,869.9999999999999,0.5,1998-03,0%
10942,REGGC,9,1998-03-11,1998-04-08,1998-03-18,3,17.95,Reggiani Caseifici,Strada Provinciale 124,Reggio Emilia,,42100,Italy,1998,3,March,1998-03,49,20.0,28,0.0,Maxilaku,23,3,24 - 50 g pkgs.,10.0,10,60,15,0,Confections,10.0,20.0,560.0,280.0,280.0,0.5,1998-03,0%
10943,BSBEV,4,1998-03-11,1998-04-08,1998-03-19,2,2.17,B's Beverages,Fauntleroy Circus,London,,EC2 5NT,UK,1998,3,March,1998-03,13,6.0,15,0.0,Konbu,6,8,2 kg box,3.0,24,0,5,0,Seafood,3.0,6.0,90.0,45.0,45.0,0.5,1998-03,0%
10943,BSBEV,4,1998-03-11,1998-04-08,1998-03-19,2,2.17,B's Beverages,Fauntleroy Circus,London,,EC2 5NT,UK,1998,3,March,1998-03,22,21.0,21,0.0,Gustaf's Knהckebrצd,9,5,24 - 500 g pkgs.,10.5,104,0,25,0,Grains/Cereals,10.5,21.0,441.0,220.5,220.5,0.5,1998-03,0%
10943,BSBEV,4,1998-03-11,1998-04-08,1998-03-19,2,2.17,B's Beverages,Fauntleroy Circus,London,,EC2 5NT,UK,1998,3,March,1998-03,46,12.0,15,0.0,Spegesild,21,8,4 - 450 g glasses,6.0,95,0,0,0,Seafood,6.0,12.0,180.0,90.0,90.0,0.5,1998-03,0%
10944,BOTTM,6,1998-03-12,1998-03-26,1998-03-13,3,52.92,Bottom-Dollar Markets,23 Tsawassen Blvd.,Tsawassen,BC,T2F 8M4,Canada,1998,3,March,1998-03,11,21.0,5,0.25,Queso Cabrales,5,4,1 kg pkg.,10.5,22,30,30,0,Dairy Products,10.5,21.0,78.75,52.5,26.25,0.3333333333333333,1998-03,20%+
10944,BOTTM,6,1998-03-12,1998-03-26,1998-03-13,3,52.92,Bottom-Dollar Markets,23 Tsawassen Blvd.,Tsawassen,BC,T2F 8M4,Canada,1998,3,March,1998-03,44,19.45,18,0.25,Gula Malacca,20,2,20 - 2 kg bags,9.725,27,0,15,0,Condiments,9.725,19.45,262.575,175.04999999999998,87.525,0.33333333333333337,1998-03,20%+
10944,BOTTM,6,1998-03-12,1998-03-26,1998-03-13,3,52.92,Bottom-Dollar Markets,23 Tsawassen Blvd.,Tsawassen,BC,T2F 8M4,Canada,1998,3,March,1998-03,56,38.0,18,0.0,Gnocchi di nonna Alice,26,5,24 - 250 g pkgs.,19.0,21,10,30,0,Grains/Cereals,19.0,38.0,684.0,342.0,342.0,0.5,1998-03,0%
10945,MORGK,4,1998-03-12,1998-04-09,1998-03-18,1,10.22,Morgenstern Gesundkost,Heerstr. 22,Leipzig,,4179,Germany,1998,3,March,1998-03,13,6.0,20,0.0,Konbu,6,8,2 kg box,3.0,24,0,5,0,Seafood,3.0,6.0,120.0,60.0,60.0,0.5,1998-03,0%
10945,MORGK,4,1998-03-12,1998-04-09,1998-03-18,1,10.22,Morgenstern Gesundkost,Heerstr. 22,Leipzig,,4179,Germany,1998,3,March,1998-03,31,12.5,10,0.0,Gorgonzola Telino,14,4,12 - 100 g pkgs,6.25,0,70,20,0,Dairy Products,6.25,12.5,125.0,62.5,62.5,0.5,1998-03,0%
10946,VAFFE,1,1998-03-12,1998-04-09,1998-03-19,2,27.2,Vaffeljernet,Smagsloget 45,ֵrhus,,8200,Denmark,1998,3,March,1998-03,10,31.0,25,0.0,Ikura,4,8,12 - 200 ml jars,15.5,31,0,0,0,Seafood,15.5,31.0,775.0,387.5,387.5,0.5,1998-03,0%
10946,VAFFE,1,1998-03-12,1998-04-09,1998-03-19,2,27.2,Vaffeljernet,Smagsloget 45,ֵrhus,,8200,Denmark,1998,3,March,1998-03,24,4.5,25,0.0,Guaranב Fantבstica,10,1,12 - 355 ml cans,2.25,20,0,0,1,Beverages,2.25,4.5,112.5,56.25,56.25,0.5,1998-03,0%
10946,VAFFE,1,1998-03-12,1998-04-09,1998-03-19,2,27.2,Vaffeljernet,Smagsloget 45,ֵrhus,,8200,Denmark,1998,3,March,1998-03,77,13.0,40,0.0,Original Frankfurter grne Soe,12,2,12 boxes,6.5,32,0,15,0,Condiments,6.5,13.0,520.0,260.0,260.0,0.5,1998-03,0%
10947,BSBEV,3,1998-03-13,1998-04-10,1998-03-16,2,3.26,B's Beverages,Fauntleroy Circus,London,,EC2 5NT,UK,1998,3,March,1998-03,59,55.0,4,0.0,Raclette Courdavault,28,4,5 kg pkg.,27.5,79,0,0,0,Dairy Products,27.5,55.0,220.0,110.0,110.0,0.5,1998-03,0%
10948,GODOS,3,1998-03-13,1998-04-10,1998-03-19,3,23.39,Godos Cocina Tםpica,"C/ Romero, 33",Sevilla,,41101,Spain,1998,3,March,1998-03,50,16.25,9,0.0,Valkoinen suklaa,23,3,12 - 100 g bars,8.125,65,0,30,0,Confections,8.125,16.25,146.25,73.125,73.125,0.5,1998-03,0%
10948,GODOS,3,1998-03-13,1998-04-10,1998-03-19,3,23.39,Godos Cocina Tםpica,"C/ Romero, 33",Sevilla,,41101,Spain,1998,3,March,1998-03,51,53.0,40,0.0,Manjimup Dried Apples,24,7,50 - 300 g pkgs.,26.5,20,0,10,0,Produce,26.5,53.0,2120.0,1060.0,1060.0,0.5,1998-03,0%
10948,GODOS,3,1998-03-13,1998-04-10,1998-03-19,3,23.39,Godos Cocina Tםpica,"C/ Romero, 33",Sevilla,,41101,Spain,1998,3,March,1998-03,55,24.0,4,0.0,Pגtי chinois,25,6,24 boxes x 2 pies,12.0,115,0,20,0,Meat/Poultry,12.0,24.0,96.0,48.0,48.0,0.5,1998-03,0%
10949,BOTTM,2,1998-03-13,1998-04-10,1998-03-17,3,74.44,Bottom-Dollar Markets,23 Tsawassen Blvd.,Tsawassen,BC,T2F 8M4,Canada,1998,3,March,1998-03,6,25.0,12,0.0,Grandma's Boysenberry Spread,3,2,12 - 8 oz jars,12.5,120,0,25,0,Condiments,12.5,25.0,300.0,150.0,150.0,0.5,1998-03,0%
10949,BOTTM,2,1998-03-13,1998-04-10,1998-03-17,3,74.44,Bottom-Dollar Markets,23 Tsawassen Blvd.,Tsawassen,BC,T2F 8M4,Canada,1998,3,March,1998-03,10,31.0,30,0.0,Ikura,4,8,12 - 200 ml jars,15.5,31,0,0,0,Seafood,15.5,31.0,930.0,465.0,465.0,0.5,1998-03,0%
10949,BOTTM,2,1998-03-13,1998-04-10,1998-03-17,3,74.44,Bottom-Dollar Markets,23 Tsawassen Blvd.,Tsawassen,BC,T2F 8M4,Canada,1998,3,March,1998-03,17,39.0,6,0.0,Alice Mutton,7,6,20 - 1 kg tins,19.5,0,0,0,1,Meat/Poultry,19.5,39.0,234.0,117.0,117.0,0.5,1998-03,0%
10949,BOTTM,2,1998-03-13,1998-04-10,1998-03-17,3,74.44,Bottom-Dollar Markets,23 Tsawassen Blvd.,Tsawassen,BC,T2F 8M4,Canada,1998,3,March,1998-03,62,49.3,60,0.0,Tarte au sucre,29,3,48 pies,24.65,17,0,0,0,Confections,24.65,49.3,2958.0,1479.0,1479.0,0.5,1998-03,0%
10950,MAGAA,1,1998-03-16,1998-04-13,1998-03-23,2,2.5,Magazzini Alimentari Riuniti,Via Ludovico il Moro 22,Bergamo,,24100,Italy,1998,3,March,1998-03,4,22.0,5,0.0,Chef Anton's Cajun Seasoning,2,2,48 - 6 oz jars,11.0,53,0,0,0,Condiments,11.0,22.0,110.0,55.0,55.0,0.5,1998-03,0%
10951,RICSU,9,1998-03-16,1998-04-27,1998-04-07,2,30.85,Richter Supermarkt,Starenweg 5,Genטve,,1204,Switzerland,1998,3,March,1998-03,33,2.5,15,0.05,Geitost,15,4,500 g,1.25,112,0,20,0,Dairy Products,1.25,2.5,35.625,18.75,16.875,0.47368421052631576,1998-03,0-5%
10951,RICSU,9,1998-03-16,1998-04-27,1998-04-07,2,30.85,Richter Supermarkt,Starenweg 5,Genטve,,1204,Switzerland,1998,3,March,1998-03,41,9.65,6,0.05,Jack's New England Clam Chowder,19,8,12 - 12 oz cans,4.825,85,0,10,0,Seafood,4.825,9.65,55.005,28.950000000000003,26.055,0.47368421052631576,1998-03,0-5%
10951,RICSU,9,1998-03-16,1998-04-27,1998-04-07,2,30.85,Richter Supermarkt,Starenweg 5,Genטve,,1204,Switzerland,1998,3,March,1998-03,75,7.75,50,0.05,Rhצnbrהu Klosterbier,12,1,24 - 0.5 l bottles,3.875,125,0,25,0,Beverages,3.875,7.75,368.125,193.75,174.375,0.47368421052631576,1998-03,0-5%
10952,ALFKI,1,1998-03-16,1998-04-27,1998-03-24,1,40.42,Alfred's Futterkiste,Obere Str. 57,Berlin,,12209,Germany,1998,3,March,1998-03,6,25.0,16,0.05,Grandma's Boysenberry Spread,3,2,12 - 8 oz jars,12.5,120,0,25,0,Condiments,12.5,25.0,380.0,200.0,180.0,0.47368421052631576,1998-03,0-5%
10952,ALFKI,1,1998-03-16,1998-04-27,1998-03-24,1,40.42,Alfred's Futterkiste,Obere Str. 57,Berlin,,12209,Germany,1998,3,March,1998-03,28,45.6,2,0.0,Rצssle Sauerkraut,12,7,25 - 825 g cans,22.8,26,0,0,1,Produce,22.8,45.6,91.2,45.6,45.6,0.5,1998-03,0%
10953,AROUT,9,1998-03-16,1998-03-30,1998-03-25,2,23.72,Around the Horn,Brook Farm Stratford St. Mary,Colchester,Essex,CO7 6JX,UK,1998,3,March,1998-03,20,81.0,50,0.05,Sir Rodney's Marmalade,8,3,30 gift boxes,40.5,40,0,0,0,Confections,40.5,81.0,3847.5,2025.0,1822.5,0.47368421052631576,1998-03,0-5%
10953,AROUT,9,1998-03-16,1998-03-30,1998-03-25,2,23.72,Around the Horn,Brook Farm Stratford St. Mary,Colchester,Essex,CO7 6JX,UK,1998,3,March,1998-03,31,12.5,50,0.05,Gorgonzola Telino,14,4,12 - 100 g pkgs,6.25,0,70,20,0,Dairy Products,6.25,12.5,593.75,312.5,281.25,0.47368421052631576,1998-03,0-5%
10954,LINOD,5,1998-03-17,1998-04-28,1998-03-20,1,27.91,LINO-Delicateses,Ave. 5 de Mayo Porlamar,I. de Margarita,Nueva Esparta,4980,Venezuela,1998,3,March,1998-03,16,17.45,28,0.15,Pavlova,7,3,32 - 500 g boxes,8.725,29,0,10,0,Confections,8.725,17.45,415.30999999999995,244.29999999999998,171.00999999999996,0.4117647058823529,1998-03,10-20%
10954,LINOD,5,1998-03-17,1998-04-28,1998-03-20,1,27.91,LINO-Delicateses,Ave. 5 de Mayo Porlamar,I. de Margarita,Nueva Esparta,4980,Venezuela,1998,3,March,1998-03,31,12.5,25,0.15,Gorgonzola Telino,14,4,12 - 100 g pkgs,6.25,0,70,20,0,Dairy Products,6.25,12.5,265.625,156.25,109.375,0.4117647058823529,1998-03,10-20%
10954,LINOD,5,1998-03-17,1998-04-28,1998-03-20,1,27.91,LINO-Delicateses,Ave. 5 de Mayo Porlamar,I. de Margarita,Nueva Esparta,4980,Venezuela,1998,3,March,1998-03,45,9.5,30,0.0,Rogede sild,21,8,1k pkg.,4.75,5,70,15,0,Seafood,4.75,9.5,285.0,142.5,142.5,0.5,1998-03,0%
10954,LINOD,5,1998-03-17,1998-04-28,1998-03-20,1,27.91,LINO-Delicateses,Ave. 5 de Mayo Porlamar,I. de Margarita,Nueva Esparta,4980,Venezuela,1998,3,March,1998-03,60,34.0,24,0.15,Camembert Pierrot,28,4,15 - 300 g rounds,17.0,19,0,0,0,Dairy Products,17.0,34.0,693.6,408.0,285.6,0.411764705882353,1998-03,10-20%
10955,FOLKO,8,1998-03-17,1998-04-14,1998-03-20,2,3.26,Folk och fה HB,ֵkergatan 24,Brהcke,,S-844 67,Sweden,1998,3,March,1998-03,75,7.75,12,0.2,Rhצnbrהu Klosterbier,12,1,24 - 0.5 l bottles,3.875,125,0,25,0,Beverages,3.875,7.75,74.4,46.5,27.900000000000006,0.37500000000000006,1998-03,10-20%
10956,BLAUS,6,1998-03-17,1998-04-28,1998-03-20,2,44.65,Blauer See Delikatessen,Forsterstr. 57,Mannheim,,68306,Germany,1998,3,March,1998-03,21,10.0,12,0.0,Sir Rodney's Scones,8,3,24 pkgs. x 4 pieces,5.0,3,40,5,0,Confections,5.0,10.0,120.0,60.0,60.0,0.5,1998-03,0%
10956,BLAUS,6,1998-03-17,1998-04-28,1998-03-20,2,44.65,Blauer See Delikatessen,Forsterstr. 57,Mannheim,,68306,Germany,1998,3,March,1998-03,47,9.5,14,0.0,Zaanse koeken,22,3,10 - 4 oz boxes,4.75,36,0,0,0,Confections,4.75,9.5,133.0,66.5,66.5,0.5,1998-03,0%
10956,BLAUS,6,1998-03-17,1998-04-28,1998-03-20,2,44.65,Blauer See Delikatessen,Forsterstr. 57,Mannheim,,68306,Germany,1998,3,March,1998-03,51,53.0,8,0.0,Manjimup Dried Apples,24,7,50 - 300 g pkgs.,26.5,20,0,10,0,Produce,26.5,53.0,424.0,212.0,212.0,0.5,1998-03,0%
10957,HILAA,8,1998-03-18,1998-04-15,1998-03-27,3,105.36,HILARION-Abastos,Carrera 22 con Ave. Carlos Soublette #8-35,San Cristףbal,Tבchira,5022,Venezuela,1998,3,March,1998-03,30,25.89,30,0.0,Nord-Ost Matjeshering,13,8,10 - 200 g glasses,12.945,10,0,15,0,Seafood,12.945,25.89,776.7,388.35,388.35,0.5,1998-03,0%
10957,HILAA,8,1998-03-18,1998-04-15,1998-03-27,3,105.36,HILARION-Abastos,Carrera 22 con Ave. Carlos Soublette #8-35,San Cristףbal,Tבchira,5022,Venezuela,1998,3,March,1998-03,35,18.0,40,0.0,Steeleye Stout,16,1,24 - 12 oz bottles,9.0,20,0,15,0,Beverages,9.0,18.0,720.0,360.0,360.0,0.5,1998-03,0%
10957,HILAA,8,1998-03-18,1998-04-15,1998-03-27,3,105.36,HILARION-Abastos,Carrera 22 con Ave. Carlos Soublette #8-35,San Cristףbal,Tבchira,5022,Venezuela,1998,3,March,1998-03,64,33.25,8,0.0,Wimmers gute Semmelknצdel,12,5,20 bags x 4 pieces,16.625,22,80,30,0,Grains/Cereals,16.625,33.25,266.0,133.0,133.0,0.5,1998-03,0%
10958,OCEAN,7,1998-03-18,1998-04-15,1998-03-27,2,49.56,Ocיano Atlבntico Ltda.,Ing. Gustavo Moncada 8585 Piso 20-A,Buenos Aires,,1010,Argentina,1998,3,March,1998-03,5,21.35,20,0.0,Chef Anton's Gumbo Mix,2,2,36 boxes,10.675,0,0,0,1,Condiments,10.675,21.35,427.0,213.5,213.5,0.5,1998-03,0%
10958,OCEAN,7,1998-03-18,1998-04-15,1998-03-27,2,49.56,Ocיano Atlבntico Ltda.,Ing. Gustavo Moncada 8585 Piso 20-A,Buenos Aires,,1010,Argentina,1998,3,March,1998-03,7,30.0,6,0.0,Uncle Bob's Organic Dried Pears,3,7,12 - 1 lb pkgs.,15.0,15,0,10,0,Produce,15.0,30.0,180.0,90.0,90.0,0.5,1998-03,0%
10958,OCEAN,7,1998-03-18,1998-04-15,1998-03-27,2,49.56,Ocיano Atlבntico Ltda.,Ing. Gustavo Moncada 8585 Piso 20-A,Buenos Aires,,1010,Argentina,1998,3,March,1998-03,72,34.8,5,0.0,Mozzarella di Giovanni,14,4,24 - 200 g pkgs.,17.4,14,0,0,0,Dairy Products,17.4,34.8,174.0,87.0,87.0,0.5,1998-03,0%
10959,GOURL,6,1998-03-18,1998-04-29,1998-03-23,2,4.98,Gourmet Lanchonetes,"Av. Brasil, 442",Campinas,SP,04876-786,Brazil,1998,3,March,1998-03,75,7.75,20,0.15,Rhצnbrהu Klosterbier,12,1,24 - 0.5 l bottles,3.875,125,0,25,0,Beverages,3.875,7.75,131.75,77.5,54.25,0.4117647058823529,1998-03,10-20%
10960,HILAA,3,1998-03-19,1998-04-02,1998-04-08,1,2.08,HILARION-Abastos,Carrera 22 con Ave. Carlos Soublette #8-35,San Cristףbal,Tבchira,5022,Venezuela,1998,3,March,1998-03,24,4.5,10,0.25,Guaranב Fantבstica,10,1,12 - 355 ml cans,2.25,20,0,0,1,Beverages,2.25,4.5,33.75,22.5,11.25,0.3333333333333333,1998-03,20%+
10960,HILAA,3,1998-03-19,1998-04-02,1998-04-08,1,2.08,HILARION-Abastos,Carrera 22 con Ave. Carlos Soublette #8-35,San Cristףbal,Tבchira,5022,Venezuela,1998,3,March,1998-03,41,9.65,24,0.0,Jack's New England Clam Chowder,19,8,12 - 12 oz cans,4.825,85,0,10,0,Seafood,4.825,9.65,231.60000000000002,115.80000000000001,115.80000000000001,0.5,1998-03,0%
10961,QUEEN,8,1998-03-19,1998-04-16,1998-03-30,1,104.47,Queen Cozinha,"Alameda dos Canאrios, 891",Sao Paulo,SP,05487-020,Brazil,1998,3,March,1998-03,52,7.0,6,0.05,Filo Mix,24,5,16 - 2 kg boxes,3.5,38,0,25,0,Grains/Cereals,3.5,7.0,39.9,21.0,18.9,0.47368421052631576,1998-03,0-5%
10961,QUEEN,8,1998-03-19,1998-04-16,1998-03-30,1,104.47,Queen Cozinha,"Alameda dos Canאrios, 891",Sao Paulo,SP,05487-020,Brazil,1998,3,March,1998-03,76,18.0,60,0.0,Lakkalikצצri,23,1,500 ml,9.0,57,0,20,0,Beverages,9.0,18.0,1080.0,540.0,540.0,0.5,1998-03,0%
10962,QUICK,8,1998-03-19,1998-04-16,1998-03-23,2,275.79,QUICK-Stop,Taucherstrae 10,Cunewalde,,1307,Germany,1998,3,March,1998-03,7,30.0,45,0.0,Uncle Bob's Organic Dried Pears,3,7,12 - 1 lb pkgs.,15.0,15,0,10,0,Produce,15.0,30.0,1350.0,675.0,675.0,0.5,1998-03,0%
10962,QUICK,8,1998-03-19,1998-04-16,1998-03-23,2,275.79,QUICK-Stop,Taucherstrae 10,Cunewalde,,1307,Germany,1998,3,March,1998-03,13,6.0,77,0.0,Konbu,6,8,2 kg box,3.0,24,0,5,0,Seafood,3.0,6.0,462.0,231.0,231.0,0.5,1998-03,0%
10962,QUICK,8,1998-03-19,1998-04-16,1998-03-23,2,275.79,QUICK-Stop,Taucherstrae 10,Cunewalde,,1307,Germany,1998,3,March,1998-03,53,32.8,20,0.0,Perth Pasties,24,6,48 pieces,16.4,0,0,0,1,Meat/Poultry,16.4,32.8,656.0,328.0,328.0,0.5,1998-03,0%
10962,QUICK,8,1998-03-19,1998-04-16,1998-03-23,2,275.79,QUICK-Stop,Taucherstrae 10,Cunewalde,,1307,Germany,1998,3,March,1998-03,69,36.0,9,0.0,Gudbrandsdalsost,15,4,10 kg pkg.,18.0,26,0,15,0,Dairy Products,18.0,36.0,324.0,162.0,162.0,0.5,1998-03,0%
10962,QUICK,8,1998-03-19,1998-04-16,1998-03-23,2,275.79,QUICK-Stop,Taucherstrae 10,Cunewalde,,1307,Germany,1998,3,March,1998-03,76,18.0,44,0.0,Lakkalikצצri,23,1,500 ml,9.0,57,0,20,0,Beverages,9.0,18.0,792.0,396.0,396.0,0.5,1998-03,0%
10963,FURIB,9,1998-03-19,1998-04-16,1998-03-26,3,2.7,Furia Bacalhau e Frutos do Mar,Jardim das rosas n. 32,Lisboa,,1675,Portugal,1998,3,March,1998-03,60,34.0,2,0.15,Camembert Pierrot,28,4,15 - 300 g rounds,17.0,19,0,0,0,Dairy Products,17.0,34.0,57.8,34.0,23.799999999999997,0.4117647058823529,1998-03,10-20%
10964,SPECD,3,1998-03-20,1998-04-17,1998-03-24,2,87.38,Spיcialitיs du monde,"25, rue Lauriston",Paris,,75016,France,1998,3,March,1998-03,18,62.5,6,0.0,Carnarvon Tigers,7,8,16 kg pkg.,31.25,42,0,0,0,Seafood,31.25,62.5,375.0,187.5,187.5,0.5,1998-03,0%
10964,SPECD,3,1998-03-20,1998-04-17,1998-03-24,2,87.38,Spיcialitיs du monde,"25, rue Lauriston",Paris,,75016,France,1998,3,March,1998-03,38,263.5,5,0.0,Cפte de Blaye,18,1,12 - 75 cl bottles,131.75,17,0,15,0,Beverages,131.75,263.5,1317.5,658.75,658.75,0.5,1998-03,0%
10964,SPECD,3,1998-03-20,1998-04-17,1998-03-24,2,87.38,Spיcialitיs du monde,"25, rue Lauriston",Paris,,75016,France,1998,3,March,1998-03,69,36.0,10,0.0,Gudbrandsdalsost,15,4,10 kg pkg.,18.0,26,0,15,0,Dairy Products,18.0,36.0,360.0,180.0,180.0,0.5,1998-03,0%
10965,OLDWO,6,1998-03-20,1998-04-17,1998-03-30,3,144.38,Old World Delicatessen,2743 Bering St.,Anchorage,AK,99508,USA,1998,3,March,1998-03,51,53.0,16,0.0,Manjimup Dried Apples,24,7,50 - 300 g pkgs.,26.5,20,0,10,0,Produce,26.5,53.0,848.0,424.0,424.0,0.5,1998-03,0%
10966,CHOPS,4,1998-03-20,1998-04-17,1998-04-08,1,27.19,Chop-suey Chinese,Hauptstr. 31,Bern,,3012,Switzerland,1998,3,March,1998-03,37,26.0,8,0.0,Gravad lax,17,8,12 - 500 g pkgs.,13.0,11,50,25,0,Seafood,13.0,26.0,208.0,104.0,104.0,0.5,1998-03,0%
10966,CHOPS,4,1998-03-20,1998-04-17,1998-04-08,1,27.19,Chop-suey Chinese,Hauptstr. 31,Bern,,3012,Switzerland,1998,3,March,1998-03,56,38.0,12,0.15,Gnocchi di nonna Alice,26,5,24 - 250 g pkgs.,19.0,21,10,30,0,Grains/Cereals,19.0,38.0,387.59999999999997,228.0,159.59999999999997,0.41176470588235287,1998-03,10-20%
10966,CHOPS,4,1998-03-20,1998-04-17,1998-04-08,1,27.19,Chop-suey Chinese,Hauptstr. 31,Bern,,3012,Switzerland,1998,3,March,1998-03,62,49.3,12,0.15,Tarte au sucre,29,3,48 pies,24.65,17,0,0,0,Confections,24.65,49.3,502.8599999999999,295.79999999999995,207.05999999999995,0.4117647058823529,1998-03,10-20%
10967,TOMSP,2,1998-03-23,1998-04-20,1998-04-02,2,62.22,Toms Spezialitהten,Luisenstr. 48,Mnster,,44087,Germany,1998,3,March,1998-03,19,9.2,12,0.0,Teatime Chocolate Biscuits,8,3,10 boxes x 12 pieces,4.6,25,0,5,0,Confections,4.6,9.2,110.39999999999999,55.199999999999996,55.199999999999996,0.5,1998-03,0%
10967,TOMSP,2,1998-03-23,1998-04-20,1998-04-02,2,62.22,Toms Spezialitהten,Luisenstr. 48,Mnster,,44087,Germany,1998,3,March,1998-03,49,20.0,40,0.0,Maxilaku,23,3,24 - 50 g pkgs.,10.0,10,60,15,0,Confections,10.0,20.0,800.0,400.0,400.0,0.5,1998-03,0%
10968,ERNSH,1,1998-03-23,1998-04-20,1998-04-01,3,74.6,Ernst Handel,Kirchgasse 6,Graz,,8010,Austria,1998,3,March,1998-03,12,38.0,30,0.0,Queso Manchego La Pastora,5,4,10 - 500 g pkgs.,19.0,86,0,0,0,Dairy Products,19.0,38.0,1140.0,570.0,570.0,0.5,1998-03,0%
10968,ERNSH,1,1998-03-23,1998-04-20,1998-04-01,3,74.6,Ernst Handel,Kirchgasse 6,Graz,,8010,Austria,1998,3,March,1998-03,24,4.5,30,0.0,Guaranב Fantבstica,10,1,12 - 355 ml cans,2.25,20,0,0,1,Beverages,2.25,4.5,135.0,67.5,67.5,0.5,1998-03,0%
10968,ERNSH,1,1998-03-23,1998-04-20,1998-04-01,3,74.6,Ernst Handel,Kirchgasse 6,Graz,,8010,Austria,1998,3,March,1998-03,64,33.25,4,0.0,Wimmers gute Semmelknצdel,12,5,20 bags x 4 pieces,16.625,22,80,30,0,Grains/Cereals,16.625,33.25,133.0,66.5,66.5,0.5,1998-03,0%
10969,COMMI,1,1998-03-23,1998-04-20,1998-03-30,2,0.21,Comיrcio Mineiro,"Av. dos Lusםadas, 23",Sao Paulo,SP,05432-043,Brazil,1998,3,March,1998-03,46,12.0,9,0.0,Spegesild,21,8,4 - 450 g glasses,6.0,95,0,0,0,Seafood,6.0,12.0,108.0,54.0,54.0,0.5,1998-03,0%
10970,BOLID,9,1998-03-24,1998-04-07,1998-04-24,1,16.16,Bףlido Comidas preparadas,"C/ Araquil, 67",Madrid,,28023,Spain,1998,3,March,1998-03,52,7.0,40,0.2,Filo Mix,24,5,16 - 2 kg boxes,3.5,38,0,25,0,Grains/Cereals,3.5,7.0,224.0,140.0,84.0,0.375,1998-03,10-20%
10971,FRANR,2,1998-03-24,1998-04-21,1998-04-02,2,121.82,France restauration,"54, rue Royale",Nantes,,44000,France,1998,3,March,1998-03,29,123.79,14,0.0,Thringer Rostbratwurst,12,6,50 bags x 30 sausgs.,61.895,0,0,0,1,Meat/Poultry,61.895,123.79,1733.0600000000002,866.5300000000001,866.5300000000001,0.5,1998-03,0%
10972,LACOR,4,1998-03-24,1998-04-21,1998-03-26,2,0.02,La corne d'abondance,"67, avenue de l'Europe",Versailles,,78000,France,1998,3,March,1998-03,17,39.0,6,0.0,Alice Mutton,7,6,20 - 1 kg tins,19.5,0,0,0,1,Meat/Poultry,19.5,39.0,234.0,117.0,117.0,0.5,1998-03,0%
10972,LACOR,4,1998-03-24,1998-04-21,1998-03-26,2,0.02,La corne d'abondance,"67, avenue de l'Europe",Versailles,,78000,France,1998,3,March,1998-03,33,2.5,7,0.0,Geitost,15,4,500 g,1.25,112,0,20,0,Dairy Products,1.25,2.5,17.5,8.75,8.75,0.5,1998-03,0%
10973,LACOR,6,1998-03-24,1998-04-21,1998-03-27,2,15.17,La corne d'abondance,"67, avenue de l'Europe",Versailles,,78000,France,1998,3,March,1998-03,26,31.23,5,0.0,Gumbהr Gummibהrchen,11,3,100 - 250 g bags,15.615,15,0,0,0,Confections,15.615,31.23,156.15,78.075,78.075,0.5,1998-03,0%
10973,LACOR,6,1998-03-24,1998-04-21,1998-03-27,2,15.17,La corne d'abondance,"67, avenue de l'Europe",Versailles,,78000,France,1998,3,March,1998-03,41,9.65,6,0.0,Jack's New England Clam Chowder,19,8,12 - 12 oz cans,4.825,85,0,10,0,Seafood,4.825,9.65,57.900000000000006,28.950000000000003,28.950000000000003,0.5,1998-03,0%
10973,LACOR,6,1998-03-24,1998-04-21,1998-03-27,2,15.17,La corne d'abondance,"67, avenue de l'Europe",Versailles,,78000,France,1998,3,March,1998-03,75,7.75,10,0.0,Rhצnbrהu Klosterbier,12,1,24 - 0.5 l bottles,3.875,125,0,25,0,Beverages,3.875,7.75,77.5,38.75,38.75,0.5,1998-03,0%
10974,SPLIR,3,1998-03-25,1998-04-08,1998-04-03,3,12.96,Split Rail Beer & Ale,P.O. Box 555,Lander,WY,82520,USA,1998,3,March,1998-03,63,43.9,10,0.0,Vegie-spread,7,2,15 - 625 g jars,21.95,24,0,5,0,Condiments,21.95,43.9,439.0,219.5,219.5,0.5,1998-03,0%
10975,BOTTM,1,1998-03-25,1998-04-22,1998-03-27,3,32.27,Bottom-Dollar Markets,23 Tsawassen Blvd.,Tsawassen,BC,T2F 8M4,Canada,1998,3,March,1998-03,8,40.0,16,0.0,Northwoods Cranberry Sauce,3,2,12 - 12 oz jars,20.0,6,0,0,0,Condiments,20.0,40.0,640.0,320.0,320.0,0.5,1998-03,0%
10975,BOTTM,1,1998-03-25,1998-04-22,1998-03-27,3,32.27,Bottom-Dollar Markets,23 Tsawassen Blvd.,Tsawassen,BC,T2F 8M4,Canada,1998,3,March,1998-03,75,7.75,10,0.0,Rhצnbrהu Klosterbier,12,1,24 - 0.5 l bottles,3.875,125,0,25,0,Beverages,3.875,7.75,77.5,38.75,38.75,0.5,1998-03,0%
10976,HILAA,1,1998-03-25,1998-05-06,1998-04-03,1,37.97,HILARION-Abastos,Carrera 22 con Ave. Carlos Soublette #8-35,San Cristףbal,Tבchira,5022,Venezuela,1998,3,March,1998-03,28,45.6,20,0.0,Rצssle Sauerkraut,12,7,25 - 825 g cans,22.8,26,0,0,1,Produce,22.8,45.6,912.0,456.0,456.0,0.5,1998-03,0%
10977,FOLKO,8,1998-03-26,1998-04-23,1998-04-10,3,208.5,Folk och fה HB,ֵkergatan 24,Brהcke,,S-844 67,Sweden,1998,3,March,1998-03,39,18.0,30,0.0,Chartreuse verte,18,1,750 cc per bottle,9.0,69,0,5,0,Beverages,9.0,18.0,540.0,270.0,270.0,0.5,1998-03,0%
10977,FOLKO,8,1998-03-26,1998-04-23,1998-04-10,3,208.5,Folk och fה HB,ֵkergatan 24,Brהcke,,S-844 67,Sweden,1998,3,March,1998-03,47,9.5,30,0.0,Zaanse koeken,22,3,10 - 4 oz boxes,4.75,36,0,0,0,Confections,4.75,9.5,285.0,142.5,142.5,0.5,1998-03,0%
10977,FOLKO,8,1998-03-26,1998-04-23,1998-04-10,3,208.5,Folk och fה HB,ֵkergatan 24,Brהcke,,S-844 67,Sweden,1998,3,March,1998-03,51,53.0,10,0.0,Manjimup Dried Apples,24,7,50 - 300 g pkgs.,26.5,20,0,10,0,Produce,26.5,53.0,530.0,265.0,265.0,0.5,1998-03,0%
10977,FOLKO,8,1998-03-26,1998-04-23,1998-04-10,3,208.5,Folk och fה HB,ֵkergatan 24,Brהcke,,S-844 67,Sweden,1998,3,March,1998-03,63,43.9,20,0.0,Vegie-spread,7,2,15 - 625 g jars,21.95,24,0,5,0,Condiments,21.95,43.9,878.0,439.0,439.0,0.5,1998-03,0%
10978,MAISD,9,1998-03-26,1998-04-23,1998-04-23,2,32.82,Maison Dewey,Rue Joseph-Bens 532,Bruxelles,,B-1180,Belgium,1998,3,March,1998-03,8,40.0,20,0.15,Northwoods Cranberry Sauce,3,2,12 - 12 oz jars,20.0,6,0,0,0,Condiments,20.0,40.0,680.0,400.0,280.0,0.4117647058823529,1998-03,10-20%
10978,MAISD,9,1998-03-26,1998-04-23,1998-04-23,2,32.82,Maison Dewey,Rue Joseph-Bens 532,Bruxelles,,B-1180,Belgium,1998,3,March,1998-03,21,10.0,40,0.15,Sir Rodney's Scones,8,3,24 pkgs. x 4 pieces,5.0,3,40,5,0,Confections,5.0,10.0,340.0,200.0,140.0,0.4117647058823529,1998-03,10-20%
10978,MAISD,9,1998-03-26,1998-04-23,1998-04-23,2,32.82,Maison Dewey,Rue Joseph-Bens 532,Bruxelles,,B-1180,Belgium,1998,3,March,1998-03,40,18.4,10,0.0,Boston Crab Meat,19,8,24 - 4 oz tins,9.2,123,0,30,0,Seafood,9.2,18.4,184.0,92.0,92.0,0.5,1998-03,0%
10978,MAISD,9,1998-03-26,1998-04-23,1998-04-23,2,32.82,Maison Dewey,Rue Joseph-Bens 532,Bruxelles,,B-1180,Belgium,1998,3,March,1998-03,44,19.45,6,0.15,Gula Malacca,20,2,20 - 2 kg bags,9.725,27,0,15,0,Condiments,9.725,19.45,99.195,58.349999999999994,40.845,0.411764705882353,1998-03,10-20%
10979,ERNSH,8,1998-03-26,1998-04-23,1998-03-31,2,353.07,Ernst Handel,Kirchgasse 6,Graz,,8010,Austria,1998,3,March,1998-03,7,30.0,18,0.0,Uncle Bob's Organic Dried Pears,3,7,12 - 1 lb pkgs.,15.0,15,0,10,0,Produce,15.0,30.0,540.0,270.0,270.0,0.5,1998-03,0%
10979,ERNSH,8,1998-03-26,1998-04-23,1998-03-31,2,353.07,Ernst Handel,Kirchgasse 6,Graz,,8010,Austria,1998,3,March,1998-03,12,38.0,20,0.0,Queso Manchego La Pastora,5,4,10 - 500 g pkgs.,19.0,86,0,0,0,Dairy Products,19.0,38.0,760.0,380.0,380.0,0.5,1998-03,0%
10979,ERNSH,8,1998-03-26,1998-04-23,1998-03-31,2,353.07,Ernst Handel,Kirchgasse 6,Graz,,8010,Austria,1998,3,March,1998-03,24,4.5,80,0.0,Guaranב Fantבstica,10,1,12 - 355 ml cans,2.25,20,0,0,1,Beverages,2.25,4.5,360.0,180.0,180.0,0.5,1998-03,0%
10979,ERNSH,8,1998-03-26,1998-04-23,1998-03-31,2,353.07,Ernst Handel,Kirchgasse 6,Graz,,8010,Austria,1998,3,March,1998-03,27,43.9,30,0.0,Schoggi Schokolade,11,3,100 - 100 g pieces,21.95,49,0,30,0,Confections,21.95,43.9,1317.0,658.5,658.5,0.5,1998-03,0%
10979,ERNSH,8,1998-03-26,1998-04-23,1998-03-31,2,353.07,Ernst Handel,Kirchgasse 6,Graz,,8010,Austria,1998,3,March,1998-03,31,12.5,24,0.0,Gorgonzola Telino,14,4,12 - 100 g pkgs,6.25,0,70,20,0,Dairy Products,6.25,12.5,300.0,150.0,150.0,0.5,1998-03,0%
10979,ERNSH,8,1998-03-26,1998-04-23,1998-03-31,2,353.07,Ernst Handel,Kirchgasse 6,Graz,,8010,Austria,1998,3,March,1998-03,63,43.9,35,0.0,Vegie-spread,7,2,15 - 625 g jars,21.95,24,0,5,0,Condiments,21.95,43.9,1536.5,768.25,768.25,0.5,1998-03,0%
10980,FOLKO,4,1998-03-27,1998-05-08,1998-04-17,1,1.26,Folk och fה HB,ֵkergatan 24,Brהcke,,S-844 67,Sweden,1998,3,March,1998-03,75,7.75,40,0.2,Rhצnbrהu Klosterbier,12,1,24 - 0.5 l bottles,3.875,125,0,25,0,Beverages,3.875,7.75,248.0,155.0,93.0,0.375,1998-03,10-20%
10981,HANAR,1,1998-03-27,1998-04-24,1998-04-02,2,193.37,Hanari Carnes,"Rua do Paחo, 67",Rio de Janeiro,RJ,05454-876,Brazil,1998,3,March,1998-03,38,263.5,60,0.0,Cפte de Blaye,18,1,12 - 75 cl bottles,131.75,17,0,15,0,Beverages,131.75,263.5,15810.0,7905.0,7905.0,0.5,1998-03,0%
10982,BOTTM,2,1998-03-27,1998-04-24,1998-04-08,1,14.01,Bottom-Dollar Markets,23 Tsawassen Blvd.,Tsawassen,BC,T2F 8M4,Canada,1998,3,March,1998-03,7,30.0,20,0.0,Uncle Bob's Organic Dried Pears,3,7,12 - 1 lb pkgs.,15.0,15,0,10,0,Produce,15.0,30.0,600.0,300.0,300.0,0.5,1998-03,0%
10982,BOTTM,2,1998-03-27,1998-04-24,1998-04-08,1,14.01,Bottom-Dollar Markets,23 Tsawassen Blvd.,Tsawassen,BC,T2F 8M4,Canada,1998,3,March,1998-03,43,46.0,9,0.0,Ipoh Coffee,20,1,16 - 500 g tins,23.0,17,10,25,0,Beverages,23.0,46.0,414.0,207.0,207.0,0.5,1998-03,0%
10983,SAVEA,2,1998-03-27,1998-04-24,1998-04-06,2,657.54,Save-a-lot Markets,187 Suffolk Ln.,Boise,ID,83720,USA,1998,3,March,1998-03,13,6.0,84,0.15,Konbu,6,8,2 kg box,3.0,24,0,5,0,Seafood,3.0,6.0,428.4,252.0,176.39999999999998,0.4117647058823529,1998-03,10-20%
10983,SAVEA,2,1998-03-27,1998-04-24,1998-04-06,2,657.54,Save-a-lot Markets,187 Suffolk Ln.,Boise,ID,83720,USA,1998,3,March,1998-03,57,19.5,15,0.0,Ravioli Angelo,26,5,24 - 250 g pkgs.,9.75,36,0,20,0,Grains/Cereals,9.75,19.5,292.5,146.25,146.25,0.5,1998-03,0%
10984,SAVEA,1,1998-03-30,1998-04-27,1998-04-03,3,211.22,Save-a-lot Markets,187 Suffolk Ln.,Boise,ID,83720,USA,1998,3,March,1998-03,16,17.45,55,0.0,Pavlova,7,3,32 - 500 g boxes,8.725,29,0,10,0,Confections,8.725,17.45,959.75,479.875,479.875,0.5,1998-03,0%
10984,SAVEA,1,1998-03-30,1998-04-27,1998-04-03,3,211.22,Save-a-lot Markets,187 Suffolk Ln.,Boise,ID,83720,USA,1998,3,March,1998-03,24,4.5,20,0.0,Guaranב Fantבstica,10,1,12 - 355 ml cans,2.25,20,0,0,1,Beverages,2.25,4.5,90.0,45.0,45.0,0.5,1998-03,0%
10984,SAVEA,1,1998-03-30,1998-04-27,1998-04-03,3,211.22,Save-a-lot Markets,187 Suffolk Ln.,Boise,ID,83720,USA,1998,3,March,1998-03,36,19.0,40,0.0,Inlagd Sill,17,8,24 - 250 g  jars,9.5,112,0,20,0,Seafood,9.5,19.0,760.0,380.0,380.0,0.5,1998-03,0%
10985,HUNGO,2,1998-03-30,1998-04-27,1998-04-02,1,91.51,Hungry Owl All-Night Grocers,8 Johnstown Road,Cork,Co. Cork,,Ireland,1998,3,March,1998-03,16,17.45,36,0.1,Pavlova,7,3,32 - 500 g boxes,8.725,29,0,10,0,Confections,8.725,17.45,565.38,314.09999999999997,251.28000000000003,0.4444444444444445,1998-03,5-10%
10985,HUNGO,2,1998-03-30,1998-04-27,1998-04-02,1,91.51,Hungry Owl All-Night Grocers,8 Johnstown Road,Cork,Co. Cork,,Ireland,1998,3,March,1998-03,18,62.5,8,0.1,Carnarvon Tigers,7,8,16 kg pkg.,31.25,42,0,0,0,Seafood,31.25,62.5,450.0,250.0,200.0,0.4444444444444444,1998-03,5-10%
10985,HUNGO,2,1998-03-30,1998-04-27,1998-04-02,1,91.51,Hungry Owl All-Night Grocers,8 Johnstown Road,Cork,Co. Cork,,Ireland,1998,3,March,1998-03,32,32.0,35,0.1,Mascarpone Fabioli,14,4,24 - 200 g pkgs.,16.0,9,40,25,0,Dairy Products,16.0,32.0,1008.0,560.0,448.0,0.4444444444444444,1998-03,5-10%
10986,OCEAN,8,1998-03-30,1998-04-27,1998-04-21,2,217.86,Ocיano Atlבntico Ltda.,Ing. Gustavo Moncada 8585 Piso 20-A,Buenos Aires,,1010,Argentina,1998,3,March,1998-03,11,21.0,30,0.0,Queso Cabrales,5,4,1 kg pkg.,10.5,22,30,30,0,Dairy Products,10.5,21.0,630.0,315.0,315.0,0.5,1998-03,0%
10986,OCEAN,8,1998-03-30,1998-04-27,1998-04-21,2,217.86,Ocיano Atlבntico Ltda.,Ing. Gustavo Moncada 8585 Piso 20-A,Buenos Aires,,1010,Argentina,1998,3,March,1998-03,20,81.0,15,0.0,Sir Rodney's Marmalade,8,3,30 gift boxes,40.5,40,0,0,0,Confections,40.5,81.0,1215.0,607.5,607.5,0.5,1998-03,0%
10986,OCEAN,8,1998-03-30,1998-04-27,1998-04-21,2,217.86,Ocיano Atlבntico Ltda.,Ing. Gustavo Moncada 8585 Piso 20-A,Buenos Aires,,1010,Argentina,1998,3,March,1998-03,76,18.0,10,0.0,Lakkalikצצri,23,1,500 ml,9.0,57,0,20,0,Beverages,9.0,18.0,180.0,90.0,90.0,0.5,1998-03,0%
10986,OCEAN,8,1998-03-30,1998-04-27,1998-04-21,2,217.86,Ocיano Atlבntico Ltda.,Ing. Gustavo Moncada 8585 Piso 20-A,Buenos Aires,,1010,Argentina,1998,3,March,1998-03,77,13.0,15,0.0,Original Frankfurter grne Soe,12,2,12 boxes,6.5,32,0,15,0,Condiments,6.5,13.0,195.0,97.5,97.5,0.5,1998-03,0%
10987,EASTC,8,1998-03-31,1998-04-28,1998-04-06,1,185.48,Eastern Connection,35 King George,London,,WX3 6FW,UK,1998,3,March,1998-03,7,30.0,60,0.0,Uncle Bob's Organic Dried Pears,3,7,12 - 1 lb pkgs.,15.0,15,0,10,0,Produce,15.0,30.0,1800.0,900.0,900.0,0.5,1998-03,0%
10987,EASTC,8,1998-03-31,1998-04-28,1998-04-06,1,185.48,Eastern Connection,35 King George,London,,WX3 6FW,UK,1998,3,March,1998-03,43,46.0,6,0.0,Ipoh Coffee,20,1,16 - 500 g tins,23.0,17,10,25,0,Beverages,23.0,46.0,276.0,138.0,138.0,0.5,1998-03,0%
10987,EASTC,8,1998-03-31,1998-04-28,1998-04-06,1,185.48,Eastern Connection,35 King George,London,,WX3 6FW,UK,1998,3,March,1998-03,72,34.8,20,0.0,Mozzarella di Giovanni,14,4,24 - 200 g pkgs.,17.4,14,0,0,0,Dairy Products,17.4,34.8,696.0,348.0,348.0,0.5,1998-03,0%
10988,RATTC,3,1998-03-31,1998-04-28,1998-04-10,2,61.14,Rattlesnake Canyon Grocery,2817 Milton Dr.,Albuquerque,NM,87110,USA,1998,3,March,1998-03,7,30.0,60,0.0,Uncle Bob's Organic Dried Pears,3,7,12 - 1 lb pkgs.,15.0,15,0,10,0,Produce,15.0,30.0,1800.0,900.0,900.0,0.5,1998-03,0%
10988,RATTC,3,1998-03-31,1998-04-28,1998-04-10,2,61.14,Rattlesnake Canyon Grocery,2817 Milton Dr.,Albuquerque,NM,87110,USA,1998,3,March,1998-03,62,49.3,40,0.1,Tarte au sucre,29,3,48 pies,24.65,17,0,0,0,Confections,24.65,49.3,1774.8,986.0,788.8,0.4444444444444444,1998-03,5-10%
10989,QUEDE,2,1998-03-31,1998-04-28,1998-04-02,1,34.76,Que Delםcia,"Rua da Panificadora, 12",Rio de Janeiro,RJ,02389-673,Brazil,1998,3,March,1998-03,6,25.0,40,0.0,Grandma's Boysenberry Spread,3,2,12 - 8 oz jars,12.5,120,0,25,0,Condiments,12.5,25.0,1000.0,500.0,500.0,0.5,1998-03,0%
10989,QUEDE,2,1998-03-31,1998-04-28,1998-04-02,1,34.76,Que Delםcia,"Rua da Panificadora, 12",Rio de Janeiro,RJ,02389-673,Brazil,1998,3,March,1998-03,11,21.0,15,0.0,Queso Cabrales,5,4,1 kg pkg.,10.5,22,30,30,0,Dairy Products,10.5,21.0,315.0,157.5,157.5,0.5,1998-03,0%
10989,QUEDE,2,1998-03-31,1998-04-28,1998-04-02,1,34.76,Que Delםcia,"Rua da Panificadora, 12",Rio de Janeiro,RJ,02389-673,Brazil,1998,3,March,1998-03,41,9.65,4,0.0,Jack's New England Clam Chowder,19,8,12 - 12 oz cans,4.825,85,0,10,0,Seafood,4.825,9.65,38.6,19.3,19.3,0.5,1998-03,0%
10990,ERNSH,2,1998-04-01,1998-05-13,1998-04-07,3,117.61,Ernst Handel,Kirchgasse 6,Graz,,8010,Austria,1998,4,April,1998-04,21,10.0,65,0.0,Sir Rodney's Scones,8,3,24 pkgs. x 4 pieces,5.0,3,40,5,0,Confections,5.0,10.0,650.0,325.0,325.0,0.5,1998-04,0%
10990,ERNSH,2,1998-04-01,1998-05-13,1998-04-07,3,117.61,Ernst Handel,Kirchgasse 6,Graz,,8010,Austria,1998,4,April,1998-04,34,14.0,60,0.15,Sasquatch Ale,16,1,24 - 12 oz bottles,7.0,111,0,15,0,Beverages,7.0,14.0,714.0,420.0,294.0,0.4117647058823529,1998-04,10-20%
10990,ERNSH,2,1998-04-01,1998-05-13,1998-04-07,3,117.61,Ernst Handel,Kirchgasse 6,Graz,,8010,Austria,1998,4,April,1998-04,55,24.0,65,0.15,Pגtי chinois,25,6,24 boxes x 2 pies,12.0,115,0,20,0,Meat/Poultry,12.0,24.0,1326.0,780.0,546.0,0.4117647058823529,1998-04,10-20%
10990,ERNSH,2,1998-04-01,1998-05-13,1998-04-07,3,117.61,Ernst Handel,Kirchgasse 6,Graz,,8010,Austria,1998,4,April,1998-04,61,28.5,66,0.15,Sirop d'יrable,29,2,24 - 500 ml bottles,14.25,113,0,25,0,Condiments,14.25,28.5,1598.85,940.5,658.3499999999999,0.4117647058823529,1998-04,10-20%
10991,QUICK,1,1998-04-01,1998-04-29,1998-04-07,1,38.51,QUICK-Stop,Taucherstrae 10,Cunewalde,,1307,Germany,1998,4,April,1998-04,2,19.0,50,0.2,Chang,1,1,24 - 12 oz bottles,9.5,17,40,25,0,Beverages,9.5,19.0,760.0,475.0,285.0,0.375,1998-04,10-20%
10991,QUICK,1,1998-04-01,1998-04-29,1998-04-07,1,38.51,QUICK-Stop,Taucherstrae 10,Cunewalde,,1307,Germany,1998,4,April,1998-04,70,15.0,20,0.2,Outback Lager,7,1,24 - 355 ml bottles,7.5,15,10,30,0,Beverages,7.5,15.0,240.0,150.0,90.0,0.375,1998-04,10-20%
10991,QUICK,1,1998-04-01,1998-04-29,1998-04-07,1,38.51,QUICK-Stop,Taucherstrae 10,Cunewalde,,1307,Germany,1998,4,April,1998-04,76,18.0,90,0.2,Lakkalikצצri,23,1,500 ml,9.0,57,0,20,0,Beverages,9.0,18.0,1296.0,810.0,486.0,0.375,1998-04,10-20%
10992,THEBI,1,1998-04-01,1998-04-29,1998-04-03,3,4.27,The Big Cheese,89 Jefferson Way Suite 2,Portland,OR,97201,USA,1998,4,April,1998-04,72,34.8,2,0.0,Mozzarella di Giovanni,14,4,24 - 200 g pkgs.,17.4,14,0,0,0,Dairy Products,17.4,34.8,69.6,34.8,34.8,0.5,1998-04,0%
10993,FOLKO,7,1998-04-01,1998-04-29,1998-04-10,3,8.81,Folk och fה HB,ֵkergatan 24,Brהcke,,S-844 67,Sweden,1998,4,April,1998-04,29,123.79,50,0.25,Thringer Rostbratwurst,12,6,50 bags x 30 sausgs.,61.895,0,0,0,1,Meat/Poultry,61.895,123.79,4642.125,3094.75,1547.375,0.3333333333333333,1998-04,20%+
10993,FOLKO,7,1998-04-01,1998-04-29,1998-04-10,3,8.81,Folk och fה HB,ֵkergatan 24,Brהcke,,S-844 67,Sweden,1998,4,April,1998-04,41,9.65,35,0.25,Jack's New England Clam Chowder,19,8,12 - 12 oz cans,4.825,85,0,10,0,Seafood,4.825,9.65,253.3125,168.875,84.4375,0.3333333333333333,1998-04,20%+
10994,VAFFE,2,1998-04-02,1998-04-16,1998-04-09,3,65.53,Vaffeljernet,Smagsloget 45,ֵrhus,,8200,Denmark,1998,4,April,1998-04,59,55.0,18,0.05,Raclette Courdavault,28,4,5 kg pkg.,27.5,79,0,0,0,Dairy Products,27.5,55.0,940.5,495.0,445.5,0.47368421052631576,1998-04,0-5%
10995,PERIC,1,1998-04-02,1998-04-30,1998-04-06,3,46.0,Pericles Comidas clבsicas,Calle Dr. Jorge Cash 321,Mיxico D.F.,,5033,Mexico,1998,4,April,1998-04,51,53.0,20,0.0,Manjimup Dried Apples,24,7,50 - 300 g pkgs.,26.5,20,0,10,0,Produce,26.5,53.0,1060.0,530.0,530.0,0.5,1998-04,0%
10995,PERIC,1,1998-04-02,1998-04-30,1998-04-06,3,46.0,Pericles Comidas clבsicas,Calle Dr. Jorge Cash 321,Mיxico D.F.,,5033,Mexico,1998,4,April,1998-04,60,34.0,4,0.0,Camembert Pierrot,28,4,15 - 300 g rounds,17.0,19,0,0,0,Dairy Products,17.0,34.0,136.0,68.0,68.0,0.5,1998-04,0%
10996,QUICK,4,1998-04-02,1998-04-30,1998-04-10,2,1.12,QUICK-Stop,Taucherstrae 10,Cunewalde,,1307,Germany,1998,4,April,1998-04,42,14.0,40,0.0,Singaporean Hokkien Fried Mee,20,5,32 - 1 kg pkgs.,7.0,26,0,0,1,Grains/Cereals,7.0,14.0,560.0,280.0,280.0,0.5,1998-04,0%
10997,LILAS,8,1998-04-03,1998-05-15,1998-04-13,2,73.91,LILA-Supermercado,Carrera 52 con Ave. Bolםvar #65-98 Llano Largo,Barquisimeto,Lara,3508,Venezuela,1998,4,April,1998-04,32,32.0,50,0.0,Mascarpone Fabioli,14,4,24 - 200 g pkgs.,16.0,9,40,25,0,Dairy Products,16.0,32.0,1600.0,800.0,800.0,0.5,1998-04,0%
10997,LILAS,8,1998-04-03,1998-05-15,1998-04-13,2,73.91,LILA-Supermercado,Carrera 52 con Ave. Bolםvar #65-98 Llano Largo,Barquisimeto,Lara,3508,Venezuela,1998,4,April,1998-04,46,12.0,20,0.25,Spegesild,21,8,4 - 450 g glasses,6.0,95,0,0,0,Seafood,6.0,12.0,180.0,120.0,60.0,0.3333333333333333,1998-04,20%+
10997,LILAS,8,1998-04-03,1998-05-15,1998-04-13,2,73.91,LILA-Supermercado,Carrera 52 con Ave. Bolםvar #65-98 Llano Largo,Barquisimeto,Lara,3508,Venezuela,1998,4,April,1998-04,52,7.0,20,0.25,Filo Mix,24,5,16 - 2 kg boxes,3.5,38,0,25,0,Grains/Cereals,3.5,7.0,105.0,70.0,35.0,0.3333333333333333,1998-04,20%+
10998,WOLZA,8,1998-04-03,1998-04-17,1998-04-17,2,20.31,Wolski Zajazd,ul. Filtrowa 68,Warszawa,,01-012,Poland,1998,4,April,1998-04,24,4.5,12,0.0,Guaranב Fantבstica,10,1,12 - 355 ml cans,2.25,20,0,0,1,Beverages,2.25,4.5,54.0,27.0,27.0,0.5,1998-04,0%
10998,WOLZA,8,1998-04-03,1998-04-17,1998-04-17,2,20.31,Wolski Zajazd,ul. Filtrowa 68,Warszawa,,01-012,Poland,1998,4,April,1998-04,61,28.5,7,0.0,Sirop d'יrable,29,2,24 - 500 ml bottles,14.25,113,0,25,0,Condiments,14.25,28.5,199.5,99.75,99.75,0.5,1998-04,0%
10998,WOLZA,8,1998-04-03,1998-04-17,1998-04-17,2,20.31,Wolski Zajazd,ul. Filtrowa 68,Warszawa,,01-012,Poland,1998,4,April,1998-04,74,10.0,20,0.0,Longlife Tofu,4,7,5 kg pkg.,5.0,4,20,5,0,Produce,5.0,10.0,200.0,100.0,100.0,0.5,1998-04,0%
10998,WOLZA,8,1998-04-03,1998-04-17,1998-04-17,2,20.31,Wolski Zajazd,ul. Filtrowa 68,Warszawa,,01-012,Poland,1998,4,April,1998-04,75,7.75,30,0.0,Rhצnbrהu Klosterbier,12,1,24 - 0.5 l bottles,3.875,125,0,25,0,Beverages,3.875,7.75,232.5,116.25,116.25,0.5,1998-04,0%
10999,OTTIK,6,1998-04-03,1998-05-01,1998-04-10,2,96.35,Ottilies Kהseladen,Mehrheimerstr. 369,Kצln,,50739,Germany,1998,4,April,1998-04,41,9.65,20,0.05,Jack's New England Clam Chowder,19,8,12 - 12 oz cans,4.825,85,0,10,0,Seafood,4.825,9.65,183.35,96.5,86.85,0.47368421052631576,1998-04,0-5%
10999,OTTIK,6,1998-04-03,1998-05-01,1998-04-10,2,96.35,Ottilies Kהseladen,Mehrheimerstr. 369,Kצln,,50739,Germany,1998,4,April,1998-04,51,53.0,15,0.05,Manjimup Dried Apples,24,7,50 - 300 g pkgs.,26.5,20,0,10,0,Produce,26.5,53.0,755.25,397.5,357.75,0.47368421052631576,1998-04,0-5%
10999,OTTIK,6,1998-04-03,1998-05-01,1998-04-10,2,96.35,Ottilies Kהseladen,Mehrheimerstr. 369,Kצln,,50739,Germany,1998,4,April,1998-04,77,13.0,21,0.05,Original Frankfurter grne Soe,12,2,12 boxes,6.5,32,0,15,0,Condiments,6.5,13.0,259.34999999999997,136.5,122.84999999999997,0.4736842105263157,1998-04,0-5%
11000,RATTC,2,1998-04-06,1998-05-04,1998-04-14,3,55.12,Rattlesnake Canyon Grocery,2817 Milton Dr.,Albuquerque,NM,87110,USA,1998,4,April,1998-04,4,22.0,25,0.25,Chef Anton's Cajun Seasoning,2,2,48 - 6 oz jars,11.0,53,0,0,0,Condiments,11.0,22.0,412.5,275.0,137.5,0.3333333333333333,1998-04,20%+
11000,RATTC,2,1998-04-06,1998-05-04,1998-04-14,3,55.12,Rattlesnake Canyon Grocery,2817 Milton Dr.,Albuquerque,NM,87110,USA,1998,4,April,1998-04,24,4.5,30,0.25,Guaranב Fantבstica,10,1,12 - 355 ml cans,2.25,20,0,0,1,Beverages,2.25,4.5,101.25,67.5,33.75,0.3333333333333333,1998-04,20%+
11000,RATTC,2,1998-04-06,1998-05-04,1998-04-14,3,55.12,Rattlesnake Canyon Grocery,2817 Milton Dr.,Albuquerque,NM,87110,USA,1998,4,April,1998-04,77,13.0,30,0.0,Original Frankfurter grne Soe,12,2,12 boxes,6.5,32,0,15,0,Condiments,6.5,13.0,390.0,195.0,195.0,0.5,1998-04,0%
11001,FOLKO,2,1998-04-06,1998-05-04,1998-04-14,2,197.3,Folk och fה HB,ֵkergatan 24,Brהcke,,S-844 67,Sweden,1998,4,April,1998-04,7,30.0,60,0.0,Uncle Bob's Organic Dried Pears,3,7,12 - 1 lb pkgs.,15.0,15,0,10,0,Produce,15.0,30.0,1800.0,900.0,900.0,0.5,1998-04,0%
11001,FOLKO,2,1998-04-06,1998-05-04,1998-04-14,2,197.3,Folk och fה HB,ֵkergatan 24,Brהcke,,S-844 67,Sweden,1998,4,April,1998-04,22,21.0,25,0.0,Gustaf's Knהckebrצd,9,5,24 - 500 g pkgs.,10.5,104,0,25,0,Grains/Cereals,10.5,21.0,525.0,262.5,262.5,0.5,1998-04,0%
11001,FOLKO,2,1998-04-06,1998-05-04,1998-04-14,2,197.3,Folk och fה HB,ֵkergatan 24,Brהcke,,S-844 67,Sweden,1998,4,April,1998-04,46,12.0,25,0.0,Spegesild,21,8,4 - 450 g glasses,6.0,95,0,0,0,Seafood,6.0,12.0,300.0,150.0,150.0,0.5,1998-04,0%
11001,FOLKO,2,1998-04-06,1998-05-04,1998-04-14,2,197.3,Folk och fה HB,ֵkergatan 24,Brהcke,,S-844 67,Sweden,1998,4,April,1998-04,55,24.0,6,0.0,Pגtי chinois,25,6,24 boxes x 2 pies,12.0,115,0,20,0,Meat/Poultry,12.0,24.0,144.0,72.0,72.0,0.5,1998-04,0%
11002,SAVEA,4,1998-04-06,1998-05-04,1998-04-16,1,141.16,Save-a-lot Markets,187 Suffolk Ln.,Boise,ID,83720,USA,1998,4,April,1998-04,13,6.0,56,0.0,Konbu,6,8,2 kg box,3.0,24,0,5,0,Seafood,3.0,6.0,336.0,168.0,168.0,0.5,1998-04,0%
11002,SAVEA,4,1998-04-06,1998-05-04,1998-04-16,1,141.16,Save-a-lot Markets,187 Suffolk Ln.,Boise,ID,83720,USA,1998,4,April,1998-04,35,18.0,15,0.15,Steeleye Stout,16,1,24 - 12 oz bottles,9.0,20,0,15,0,Beverages,9.0,18.0,229.5,135.0,94.5,0.4117647058823529,1998-04,10-20%
11002,SAVEA,4,1998-04-06,1998-05-04,1998-04-16,1,141.16,Save-a-lot Markets,187 Suffolk Ln.,Boise,ID,83720,USA,1998,4,April,1998-04,42,14.0,24,0.15,Singaporean Hokkien Fried Mee,20,5,32 - 1 kg pkgs.,7.0,26,0,0,1,Grains/Cereals,7.0,14.0,285.59999999999997,168.0,117.59999999999997,0.41176470588235287,1998-04,10-20%
11002,SAVEA,4,1998-04-06,1998-05-04,1998-04-16,1,141.16,Save-a-lot Markets,187 Suffolk Ln.,Boise,ID,83720,USA,1998,4,April,1998-04,55,24.0,40,0.0,Pגtי chinois,25,6,24 boxes x 2 pies,12.0,115,0,20,0,Meat/Poultry,12.0,24.0,960.0,480.0,480.0,0.5,1998-04,0%
11003,THECR,3,1998-04-06,1998-05-04,1998-04-08,3,14.91,The Cracker Box,55 Grizzly Peak Rd.,Butte,MT,59801,USA,1998,4,April,1998-04,1,18.0,4,0.0,Chai,1,1,10 boxes x 20 bags,9.0,39,0,10,0,Beverages,9.0,18.0,72.0,36.0,36.0,0.5,1998-04,0%
11003,THECR,3,1998-04-06,1998-05-04,1998-04-08,3,14.91,The Cracker Box,55 Grizzly Peak Rd.,Butte,MT,59801,USA,1998,4,April,1998-04,40,18.4,10,0.0,Boston Crab Meat,19,8,24 - 4 oz tins,9.2,123,0,30,0,Seafood,9.2,18.4,184.0,92.0,92.0,0.5,1998-04,0%
11003,THECR,3,1998-04-06,1998-05-04,1998-04-08,3,14.91,The Cracker Box,55 Grizzly Peak Rd.,Butte,MT,59801,USA,1998,4,April,1998-04,52,7.0,10,0.0,Filo Mix,24,5,16 - 2 kg boxes,3.5,38,0,25,0,Grains/Cereals,3.5,7.0,70.0,35.0,35.0,0.5,1998-04,0%
11004,MAISD,3,1998-04-07,1998-05-05,1998-04-20,1,44.84,Maison Dewey,Rue Joseph-Bens 532,Bruxelles,,B-1180,Belgium,1998,4,April,1998-04,26,31.23,6,0.0,Gumbהr Gummibהrchen,11,3,100 - 250 g bags,15.615,15,0,0,0,Confections,15.615,31.23,187.38,93.69,93.69,0.5,1998-04,0%
11004,MAISD,3,1998-04-07,1998-05-05,1998-04-20,1,44.84,Maison Dewey,Rue Joseph-Bens 532,Bruxelles,,B-1180,Belgium,1998,4,April,1998-04,76,18.0,6,0.0,Lakkalikצצri,23,1,500 ml,9.0,57,0,20,0,Beverages,9.0,18.0,108.0,54.0,54.0,0.5,1998-04,0%
11005,WILMK,2,1998-04-07,1998-05-05,1998-04-10,1,0.75,Wilman Kala,Keskuskatu 45,Helsinki,,21240,Finland,1998,4,April,1998-04,1,18.0,2,0.0,Chai,1,1,10 boxes x 20 bags,9.0,39,0,10,0,Beverages,9.0,18.0,36.0,18.0,18.0,0.5,1998-04,0%
11005,WILMK,2,1998-04-07,1998-05-05,1998-04-10,1,0.75,Wilman Kala,Keskuskatu 45,Helsinki,,21240,Finland,1998,4,April,1998-04,59,55.0,10,0.0,Raclette Courdavault,28,4,5 kg pkg.,27.5,79,0,0,0,Dairy Products,27.5,55.0,550.0,275.0,275.0,0.5,1998-04,0%
11006,GREAL,3,1998-04-07,1998-05-05,1998-04-15,2,25.19,Great Lakes Food Market,2732 Baker Blvd.,Eugene,OR,97403,USA,1998,4,April,1998-04,1,18.0,8,0.0,Chai,1,1,10 boxes x 20 bags,9.0,39,0,10,0,Beverages,9.0,18.0,144.0,72.0,72.0,0.5,1998-04,0%
11006,GREAL,3,1998-04-07,1998-05-05,1998-04-15,2,25.19,Great Lakes Food Market,2732 Baker Blvd.,Eugene,OR,97403,USA,1998,4,April,1998-04,29,123.79,2,0.25,Thringer Rostbratwurst,12,6,50 bags x 30 sausgs.,61.895,0,0,0,1,Meat/Poultry,61.895,123.79,185.685,123.79,61.894999999999996,0.3333333333333333,1998-04,20%+
11007,PRINI,8,1998-04-08,1998-05-06,1998-04-13,2,202.24,Princesa Isabel Vinhos,Estrada da saתde n. 58,Lisboa,,1756,Portugal,1998,4,April,1998-04,8,40.0,30,0.0,Northwoods Cranberry Sauce,3,2,12 - 12 oz jars,20.0,6,0,0,0,Condiments,20.0,40.0,1200.0,600.0,600.0,0.5,1998-04,0%
11007,PRINI,8,1998-04-08,1998-05-06,1998-04-13,2,202.24,Princesa Isabel Vinhos,Estrada da saתde n. 58,Lisboa,,1756,Portugal,1998,4,April,1998-04,29,123.79,10,0.0,Thringer Rostbratwurst,12,6,50 bags x 30 sausgs.,61.895,0,0,0,1,Meat/Poultry,61.895,123.79,1237.9,618.95,618.95,0.5,1998-04,0%
11007,PRINI,8,1998-04-08,1998-05-06,1998-04-13,2,202.24,Princesa Isabel Vinhos,Estrada da saתde n. 58,Lisboa,,1756,Portugal,1998,4,April,1998-04,42,14.0,14,0.0,Singaporean Hokkien Fried Mee,20,5,32 - 1 kg pkgs.,7.0,26,0,0,1,Grains/Cereals,7.0,14.0,196.0,98.0,98.0,0.5,1998-04,0%
11008,ERNSH,7,1998-04-08,1998-05-06,,3,79.46,Ernst Handel,Kirchgasse 6,Graz,,8010,Austria,1998,4,April,1998-04,28,45.6,70,0.05,Rצssle Sauerkraut,12,7,25 - 825 g cans,22.8,26,0,0,1,Produce,22.8,45.6,3032.3999999999996,1596.0,1436.3999999999996,0.4736842105263157,1998-04,0-5%
11008,ERNSH,7,1998-04-08,1998-05-06,,3,79.46,Ernst Handel,Kirchgasse 6,Graz,,8010,Austria,1998,4,April,1998-04,34,14.0,90,0.05,Sasquatch Ale,16,1,24 - 12 oz bottles,7.0,111,0,15,0,Beverages,7.0,14.0,1197.0,630.0,567.0,0.47368421052631576,1998-04,0-5%
11008,ERNSH,7,1998-04-08,1998-05-06,,3,79.46,Ernst Handel,Kirchgasse 6,Graz,,8010,Austria,1998,4,April,1998-04,71,21.5,21,0.0,Flotemysost,15,4,10 - 500 g pkgs.,10.75,26,0,0,0,Dairy Products,10.75,21.5,451.5,225.75,225.75,0.5,1998-04,0%
11009,GODOS,2,1998-04-08,1998-05-06,1998-04-10,1,59.11,Godos Cocina Tםpica,"C/ Romero, 33",Sevilla,,41101,Spain,1998,4,April,1998-04,24,4.5,12,0.0,Guaranב Fantבstica,10,1,12 - 355 ml cans,2.25,20,0,0,1,Beverages,2.25,4.5,54.0,27.0,27.0,0.5,1998-04,0%
11009,GODOS,2,1998-04-08,1998-05-06,1998-04-10,1,59.11,Godos Cocina Tםpica,"C/ Romero, 33",Sevilla,,41101,Spain,1998,4,April,1998-04,36,19.0,18,0.25,Inlagd Sill,17,8,24 - 250 g  jars,9.5,112,0,20,0,Seafood,9.5,19.0,256.5,171.0,85.5,0.3333333333333333,1998-04,20%+
11009,GODOS,2,1998-04-08,1998-05-06,1998-04-10,1,59.11,Godos Cocina Tםpica,"C/ Romero, 33",Sevilla,,41101,Spain,1998,4,April,1998-04,60,34.0,9,0.0,Camembert Pierrot,28,4,15 - 300 g rounds,17.0,19,0,0,0,Dairy Products,17.0,34.0,306.0,153.0,153.0,0.5,1998-04,0%
11010,REGGC,2,1998-04-09,1998-05-07,1998-04-21,2,28.71,Reggiani Caseifici,Strada Provinciale 124,Reggio Emilia,,42100,Italy,1998,4,April,1998-04,7,30.0,20,0.0,Uncle Bob's Organic Dried Pears,3,7,12 - 1 lb pkgs.,15.0,15,0,10,0,Produce,15.0,30.0,600.0,300.0,300.0,0.5,1998-04,0%
11010,REGGC,2,1998-04-09,1998-05-07,1998-04-21,2,28.71,Reggiani Caseifici,Strada Provinciale 124,Reggio Emilia,,42100,Italy,1998,4,April,1998-04,24,4.5,10,0.0,Guaranב Fantבstica,10,1,12 - 355 ml cans,2.25,20,0,0,1,Beverages,2.25,4.5,45.0,22.5,22.5,0.5,1998-04,0%
11011,ALFKI,3,1998-04-09,1998-05-07,1998-04-13,1,1.21,Alfred's Futterkiste,Obere Str. 57,Berlin,,12209,Germany,1998,4,April,1998-04,58,13.25,40,0.05,Escargots de Bourgogne,27,8,24 pieces,6.625,62,0,20,0,Seafood,6.625,13.25,503.5,265.0,238.5,0.47368421052631576,1998-04,0-5%
11011,ALFKI,3,1998-04-09,1998-05-07,1998-04-13,1,1.21,Alfred's Futterkiste,Obere Str. 57,Berlin,,12209,Germany,1998,4,April,1998-04,71,21.5,20,0.0,Flotemysost,15,4,10 - 500 g pkgs.,10.75,26,0,0,0,Dairy Products,10.75,21.5,430.0,215.0,215.0,0.5,1998-04,0%
11012,FRANK,1,1998-04-09,1998-04-23,1998-04-17,3,242.95,Frankenversand,Berliner Platz 43,Mnchen,,80805,Germany,1998,4,April,1998-04,19,9.2,50,0.05,Teatime Chocolate Biscuits,8,3,10 boxes x 12 pieces,4.6,25,0,5,0,Confections,4.6,9.2,436.99999999999994,229.99999999999997,206.99999999999997,0.47368421052631576,1998-04,0-5%
11012,FRANK,1,1998-04-09,1998-04-23,1998-04-17,3,242.95,Frankenversand,Berliner Platz 43,Mnchen,,80805,Germany,1998,4,April,1998-04,60,34.0,36,0.05,Camembert Pierrot,28,4,15 - 300 g rounds,17.0,19,0,0,0,Dairy Products,17.0,34.0,1162.8,612.0,550.8,0.47368421052631576,1998-04,0-5%
11012,FRANK,1,1998-04-09,1998-04-23,1998-04-17,3,242.95,Frankenversand,Berliner Platz 43,Mnchen,,80805,Germany,1998,4,April,1998-04,71,21.5,60,0.05,Flotemysost,15,4,10 - 500 g pkgs.,10.75,26,0,0,0,Dairy Products,10.75,21.5,1225.5,645.0,580.5,0.47368421052631576,1998-04,0-5%
11013,ROMEY,2,1998-04-09,1998-05-07,1998-04-10,1,32.99,Romero y tomillo,"Gran Vםa, 1",Madrid,,28001,Spain,1998,4,April,1998-04,23,9.0,10,0.0,Tunnbrצd,9,5,12 - 250 g pkgs.,4.5,61,0,25,0,Grains/Cereals,4.5,9.0,90.0,45.0,45.0,0.5,1998-04,0%
11013,ROMEY,2,1998-04-09,1998-05-07,1998-04-10,1,32.99,Romero y tomillo,"Gran Vםa, 1",Madrid,,28001,Spain,1998,4,April,1998-04,42,14.0,4,0.0,Singaporean Hokkien Fried Mee,20,5,32 - 1 kg pkgs.,7.0,26,0,0,1,Grains/Cereals,7.0,14.0,56.0,28.0,28.0,0.5,1998-04,0%
11013,ROMEY,2,1998-04-09,1998-05-07,1998-04-10,1,32.99,Romero y tomillo,"Gran Vםa, 1",Madrid,,28001,Spain,1998,4,April,1998-04,45,9.5,20,0.0,Rogede sild,21,8,1k pkg.,4.75,5,70,15,0,Seafood,4.75,9.5,190.0,95.0,95.0,0.5,1998-04,0%
11013,ROMEY,2,1998-04-09,1998-05-07,1998-04-10,1,32.99,Romero y tomillo,"Gran Vםa, 1",Madrid,,28001,Spain,1998,4,April,1998-04,68,12.5,2,0.0,Scottish Longbreads,8,3,10 boxes x 8 pieces,6.25,6,10,15,0,Confections,6.25,12.5,25.0,12.5,12.5,0.5,1998-04,0%
11014,LINOD,2,1998-04-10,1998-05-08,1998-04-15,3,23.6,LINO-Delicateses,Ave. 5 de Mayo Porlamar,I. de Margarita,Nueva Esparta,4980,Venezuela,1998,4,April,1998-04,41,9.65,28,0.1,Jack's New England Clam Chowder,19,8,12 - 12 oz cans,4.825,85,0,10,0,Seafood,4.825,9.65,243.18,135.1,108.08000000000001,0.4444444444444445,1998-04,5-10%
11015,SANTG,2,1998-04-10,1998-04-24,1998-04-20,2,4.62,Santי Gourmet,Erling Skakkes gate 78,Stavern,,4110,Norway,1998,4,April,1998-04,30,25.89,15,0.0,Nord-Ost Matjeshering,13,8,10 - 200 g glasses,12.945,10,0,15,0,Seafood,12.945,25.89,388.35,194.175,194.175,0.5,1998-04,0%
11015,SANTG,2,1998-04-10,1998-04-24,1998-04-20,2,4.62,Santי Gourmet,Erling Skakkes gate 78,Stavern,,4110,Norway,1998,4,April,1998-04,77,13.0,18,0.0,Original Frankfurter grne Soe,12,2,12 boxes,6.5,32,0,15,0,Condiments,6.5,13.0,234.0,117.0,117.0,0.5,1998-04,0%
11016,AROUT,9,1998-04-10,1998-05-08,1998-04-13,2,33.8,Around the Horn,Brook Farm Stratford St. Mary,Colchester,Essex,CO7 6JX,UK,1998,4,April,1998-04,31,12.5,15,0.0,Gorgonzola Telino,14,4,12 - 100 g pkgs,6.25,0,70,20,0,Dairy Products,6.25,12.5,187.5,93.75,93.75,0.5,1998-04,0%
11016,AROUT,9,1998-04-10,1998-05-08,1998-04-13,2,33.8,Around the Horn,Brook Farm Stratford St. Mary,Colchester,Essex,CO7 6JX,UK,1998,4,April,1998-04,36,19.0,16,0.0,Inlagd Sill,17,8,24 - 250 g  jars,9.5,112,0,20,0,Seafood,9.5,19.0,304.0,152.0,152.0,0.5,1998-04,0%
11017,ERNSH,9,1998-04-13,1998-05-11,1998-04-20,2,754.26,Ernst Handel,Kirchgasse 6,Graz,,8010,Austria,1998,4,April,1998-04,3,10.0,25,0.0,Aniseed Syrup,1,2,12 - 550 ml bottles,5.0,13,70,25,0,Condiments,5.0,10.0,250.0,125.0,125.0,0.5,1998-04,0%
11017,ERNSH,9,1998-04-13,1998-05-11,1998-04-20,2,754.26,Ernst Handel,Kirchgasse 6,Graz,,8010,Austria,1998,4,April,1998-04,59,55.0,110,0.0,Raclette Courdavault,28,4,5 kg pkg.,27.5,79,0,0,0,Dairy Products,27.5,55.0,6050.0,3025.0,3025.0,0.5,1998-04,0%
11017,ERNSH,9,1998-04-13,1998-05-11,1998-04-20,2,754.26,Ernst Handel,Kirchgasse 6,Graz,,8010,Austria,1998,4,April,1998-04,70,15.0,30,0.0,Outback Lager,7,1,24 - 355 ml bottles,7.5,15,10,30,0,Beverages,7.5,15.0,450.0,225.0,225.0,0.5,1998-04,0%
11018,LONEP,4,1998-04-13,1998-05-11,1998-04-16,2,11.65,Lonesome Pine Restaurant,89 Chiaroscuro Rd.,Portland,OR,97219,USA,1998,4,April,1998-04,12,38.0,20,0.0,Queso Manchego La Pastora,5,4,10 - 500 g pkgs.,19.0,86,0,0,0,Dairy Products,19.0,38.0,760.0,380.0,380.0,0.5,1998-04,0%
11018,LONEP,4,1998-04-13,1998-05-11,1998-04-16,2,11.65,Lonesome Pine Restaurant,89 Chiaroscuro Rd.,Portland,OR,97219,USA,1998,4,April,1998-04,18,62.5,10,0.0,Carnarvon Tigers,7,8,16 kg pkg.,31.25,42,0,0,0,Seafood,31.25,62.5,625.0,312.5,312.5,0.5,1998-04,0%
11018,LONEP,4,1998-04-13,1998-05-11,1998-04-16,2,11.65,Lonesome Pine Restaurant,89 Chiaroscuro Rd.,Portland,OR,97219,USA,1998,4,April,1998-04,56,38.0,5,0.0,Gnocchi di nonna Alice,26,5,24 - 250 g pkgs.,19.0,21,10,30,0,Grains/Cereals,19.0,38.0,190.0,95.0,95.0,0.5,1998-04,0%
11019,RANCH,6,1998-04-13,1998-05-11,,3,3.17,Rancho grande,Av. del Libertador 900,Buenos Aires,,1010,Argentina,1998,4,April,1998-04,46,12.0,3,0.0,Spegesild,21,8,4 - 450 g glasses,6.0,95,0,0,0,Seafood,6.0,12.0,36.0,18.0,18.0,0.5,1998-04,0%
11019,RANCH,6,1998-04-13,1998-05-11,,3,3.17,Rancho grande,Av. del Libertador 900,Buenos Aires,,1010,Argentina,1998,4,April,1998-04,49,20.0,2,0.0,Maxilaku,23,3,24 - 50 g pkgs.,10.0,10,60,15,0,Confections,10.0,20.0,40.0,20.0,20.0,0.5,1998-04,0%
11020,OTTIK,2,1998-04-14,1998-05-12,1998-04-16,2,43.3,Ottilies Kהseladen,Mehrheimerstr. 369,Kצln,,50739,Germany,1998,4,April,1998-04,10,31.0,24,0.15,Ikura,4,8,12 - 200 ml jars,15.5,31,0,0,0,Seafood,15.5,31.0,632.4,372.0,260.4,0.4117647058823529,1998-04,10-20%
11021,QUICK,3,1998-04-14,1998-05-12,1998-04-21,1,297.18,QUICK-Stop,Taucherstrae 10,Cunewalde,,1307,Germany,1998,4,April,1998-04,2,19.0,11,0.25,Chang,1,1,24 - 12 oz bottles,9.5,17,40,25,0,Beverages,9.5,19.0,156.75,104.5,52.25,0.3333333333333333,1998-04,20%+
11021,QUICK,3,1998-04-14,1998-05-12,1998-04-21,1,297.18,QUICK-Stop,Taucherstrae 10,Cunewalde,,1307,Germany,1998,4,April,1998-04,20,81.0,15,0.0,Sir Rodney's Marmalade,8,3,30 gift boxes,40.5,40,0,0,0,Confections,40.5,81.0,1215.0,607.5,607.5,0.5,1998-04,0%
11021,QUICK,3,1998-04-14,1998-05-12,1998-04-21,1,297.18,QUICK-Stop,Taucherstrae 10,Cunewalde,,1307,Germany,1998,4,April,1998-04,26,31.23,63,0.0,Gumbהr Gummibהrchen,11,3,100 - 250 g bags,15.615,15,0,0,0,Confections,15.615,31.23,1967.49,983.745,983.745,0.5,1998-04,0%
11021,QUICK,3,1998-04-14,1998-05-12,1998-04-21,1,297.18,QUICK-Stop,Taucherstrae 10,Cunewalde,,1307,Germany,1998,4,April,1998-04,51,53.0,44,0.25,Manjimup Dried Apples,24,7,50 - 300 g pkgs.,26.5,20,0,10,0,Produce,26.5,53.0,1749.0,1166.0,583.0,0.3333333333333333,1998-04,20%+
11021,QUICK,3,1998-04-14,1998-05-12,1998-04-21,1,297.18,QUICK-Stop,Taucherstrae 10,Cunewalde,,1307,Germany,1998,4,April,1998-04,72,34.8,35,0.0,Mozzarella di Giovanni,14,4,24 - 200 g pkgs.,17.4,14,0,0,0,Dairy Products,17.4,34.8,1218.0,609.0,609.0,0.5,1998-04,0%
11022,HANAR,9,1998-04-14,1998-05-12,1998-05-04,2,6.27,Hanari Carnes,"Rua do Paחo, 67",Rio de Janeiro,RJ,05454-876,Brazil,1998,4,April,1998-04,19,9.2,35,0.0,Teatime Chocolate Biscuits,8,3,10 boxes x 12 pieces,4.6,25,0,5,0,Confections,4.6,9.2,322.0,161.0,161.0,0.5,1998-04,0%
11022,HANAR,9,1998-04-14,1998-05-12,1998-05-04,2,6.27,Hanari Carnes,"Rua do Paחo, 67",Rio de Janeiro,RJ,05454-876,Brazil,1998,4,April,1998-04,69,36.0,30,0.0,Gudbrandsdalsost,15,4,10 kg pkg.,18.0,26,0,15,0,Dairy Products,18.0,36.0,1080.0,540.0,540.0,0.5,1998-04,0%
11023,BSBEV,1,1998-04-14,1998-04-28,1998-04-24,2,123.83,B's Beverages,Fauntleroy Circus,London,,EC2 5NT,UK,1998,4,April,1998-04,7,30.0,4,0.0,Uncle Bob's Organic Dried Pears,3,7,12 - 1 lb pkgs.,15.0,15,0,10,0,Produce,15.0,30.0,120.0,60.0,60.0,0.5,1998-04,0%
11023,BSBEV,1,1998-04-14,1998-04-28,1998-04-24,2,123.83,B's Beverages,Fauntleroy Circus,London,,EC2 5NT,UK,1998,4,April,1998-04,43,46.0,30,0.0,Ipoh Coffee,20,1,16 - 500 g tins,23.0,17,10,25,0,Beverages,23.0,46.0,1380.0,690.0,690.0,0.5,1998-04,0%
11024,EASTC,4,1998-04-15,1998-05-13,1998-04-20,1,74.36,Eastern Connection,35 King George,London,,WX3 6FW,UK,1998,4,April,1998-04,26,31.23,12,0.0,Gumbהr Gummibהrchen,11,3,100 - 250 g bags,15.615,15,0,0,0,Confections,15.615,31.23,374.76,187.38,187.38,0.5,1998-04,0%
11024,EASTC,4,1998-04-15,1998-05-13,1998-04-20,1,74.36,Eastern Connection,35 King George,London,,WX3 6FW,UK,1998,4,April,1998-04,33,2.5,30,0.0,Geitost,15,4,500 g,1.25,112,0,20,0,Dairy Products,1.25,2.5,75.0,37.5,37.5,0.5,1998-04,0%
11024,EASTC,4,1998-04-15,1998-05-13,1998-04-20,1,74.36,Eastern Connection,35 King George,London,,WX3 6FW,UK,1998,4,April,1998-04,65,21.05,21,0.0,Louisiana Fiery Hot Pepper Sauce,2,2,32 - 8 oz bottles,10.525,76,0,0,0,Condiments,10.525,21.05,442.05,221.025,221.025,0.5,1998-04,0%
11024,EASTC,4,1998-04-15,1998-05-13,1998-04-20,1,74.36,Eastern Connection,35 King George,London,,WX3 6FW,UK,1998,4,April,1998-04,71,21.5,50,0.0,Flotemysost,15,4,10 - 500 g pkgs.,10.75,26,0,0,0,Dairy Products,10.75,21.5,1075.0,537.5,537.5,0.5,1998-04,0%
11025,WARTH,6,1998-04-15,1998-05-13,1998-04-24,3,29.17,Wartian Herkku,Torikatu 38,Oulu,,90110,Finland,1998,4,April,1998-04,1,18.0,10,0.1,Chai,1,1,10 boxes x 20 bags,9.0,39,0,10,0,Beverages,9.0,18.0,162.0,90.0,72.0,0.4444444444444444,1998-04,5-10%
11025,WARTH,6,1998-04-15,1998-05-13,1998-04-24,3,29.17,Wartian Herkku,Torikatu 38,Oulu,,90110,Finland,1998,4,April,1998-04,13,6.0,20,0.1,Konbu,6,8,2 kg box,3.0,24,0,5,0,Seafood,3.0,6.0,108.0,60.0,48.0,0.4444444444444444,1998-04,5-10%
11026,FRANS,4,1998-04-15,1998-05-13,1998-04-28,1,47.09,Franchi S.p.A.,Via Monte Bianco 34,Torino,,10100,Italy,1998,4,April,1998-04,18,62.5,8,0.0,Carnarvon Tigers,7,8,16 kg pkg.,31.25,42,0,0,0,Seafood,31.25,62.5,500.0,250.0,250.0,0.5,1998-04,0%
11026,FRANS,4,1998-04-15,1998-05-13,1998-04-28,1,47.09,Franchi S.p.A.,Via Monte Bianco 34,Torino,,10100,Italy,1998,4,April,1998-04,51,53.0,10,0.0,Manjimup Dried Apples,24,7,50 - 300 g pkgs.,26.5,20,0,10,0,Produce,26.5,53.0,530.0,265.0,265.0,0.5,1998-04,0%
11027,BOTTM,1,1998-04-16,1998-05-14,1998-04-20,1,52.52,Bottom-Dollar Markets,23 Tsawassen Blvd.,Tsawassen,BC,T2F 8M4,Canada,1998,4,April,1998-04,24,4.5,30,0.25,Guaranב Fantבstica,10,1,12 - 355 ml cans,2.25,20,0,0,1,Beverages,2.25,4.5,101.25,67.5,33.75,0.3333333333333333,1998-04,20%+
11027,BOTTM,1,1998-04-16,1998-05-14,1998-04-20,1,52.52,Bottom-Dollar Markets,23 Tsawassen Blvd.,Tsawassen,BC,T2F 8M4,Canada,1998,4,April,1998-04,62,49.3,21,0.25,Tarte au sucre,29,3,48 pies,24.65,17,0,0,0,Confections,24.65,49.3,776.4749999999999,517.65,258.82499999999993,0.33333333333333326,1998-04,20%+
11028,KOENE,2,1998-04-16,1998-05-14,1998-04-22,1,29.59,Kצniglich Essen,Maubelstr. 90,Brandenburg,,14776,Germany,1998,4,April,1998-04,55,24.0,35,0.0,Pגtי chinois,25,6,24 boxes x 2 pies,12.0,115,0,20,0,Meat/Poultry,12.0,24.0,840.0,420.0,420.0,0.5,1998-04,0%
11028,KOENE,2,1998-04-16,1998-05-14,1998-04-22,1,29.59,Kצniglich Essen,Maubelstr. 90,Brandenburg,,14776,Germany,1998,4,April,1998-04,59,55.0,24,0.0,Raclette Courdavault,28,4,5 kg pkg.,27.5,79,0,0,0,Dairy Products,27.5,55.0,1320.0,660.0,660.0,0.5,1998-04,0%
11029,CHOPS,4,1998-04-16,1998-05-14,1998-04-27,1,47.84,Chop-suey Chinese,Hauptstr. 31,Bern,,3012,Switzerland,1998,4,April,1998-04,56,38.0,20,0.0,Gnocchi di nonna Alice,26,5,24 - 250 g pkgs.,19.0,21,10,30,0,Grains/Cereals,19.0,38.0,760.0,380.0,380.0,0.5,1998-04,0%
11029,CHOPS,4,1998-04-16,1998-05-14,1998-04-27,1,47.84,Chop-suey Chinese,Hauptstr. 31,Bern,,3012,Switzerland,1998,4,April,1998-04,63,43.9,12,0.0,Vegie-spread,7,2,15 - 625 g jars,21.95,24,0,5,0,Condiments,21.95,43.9,526.8,263.4,263.4,0.5,1998-04,0%
11030,SAVEA,7,1998-04-17,1998-05-15,1998-04-27,2,830.75,Save-a-lot Markets,187 Suffolk Ln.,Boise,ID,83720,USA,1998,4,April,1998-04,2,19.0,100,0.25,Chang,1,1,24 - 12 oz bottles,9.5,17,40,25,0,Beverages,9.5,19.0,1425.0,950.0,475.0,0.3333333333333333,1998-04,20%+
11030,SAVEA,7,1998-04-17,1998-05-15,1998-04-27,2,830.75,Save-a-lot Markets,187 Suffolk Ln.,Boise,ID,83720,USA,1998,4,April,1998-04,5,21.35,70,0.0,Chef Anton's Gumbo Mix,2,2,36 boxes,10.675,0,0,0,1,Condiments,10.675,21.35,1494.5,747.25,747.25,0.5,1998-04,0%
11030,SAVEA,7,1998-04-17,1998-05-15,1998-04-27,2,830.75,Save-a-lot Markets,187 Suffolk Ln.,Boise,ID,83720,USA,1998,4,April,1998-04,29,123.79,60,0.25,Thringer Rostbratwurst,12,6,50 bags x 30 sausgs.,61.895,0,0,0,1,Meat/Poultry,61.895,123.79,5570.55,3713.7000000000003,1856.85,0.3333333333333333,1998-04,20%+
11030,SAVEA,7,1998-04-17,1998-05-15,1998-04-27,2,830.75,Save-a-lot Markets,187 Suffolk Ln.,Boise,ID,83720,USA,1998,4,April,1998-04,59,55.0,100,0.25,Raclette Courdavault,28,4,5 kg pkg.,27.5,79,0,0,0,Dairy Products,27.5,55.0,4125.0,2750.0,1375.0,0.3333333333333333,1998-04,20%+
11031,SAVEA,6,1998-04-17,1998-05-15,1998-04-24,2,227.22,Save-a-lot Markets,187 Suffolk Ln.,Boise,ID,83720,USA,1998,4,April,1998-04,1,18.0,45,0.0,Chai,1,1,10 boxes x 20 bags,9.0,39,0,10,0,Beverages,9.0,18.0,810.0,405.0,405.0,0.5,1998-04,0%
11031,SAVEA,6,1998-04-17,1998-05-15,1998-04-24,2,227.22,Save-a-lot Markets,187 Suffolk Ln.,Boise,ID,83720,USA,1998,4,April,1998-04,13,6.0,80,0.0,Konbu,6,8,2 kg box,3.0,24,0,5,0,Seafood,3.0,6.0,480.0,240.0,240.0,0.5,1998-04,0%
11031,SAVEA,6,1998-04-17,1998-05-15,1998-04-24,2,227.22,Save-a-lot Markets,187 Suffolk Ln.,Boise,ID,83720,USA,1998,4,April,1998-04,24,4.5,21,0.0,Guaranב Fantבstica,10,1,12 - 355 ml cans,2.25,20,0,0,1,Beverages,2.25,4.5,94.5,47.25,47.25,0.5,1998-04,0%
11031,SAVEA,6,1998-04-17,1998-05-15,1998-04-24,2,227.22,Save-a-lot Markets,187 Suffolk Ln.,Boise,ID,83720,USA,1998,4,April,1998-04,64,33.25,20,0.0,Wimmers gute Semmelknצdel,12,5,20 bags x 4 pieces,16.625,22,80,30,0,Grains/Cereals,16.625,33.25,665.0,332.5,332.5,0.5,1998-04,0%
11031,SAVEA,6,1998-04-17,1998-05-15,1998-04-24,2,227.22,Save-a-lot Markets,187 Suffolk Ln.,Boise,ID,83720,USA,1998,4,April,1998-04,71,21.5,16,0.0,Flotemysost,15,4,10 - 500 g pkgs.,10.75,26,0,0,0,Dairy Products,10.75,21.5,344.0,172.0,172.0,0.5,1998-04,0%
11032,WHITC,2,1998-04-17,1998-05-15,1998-04-23,3,606.19,White Clover Markets,1029 - 12th Ave. S.,Seattle,WA,98124,USA,1998,4,April,1998-04,36,19.0,35,0.0,Inlagd Sill,17,8,24 - 250 g  jars,9.5,112,0,20,0,Seafood,9.5,19.0,665.0,332.5,332.5,0.5,1998-04,0%
11032,WHITC,2,1998-04-17,1998-05-15,1998-04-23,3,606.19,White Clover Markets,1029 - 12th Ave. S.,Seattle,WA,98124,USA,1998,4,April,1998-04,38,263.5,25,0.0,Cפte de Blaye,18,1,12 - 75 cl bottles,131.75,17,0,15,0,Beverages,131.75,263.5,6587.5,3293.75,3293.75,0.5,1998-04,0%
11032,WHITC,2,1998-04-17,1998-05-15,1998-04-23,3,606.19,White Clover Markets,1029 - 12th Ave. S.,Seattle,WA,98124,USA,1998,4,April,1998-04,59,55.0,30,0.0,Raclette Courdavault,28,4,5 kg pkg.,27.5,79,0,0,0,Dairy Products,27.5,55.0,1650.0,825.0,825.0,0.5,1998-04,0%
11033,RICSU,7,1998-04-17,1998-05-15,1998-04-23,3,84.74,Richter Supermarkt,Starenweg 5,Genטve,,1204,Switzerland,1998,4,April,1998-04,53,32.8,70,0.1,Perth Pasties,24,6,48 pieces,16.4,0,0,0,1,Meat/Poultry,16.4,32.8,2066.4,1148.0,918.4000000000001,0.4444444444444445,1998-04,5-10%
11033,RICSU,7,1998-04-17,1998-05-15,1998-04-23,3,84.74,Richter Supermarkt,Starenweg 5,Genטve,,1204,Switzerland,1998,4,April,1998-04,69,36.0,36,0.1,Gudbrandsdalsost,15,4,10 kg pkg.,18.0,26,0,15,0,Dairy Products,18.0,36.0,1166.4,648.0,518.4000000000001,0.4444444444444445,1998-04,5-10%
11034,OLDWO,8,1998-04-20,1998-06-01,1998-04-27,1,40.32,Old World Delicatessen,2743 Bering St.,Anchorage,AK,99508,USA,1998,4,April,1998-04,21,10.0,15,0.1,Sir Rodney's Scones,8,3,24 pkgs. x 4 pieces,5.0,3,40,5,0,Confections,5.0,10.0,135.0,75.0,60.0,0.4444444444444444,1998-04,5-10%
11034,OLDWO,8,1998-04-20,1998-06-01,1998-04-27,1,40.32,Old World Delicatessen,2743 Bering St.,Anchorage,AK,99508,USA,1998,4,April,1998-04,44,19.45,12,0.0,Gula Malacca,20,2,20 - 2 kg bags,9.725,27,0,15,0,Condiments,9.725,19.45,233.39999999999998,116.69999999999999,116.69999999999999,0.5,1998-04,0%
11034,OLDWO,8,1998-04-20,1998-06-01,1998-04-27,1,40.32,Old World Delicatessen,2743 Bering St.,Anchorage,AK,99508,USA,1998,4,April,1998-04,61,28.5,6,0.0,Sirop d'יrable,29,2,24 - 500 ml bottles,14.25,113,0,25,0,Condiments,14.25,28.5,171.0,85.5,85.5,0.5,1998-04,0%
11035,SUPRD,2,1998-04-20,1998-05-18,1998-04-24,2,0.17,Suprךmes dיlices,"Boulevard Tirou, 255",Charleroi,,B-6000,Belgium,1998,4,April,1998-04,1,18.0,10,0.0,Chai,1,1,10 boxes x 20 bags,9.0,39,0,10,0,Beverages,9.0,18.0,180.0,90.0,90.0,0.5,1998-04,0%
11035,SUPRD,2,1998-04-20,1998-05-18,1998-04-24,2,0.17,Suprךmes dיlices,"Boulevard Tirou, 255",Charleroi,,B-6000,Belgium,1998,4,April,1998-04,35,18.0,60,0.0,Steeleye Stout,16,1,24 - 12 oz bottles,9.0,20,0,15,0,Beverages,9.0,18.0,1080.0,540.0,540.0,0.5,1998-04,0%
11035,SUPRD,2,1998-04-20,1998-05-18,1998-04-24,2,0.17,Suprךmes dיlices,"Boulevard Tirou, 255",Charleroi,,B-6000,Belgium,1998,4,April,1998-04,42,14.0,30,0.0,Singaporean Hokkien Fried Mee,20,5,32 - 1 kg pkgs.,7.0,26,0,0,1,Grains/Cereals,7.0,14.0,420.0,210.0,210.0,0.5,1998-04,0%
11035,SUPRD,2,1998-04-20,1998-05-18,1998-04-24,2,0.17,Suprךmes dיlices,"Boulevard Tirou, 255",Charleroi,,B-6000,Belgium,1998,4,April,1998-04,54,7.45,10,0.0,Tourtiטre,25,6,16 pies,3.725,21,0,10,0,Meat/Poultry,3.725,7.45,74.5,37.25,37.25,0.5,1998-04,0%
11036,DRACD,8,1998-04-20,1998-05-18,1998-04-22,3,149.47,Drachenblut Delikatessen,Walserweg 21,Aachen,,52066,Germany,1998,4,April,1998-04,13,6.0,7,0.0,Konbu,6,8,2 kg box,3.0,24,0,5,0,Seafood,3.0,6.0,42.0,21.0,21.0,0.5,1998-04,0%
11036,DRACD,8,1998-04-20,1998-05-18,1998-04-22,3,149.47,Drachenblut Delikatessen,Walserweg 21,Aachen,,52066,Germany,1998,4,April,1998-04,59,55.0,30,0.0,Raclette Courdavault,28,4,5 kg pkg.,27.5,79,0,0,0,Dairy Products,27.5,55.0,1650.0,825.0,825.0,0.5,1998-04,0%
11037,GODOS,7,1998-04-21,1998-05-19,1998-04-27,1,3.2,Godos Cocina Tםpica,"C/ Romero, 33",Sevilla,,41101,Spain,1998,4,April,1998-04,70,15.0,4,0.0,Outback Lager,7,1,24 - 355 ml bottles,7.5,15,10,30,0,Beverages,7.5,15.0,60.0,30.0,30.0,0.5,1998-04,0%
11038,SUPRD,1,1998-04-21,1998-05-19,1998-04-30,2,29.59,Suprךmes dיlices,"Boulevard Tirou, 255",Charleroi,,B-6000,Belgium,1998,4,April,1998-04,40,18.4,5,0.2,Boston Crab Meat,19,8,24 - 4 oz tins,9.2,123,0,30,0,Seafood,9.2,18.4,73.60000000000001,46.0,27.60000000000001,0.37500000000000006,1998-04,10-20%
11038,SUPRD,1,1998-04-21,1998-05-19,1998-04-30,2,29.59,Suprךmes dיlices,"Boulevard Tirou, 255",Charleroi,,B-6000,Belgium,1998,4,April,1998-04,52,7.0,2,0.0,Filo Mix,24,5,16 - 2 kg boxes,3.5,38,0,25,0,Grains/Cereals,3.5,7.0,14.0,7.0,7.0,0.5,1998-04,0%
11038,SUPRD,1,1998-04-21,1998-05-19,1998-04-30,2,29.59,Suprךmes dיlices,"Boulevard Tirou, 255",Charleroi,,B-6000,Belgium,1998,4,April,1998-04,71,21.5,30,0.0,Flotemysost,15,4,10 - 500 g pkgs.,10.75,26,0,0,0,Dairy Products,10.75,21.5,645.0,322.5,322.5,0.5,1998-04,0%
11039,LINOD,1,1998-04-21,1998-05-19,,2,65.0,LINO-Delicateses,Ave. 5 de Mayo Porlamar,I. de Margarita,Nueva Esparta,4980,Venezuela,1998,4,April,1998-04,28,45.6,20,0.0,Rצssle Sauerkraut,12,7,25 - 825 g cans,22.8,26,0,0,1,Produce,22.8,45.6,912.0,456.0,456.0,0.5,1998-04,0%
11039,LINOD,1,1998-04-21,1998-05-19,,2,65.0,LINO-Delicateses,Ave. 5 de Mayo Porlamar,I. de Margarita,Nueva Esparta,4980,Venezuela,1998,4,April,1998-04,35,18.0,24,0.0,Steeleye Stout,16,1,24 - 12 oz bottles,9.0,20,0,15,0,Beverages,9.0,18.0,432.0,216.0,216.0,0.5,1998-04,0%
11039,LINOD,1,1998-04-21,1998-05-19,,2,65.0,LINO-Delicateses,Ave. 5 de Mayo Porlamar,I. de Margarita,Nueva Esparta,4980,Venezuela,1998,4,April,1998-04,49,20.0,60,0.0,Maxilaku,23,3,24 - 50 g pkgs.,10.0,10,60,15,0,Confections,10.0,20.0,1200.0,600.0,600.0,0.5,1998-04,0%
11039,LINOD,1,1998-04-21,1998-05-19,,2,65.0,LINO-Delicateses,Ave. 5 de Mayo Porlamar,I. de Margarita,Nueva Esparta,4980,Venezuela,1998,4,April,1998-04,57,19.5,28,0.0,Ravioli Angelo,26,5,24 - 250 g pkgs.,9.75,36,0,20,0,Grains/Cereals,9.75,19.5,546.0,273.0,273.0,0.5,1998-04,0%
11040,GREAL,4,1998-04-22,1998-05-20,,3,18.84,Great Lakes Food Market,2732 Baker Blvd.,Eugene,OR,97403,USA,1998,4,April,1998-04,21,10.0,20,0.0,Sir Rodney's Scones,8,3,24 pkgs. x 4 pieces,5.0,3,40,5,0,Confections,5.0,10.0,200.0,100.0,100.0,0.5,1998-04,0%
11041,CHOPS,3,1998-04-22,1998-05-20,1998-04-28,2,48.22,Chop-suey Chinese,Hauptstr. 31,Bern,,3012,Switzerland,1998,4,April,1998-04,2,19.0,30,0.2,Chang,1,1,24 - 12 oz bottles,9.5,17,40,25,0,Beverages,9.5,19.0,456.0,285.0,171.0,0.375,1998-04,10-20%
11041,CHOPS,3,1998-04-22,1998-05-20,1998-04-28,2,48.22,Chop-suey Chinese,Hauptstr. 31,Bern,,3012,Switzerland,1998,4,April,1998-04,63,43.9,30,0.0,Vegie-spread,7,2,15 - 625 g jars,21.95,24,0,5,0,Condiments,21.95,43.9,1317.0,658.5,658.5,0.5,1998-04,0%
11042,COMMI,2,1998-04-22,1998-05-06,1998-05-01,1,29.99,Comיrcio Mineiro,"Av. dos Lusםadas, 23",Sao Paulo,SP,05432-043,Brazil,1998,4,April,1998-04,44,19.45,15,0.0,Gula Malacca,20,2,20 - 2 kg bags,9.725,27,0,15,0,Condiments,9.725,19.45,291.75,145.875,145.875,0.5,1998-04,0%
11042,COMMI,2,1998-04-22,1998-05-06,1998-05-01,1,29.99,Comיrcio Mineiro,"Av. dos Lusםadas, 23",Sao Paulo,SP,05432-043,Brazil,1998,4,April,1998-04,61,28.5,4,0.0,Sirop d'יrable,29,2,24 - 500 ml bottles,14.25,113,0,25,0,Condiments,14.25,28.5,114.0,57.0,57.0,0.5,1998-04,0%
11043,SPECD,5,1998-04-22,1998-05-20,1998-04-29,2,8.8,Spיcialitיs du monde,"25, rue Lauriston",Paris,,75016,France,1998,4,April,1998-04,11,21.0,10,0.0,Queso Cabrales,5,4,1 kg pkg.,10.5,22,30,30,0,Dairy Products,10.5,21.0,210.0,105.0,105.0,0.5,1998-04,0%
11044,WOLZA,4,1998-04-23,1998-05-21,1998-05-01,1,8.72,Wolski Zajazd,ul. Filtrowa 68,Warszawa,,01-012,Poland,1998,4,April,1998-04,62,49.3,12,0.0,Tarte au sucre,29,3,48 pies,24.65,17,0,0,0,Confections,24.65,49.3,591.5999999999999,295.79999999999995,295.79999999999995,0.5,1998-04,0%
11045,BOTTM,6,1998-04-23,1998-05-21,,2,70.58,Bottom-Dollar Markets,23 Tsawassen Blvd.,Tsawassen,BC,T2F 8M4,Canada,1998,4,April,1998-04,33,2.5,15,0.0,Geitost,15,4,500 g,1.25,112,0,20,0,Dairy Products,1.25,2.5,37.5,18.75,18.75,0.5,1998-04,0%
11045,BOTTM,6,1998-04-23,1998-05-21,,2,70.58,Bottom-Dollar Markets,23 Tsawassen Blvd.,Tsawassen,BC,T2F 8M4,Canada,1998,4,April,1998-04,51,53.0,24,0.0,Manjimup Dried Apples,24,7,50 - 300 g pkgs.,26.5,20,0,10,0,Produce,26.5,53.0,1272.0,636.0,636.0,0.5,1998-04,0%
11046,WANDK,8,1998-04-23,1998-05-21,1998-04-24,2,71.64,Die Wandernde Kuh,Adenauerallee 900,Stuttgart,,70563,Germany,1998,4,April,1998-04,12,38.0,20,0.05,Queso Manchego La Pastora,5,4,10 - 500 g pkgs.,19.0,86,0,0,0,Dairy Products,19.0,38.0,722.0,380.0,342.0,0.47368421052631576,1998-04,0-5%
11046,WANDK,8,1998-04-23,1998-05-21,1998-04-24,2,71.64,Die Wandernde Kuh,Adenauerallee 900,Stuttgart,,70563,Germany,1998,4,April,1998-04,32,32.0,15,0.05,Mascarpone Fabioli,14,4,24 - 200 g pkgs.,16.0,9,40,25,0,Dairy Products,16.0,32.0,456.0,240.0,216.0,0.47368421052631576,1998-04,0-5%
11046,WANDK,8,1998-04-23,1998-05-21,1998-04-24,2,71.64,Die Wandernde Kuh,Adenauerallee 900,Stuttgart,,70563,Germany,1998,4,April,1998-04,35,18.0,18,0.05,Steeleye Stout,16,1,24 - 12 oz bottles,9.0,20,0,15,0,Beverages,9.0,18.0,307.8,162.0,145.8,0.4736842105263158,1998-04,0-5%
11047,EASTC,7,1998-04-24,1998-05-22,1998-05-01,3,46.62,Eastern Connection,35 King George,London,,WX3 6FW,UK,1998,4,April,1998-04,1,18.0,25,0.25,Chai,1,1,10 boxes x 20 bags,9.0,39,0,10,0,Beverages,9.0,18.0,337.5,225.0,112.5,0.3333333333333333,1998-04,20%+
11047,EASTC,7,1998-04-24,1998-05-22,1998-05-01,3,46.62,Eastern Connection,35 King George,London,,WX3 6FW,UK,1998,4,April,1998-04,5,21.35,30,0.25,Chef Anton's Gumbo Mix,2,2,36 boxes,10.675,0,0,0,1,Condiments,10.675,21.35,480.375,320.25,160.125,0.3333333333333333,1998-04,20%+
11048,BOTTM,7,1998-04-24,1998-05-22,1998-04-30,3,24.12,Bottom-Dollar Markets,23 Tsawassen Blvd.,Tsawassen,BC,T2F 8M4,Canada,1998,4,April,1998-04,68,12.5,42,0.0,Scottish Longbreads,8,3,10 boxes x 8 pieces,6.25,6,10,15,0,Confections,6.25,12.5,525.0,262.5,262.5,0.5,1998-04,0%
11049,GOURL,3,1998-04-24,1998-05-22,1998-05-04,1,8.34,Gourmet Lanchonetes,"Av. Brasil, 442",Campinas,SP,04876-786,Brazil,1998,4,April,1998-04,2,19.0,10,0.2,Chang,1,1,24 - 12 oz bottles,9.5,17,40,25,0,Beverages,9.5,19.0,152.0,95.0,57.0,0.375,1998-04,10-20%
11049,GOURL,3,1998-04-24,1998-05-22,1998-05-04,1,8.34,Gourmet Lanchonetes,"Av. Brasil, 442",Campinas,SP,04876-786,Brazil,1998,4,April,1998-04,12,38.0,4,0.2,Queso Manchego La Pastora,5,4,10 - 500 g pkgs.,19.0,86,0,0,0,Dairy Products,19.0,38.0,121.60000000000001,76.0,45.60000000000001,0.37500000000000006,1998-04,10-20%
11050,FOLKO,8,1998-04-27,1998-05-25,1998-05-05,2,59.41,Folk och fה HB,ֵkergatan 24,Brהcke,,S-844 67,Sweden,1998,4,April,1998-04,76,18.0,50,0.1,Lakkalikצצri,23,1,500 ml,9.0,57,0,20,0,Beverages,9.0,18.0,810.0,450.0,360.0,0.4444444444444444,1998-04,5-10%
11051,LAMAI,7,1998-04-27,1998-05-25,,3,2.79,La maison d'Asie,1 rue Alsace-Lorraine,Toulouse,,31000,France,1998,4,April,1998-04,24,4.5,10,0.2,Guaranב Fantבstica,10,1,12 - 355 ml cans,2.25,20,0,0,1,Beverages,2.25,4.5,36.0,22.5,13.5,0.375,1998-04,10-20%
11052,HANAR,3,1998-04-27,1998-05-25,1998-05-01,1,67.26,Hanari Carnes,"Rua do Paחo, 67",Rio de Janeiro,RJ,05454-876,Brazil,1998,4,April,1998-04,43,46.0,30,0.2,Ipoh Coffee,20,1,16 - 500 g tins,23.0,17,10,25,0,Beverages,23.0,46.0,1104.0,690.0,414.0,0.375,1998-04,10-20%
11052,HANAR,3,1998-04-27,1998-05-25,1998-05-01,1,67.26,Hanari Carnes,"Rua do Paחo, 67",Rio de Janeiro,RJ,05454-876,Brazil,1998,4,April,1998-04,61,28.5,10,0.2,Sirop d'יrable,29,2,24 - 500 ml bottles,14.25,113,0,25,0,Condiments,14.25,28.5,228.0,142.5,85.5,0.375,1998-04,10-20%
11053,PICCO,2,1998-04-27,1998-05-25,1998-04-29,2,53.05,Piccolo und mehr,Geislweg 14,Salzburg,,5020,Austria,1998,4,April,1998-04,18,62.5,35,0.2,Carnarvon Tigers,7,8,16 kg pkg.,31.25,42,0,0,0,Seafood,31.25,62.5,1750.0,1093.75,656.25,0.375,1998-04,10-20%
11053,PICCO,2,1998-04-27,1998-05-25,1998-04-29,2,53.05,Piccolo und mehr,Geislweg 14,Salzburg,,5020,Austria,1998,4,April,1998-04,32,32.0,20,0.0,Mascarpone Fabioli,14,4,24 - 200 g pkgs.,16.0,9,40,25,0,Dairy Products,16.0,32.0,640.0,320.0,320.0,0.5,1998-04,0%
11053,PICCO,2,1998-04-27,1998-05-25,1998-04-29,2,53.05,Piccolo und mehr,Geislweg 14,Salzburg,,5020,Austria,1998,4,April,1998-04,64,33.25,25,0.2,Wimmers gute Semmelknצdel,12,5,20 bags x 4 pieces,16.625,22,80,30,0,Grains/Cereals,16.625,33.25,665.0,415.625,249.375,0.375,1998-04,10-20%
11054,CACTU,8,1998-04-28,1998-05-26,,1,0.33,Cactus Comidas para llevar,Cerrito 333,Buenos Aires,,1010,Argentina,1998,4,April,1998-04,33,2.5,10,0.0,Geitost,15,4,500 g,1.25,112,0,20,0,Dairy Products,1.25,2.5,25.0,12.5,12.5,0.5,1998-04,0%
11054,CACTU,8,1998-04-28,1998-05-26,,1,0.33,Cactus Comidas para llevar,Cerrito 333,Buenos Aires,,1010,Argentina,1998,4,April,1998-04,67,14.0,20,0.0,Laughing Lumberjack Lager,16,1,24 - 12 oz bottles,7.0,52,0,10,0,Beverages,7.0,14.0,280.0,140.0,140.0,0.5,1998-04,0%
11055,HILAA,7,1998-04-28,1998-05-26,1998-05-05,2,120.92,HILARION-Abastos,Carrera 22 con Ave. Carlos Soublette #8-35,San Cristףbal,Tבchira,5022,Venezuela,1998,4,April,1998-04,24,4.5,15,0.0,Guaranב Fantבstica,10,1,12 - 355 ml cans,2.25,20,0,0,1,Beverages,2.25,4.5,67.5,33.75,33.75,0.5,1998-04,0%
11055,HILAA,7,1998-04-28,1998-05-26,1998-05-05,2,120.92,HILARION-Abastos,Carrera 22 con Ave. Carlos Soublette #8-35,San Cristףbal,Tבchira,5022,Venezuela,1998,4,April,1998-04,25,14.0,15,0.0,NuNuCa Nu-Nougat-Creme,11,3,20 - 450 g glasses,7.0,76,0,30,0,Confections,7.0,14.0,210.0,105.0,105.0,0.5,1998-04,0%
11055,HILAA,7,1998-04-28,1998-05-26,1998-05-05,2,120.92,HILARION-Abastos,Carrera 22 con Ave. Carlos Soublette #8-35,San Cristףbal,Tבchira,5022,Venezuela,1998,4,April,1998-04,51,53.0,20,0.0,Manjimup Dried Apples,24,7,50 - 300 g pkgs.,26.5,20,0,10,0,Produce,26.5,53.0,1060.0,530.0,530.0,0.5,1998-04,0%
11055,HILAA,7,1998-04-28,1998-05-26,1998-05-05,2,120.92,HILARION-Abastos,Carrera 22 con Ave. Carlos Soublette #8-35,San Cristףbal,Tבchira,5022,Venezuela,1998,4,April,1998-04,57,19.5,20,0.0,Ravioli Angelo,26,5,24 - 250 g pkgs.,9.75,36,0,20,0,Grains/Cereals,9.75,19.5,390.0,195.0,195.0,0.5,1998-04,0%
11056,EASTC,8,1998-04-28,1998-05-12,1998-05-01,2,278.96,Eastern Connection,35 King George,London,,WX3 6FW,UK,1998,4,April,1998-04,7,30.0,40,0.0,Uncle Bob's Organic Dried Pears,3,7,12 - 1 lb pkgs.,15.0,15,0,10,0,Produce,15.0,30.0,1200.0,600.0,600.0,0.5,1998-04,0%
11056,EASTC,8,1998-04-28,1998-05-12,1998-05-01,2,278.96,Eastern Connection,35 King George,London,,WX3 6FW,UK,1998,4,April,1998-04,55,24.0,35,0.0,Pגtי chinois,25,6,24 boxes x 2 pies,12.0,115,0,20,0,Meat/Poultry,12.0,24.0,840.0,420.0,420.0,0.5,1998-04,0%
11056,EASTC,8,1998-04-28,1998-05-12,1998-05-01,2,278.96,Eastern Connection,35 King George,London,,WX3 6FW,UK,1998,4,April,1998-04,60,34.0,50,0.0,Camembert Pierrot,28,4,15 - 300 g rounds,17.0,19,0,0,0,Dairy Products,17.0,34.0,1700.0,850.0,850.0,0.5,1998-04,0%
11057,NORTS,3,1998-04-29,1998-05-27,1998-05-01,3,4.13,North/South,South House 300 Queensbridge,London,,SW7 1RZ,UK,1998,4,April,1998-04,70,15.0,3,0.0,Outback Lager,7,1,24 - 355 ml bottles,7.5,15,10,30,0,Beverages,7.5,15.0,45.0,22.5,22.5,0.5,1998-04,0%
11058,BLAUS,9,1998-04-29,1998-05-27,,3,31.14,Blauer See Delikatessen,Forsterstr. 57,Mannheim,,68306,Germany,1998,4,April,1998-04,21,10.0,3,0.0,Sir Rodney's Scones,8,3,24 pkgs. x 4 pieces,5.0,3,40,5,0,Confections,5.0,10.0,30.0,15.0,15.0,0.5,1998-04,0%
11058,BLAUS,9,1998-04-29,1998-05-27,,3,31.14,Blauer See Delikatessen,Forsterstr. 57,Mannheim,,68306,Germany,1998,4,April,1998-04,60,34.0,21,0.0,Camembert Pierrot,28,4,15 - 300 g rounds,17.0,19,0,0,0,Dairy Products,17.0,34.0,714.0,357.0,357.0,0.5,1998-04,0%
11058,BLAUS,9,1998-04-29,1998-05-27,,3,31.14,Blauer See Delikatessen,Forsterstr. 57,Mannheim,,68306,Germany,1998,4,April,1998-04,61,28.5,4,0.0,Sirop d'יrable,29,2,24 - 500 ml bottles,14.25,113,0,25,0,Condiments,14.25,28.5,114.0,57.0,57.0,0.5,1998-04,0%
11059,RICAR,2,1998-04-29,1998-06-10,,2,85.8,Ricardo Adocicados,"Av. Copacabana, 267",Rio de Janeiro,RJ,02389-890,Brazil,1998,4,April,1998-04,13,6.0,30,0.0,Konbu,6,8,2 kg box,3.0,24,0,5,0,Seafood,3.0,6.0,180.0,90.0,90.0,0.5,1998-04,0%
11059,RICAR,2,1998-04-29,1998-06-10,,2,85.8,Ricardo Adocicados,"Av. Copacabana, 267",Rio de Janeiro,RJ,02389-890,Brazil,1998,4,April,1998-04,17,39.0,12,0.0,Alice Mutton,7,6,20 - 1 kg tins,19.5,0,0,0,1,Meat/Poultry,19.5,39.0,468.0,234.0,234.0,0.5,1998-04,0%
11059,RICAR,2,1998-04-29,1998-06-10,,2,85.8,Ricardo Adocicados,"Av. Copacabana, 267",Rio de Janeiro,RJ,02389-890,Brazil,1998,4,April,1998-04,60,34.0,35,0.0,Camembert Pierrot,28,4,15 - 300 g rounds,17.0,19,0,0,0,Dairy Products,17.0,34.0,1190.0,595.0,595.0,0.5,1998-04,0%
11060,FRANS,2,1998-04-30,1998-05-28,1998-05-04,2,10.98,Franchi S.p.A.,Via Monte Bianco 34,Torino,,10100,Italy,1998,4,April,1998-04,60,34.0,4,0.0,Camembert Pierrot,28,4,15 - 300 g rounds,17.0,19,0,0,0,Dairy Products,17.0,34.0,136.0,68.0,68.0,0.5,1998-04,0%
11060,FRANS,2,1998-04-30,1998-05-28,1998-05-04,2,10.98,Franchi S.p.A.,Via Monte Bianco 34,Torino,,10100,Italy,1998,4,April,1998-04,77,13.0,10,0.0,Original Frankfurter grne Soe,12,2,12 boxes,6.5,32,0,15,0,Condiments,6.5,13.0,130.0,65.0,65.0,0.5,1998-04,0%
11061,GREAL,4,1998-04-30,1998-06-11,,3,14.01,Great Lakes Food Market,2732 Baker Blvd.,Eugene,OR,97403,USA,1998,4,April,1998-04,60,34.0,15,0.0,Camembert Pierrot,28,4,15 - 300 g rounds,17.0,19,0,0,0,Dairy Products,17.0,34.0,510.0,255.0,255.0,0.5,1998-04,0%
11062,REGGC,4,1998-04-30,1998-05-28,,2,29.93,Reggiani Caseifici,Strada Provinciale 124,Reggio Emilia,,42100,Italy,1998,4,April,1998-04,53,32.8,10,0.2,Perth Pasties,24,6,48 pieces,16.4,0,0,0,1,Meat/Poultry,16.4,32.8,262.40000000000003,164.0,98.40000000000003,0.37500000000000006,1998-04,10-20%
11062,REGGC,4,1998-04-30,1998-05-28,,2,29.93,Reggiani Caseifici,Strada Provinciale 124,Reggio Emilia,,42100,Italy,1998,4,April,1998-04,70,15.0,12,0.2,Outback Lager,7,1,24 - 355 ml bottles,7.5,15,10,30,0,Beverages,7.5,15.0,144.0,90.0,54.0,0.375,1998-04,10-20%
11063,HUNGO,3,1998-04-30,1998-05-28,1998-05-06,2,81.73,Hungry Owl All-Night Grocers,8 Johnstown Road,Cork,Co. Cork,,Ireland,1998,4,April,1998-04,34,14.0,30,0.0,Sasquatch Ale,16,1,24 - 12 oz bottles,7.0,111,0,15,0,Beverages,7.0,14.0,420.0,210.0,210.0,0.5,1998-04,0%
11063,HUNGO,3,1998-04-30,1998-05-28,1998-05-06,2,81.73,Hungry Owl All-Night Grocers,8 Johnstown Road,Cork,Co. Cork,,Ireland,1998,4,April,1998-04,40,18.4,40,0.1,Boston Crab Meat,19,8,24 - 4 oz tins,9.2,123,0,30,0,Seafood,9.2,18.4,662.4,368.0,294.4,0.4444444444444444,1998-04,5-10%
11063,HUNGO,3,1998-04-30,1998-05-28,1998-05-06,2,81.73,Hungry Owl All-Night Grocers,8 Johnstown Road,Cork,Co. Cork,,Ireland,1998,4,April,1998-04,41,9.65,30,0.1,Jack's New England Clam Chowder,19,8,12 - 12 oz cans,4.825,85,0,10,0,Seafood,4.825,9.65,260.55,144.75,115.80000000000001,0.4444444444444445,1998-04,5-10%
11064,SAVEA,1,1998-05-01,1998-05-29,1998-05-04,1,30.09,Save-a-lot Markets,187 Suffolk Ln.,Boise,ID,83720,USA,1998,5,May,1998-05,17,39.0,77,0.1,Alice Mutton,7,6,20 - 1 kg tins,19.5,0,0,0,1,Meat/Poultry,19.5,39.0,2702.7000000000003,1501.5,1201.2000000000003,0.4444444444444445,1998-05,5-10%
11064,SAVEA,1,1998-05-01,1998-05-29,1998-05-04,1,30.09,Save-a-lot Markets,187 Suffolk Ln.,Boise,ID,83720,USA,1998,5,May,1998-05,41,9.65,12,0.0,Jack's New England Clam Chowder,19,8,12 - 12 oz cans,4.825,85,0,10,0,Seafood,4.825,9.65,115.80000000000001,57.900000000000006,57.900000000000006,0.5,1998-05,0%
11064,SAVEA,1,1998-05-01,1998-05-29,1998-05-04,1,30.09,Save-a-lot Markets,187 Suffolk Ln.,Boise,ID,83720,USA,1998,5,May,1998-05,53,32.8,25,0.1,Perth Pasties,24,6,48 pieces,16.4,0,0,0,1,Meat/Poultry,16.4,32.8,737.9999999999999,409.99999999999994,327.99999999999994,0.4444444444444444,1998-05,5-10%
11064,SAVEA,1,1998-05-01,1998-05-29,1998-05-04,1,30.09,Save-a-lot Markets,187 Suffolk Ln.,Boise,ID,83720,USA,1998,5,May,1998-05,55,24.0,4,0.1,Pגtי chinois,25,6,24 boxes x 2 pies,12.0,115,0,20,0,Meat/Poultry,12.0,24.0,86.4,48.0,38.400000000000006,0.4444444444444445,1998-05,5-10%
11064,SAVEA,1,1998-05-01,1998-05-29,1998-05-04,1,30.09,Save-a-lot Markets,187 Suffolk Ln.,Boise,ID,83720,USA,1998,5,May,1998-05,68,12.5,55,0.0,Scottish Longbreads,8,3,10 boxes x 8 pieces,6.25,6,10,15,0,Confections,6.25,12.5,687.5,343.75,343.75,0.5,1998-05,0%
11065,LILAS,8,1998-05-01,1998-05-29,,1,12.91,LILA-Supermercado,Carrera 52 con Ave. Bolםvar #65-98 Llano Largo,Barquisimeto,Lara,3508,Venezuela,1998,5,May,1998-05,30,25.89,4,0.25,Nord-Ost Matjeshering,13,8,10 - 200 g glasses,12.945,10,0,15,0,Seafood,12.945,25.89,77.67,51.78,25.89,0.3333333333333333,1998-05,20%+
11065,LILAS,8,1998-05-01,1998-05-29,,1,12.91,LILA-Supermercado,Carrera 52 con Ave. Bolםvar #65-98 Llano Largo,Barquisimeto,Lara,3508,Venezuela,1998,5,May,1998-05,54,7.45,20,0.25,Tourtiטre,25,6,16 pies,3.725,21,0,10,0,Meat/Poultry,3.725,7.45,111.75,74.5,37.25,0.3333333333333333,1998-05,20%+
11066,WHITC,7,1998-05-01,1998-05-29,1998-05-04,2,44.72,White Clover Markets,1029 - 12th Ave. S.,Seattle,WA,98124,USA,1998,5,May,1998-05,16,17.45,3,0.0,Pavlova,7,3,32 - 500 g boxes,8.725,29,0,10,0,Confections,8.725,17.45,52.349999999999994,26.174999999999997,26.174999999999997,0.5,1998-05,0%
11066,WHITC,7,1998-05-01,1998-05-29,1998-05-04,2,44.72,White Clover Markets,1029 - 12th Ave. S.,Seattle,WA,98124,USA,1998,5,May,1998-05,19,9.2,42,0.0,Teatime Chocolate Biscuits,8,3,10 boxes x 12 pieces,4.6,25,0,5,0,Confections,4.6,9.2,386.4,193.2,193.2,0.5,1998-05,0%
11066,WHITC,7,1998-05-01,1998-05-29,1998-05-04,2,44.72,White Clover Markets,1029 - 12th Ave. S.,Seattle,WA,98124,USA,1998,5,May,1998-05,34,14.0,35,0.0,Sasquatch Ale,16,1,24 - 12 oz bottles,7.0,111,0,15,0,Beverages,7.0,14.0,490.0,245.0,245.0,0.5,1998-05,0%
11067,DRACD,1,1998-05-04,1998-05-18,1998-05-06,2,7.98,Drachenblut Delikatessen,Walserweg 21,Aachen,,52066,Germany,1998,5,May,1998-05,41,9.65,9,0.0,Jack's New England Clam Chowder,19,8,12 - 12 oz cans,4.825,85,0,10,0,Seafood,4.825,9.65,86.85000000000001,43.425000000000004,43.425000000000004,0.5,1998-05,0%
11068,QUEEN,8,1998-05-04,1998-06-01,,2,81.75,Queen Cozinha,"Alameda dos Canאrios, 891",Sao Paulo,SP,05487-020,Brazil,1998,5,May,1998-05,28,45.6,8,0.15,Rצssle Sauerkraut,12,7,25 - 825 g cans,22.8,26,0,0,1,Produce,22.8,45.6,310.08,182.4,127.67999999999998,0.41176470588235287,1998-05,10-20%
11068,QUEEN,8,1998-05-04,1998-06-01,,2,81.75,Queen Cozinha,"Alameda dos Canאrios, 891",Sao Paulo,SP,05487-020,Brazil,1998,5,May,1998-05,43,46.0,36,0.15,Ipoh Coffee,20,1,16 - 500 g tins,23.0,17,10,25,0,Beverages,23.0,46.0,1407.6,828.0,579.5999999999999,0.4117647058823529,1998-05,10-20%
11068,QUEEN,8,1998-05-04,1998-06-01,,2,81.75,Queen Cozinha,"Alameda dos Canאrios, 891",Sao Paulo,SP,05487-020,Brazil,1998,5,May,1998-05,77,13.0,28,0.15,Original Frankfurter grne Soe,12,2,12 boxes,6.5,32,0,15,0,Condiments,6.5,13.0,309.4,182.0,127.39999999999998,0.4117647058823529,1998-05,10-20%
11069,TORTU,1,1998-05-04,1998-06-01,1998-05-06,2,15.67,Tortuga Restaurante,Avda. Azteca 123,Mיxico D.F.,,5033,Mexico,1998,5,May,1998-05,39,18.0,20,0.0,Chartreuse verte,18,1,750 cc per bottle,9.0,69,0,5,0,Beverages,9.0,18.0,360.0,180.0,180.0,0.5,1998-05,0%
11070,LEHMS,2,1998-05-05,1998-06-02,,1,136.0,Lehmanns Marktstand,Magazinweg 7,Frankfurt a.M.,,60528,Germany,1998,5,May,1998-05,1,18.0,40,0.15,Chai,1,1,10 boxes x 20 bags,9.0,39,0,10,0,Beverages,9.0,18.0,612.0,360.0,252.0,0.4117647058823529,1998-05,10-20%
11070,LEHMS,2,1998-05-05,1998-06-02,,1,136.0,Lehmanns Marktstand,Magazinweg 7,Frankfurt a.M.,,60528,Germany,1998,5,May,1998-05,2,19.0,20,0.15,Chang,1,1,24 - 12 oz bottles,9.5,17,40,25,0,Beverages,9.5,19.0,323.0,190.0,133.0,0.4117647058823529,1998-05,10-20%
11070,LEHMS,2,1998-05-05,1998-06-02,,1,136.0,Lehmanns Marktstand,Magazinweg 7,Frankfurt a.M.,,60528,Germany,1998,5,May,1998-05,16,17.45,30,0.15,Pavlova,7,3,32 - 500 g boxes,8.725,29,0,10,0,Confections,8.725,17.45,444.97499999999997,261.75,183.22499999999997,0.4117647058823529,1998-05,10-20%
11070,LEHMS,2,1998-05-05,1998-06-02,,1,136.0,Lehmanns Marktstand,Magazinweg 7,Frankfurt a.M.,,60528,Germany,1998,5,May,1998-05,31,12.5,20,0.0,Gorgonzola Telino,14,4,12 - 100 g pkgs,6.25,0,70,20,0,Dairy Products,6.25,12.5,250.0,125.0,125.0,0.5,1998-05,0%
11071,LILAS,1,1998-05-05,1998-06-02,,1,0.93,LILA-Supermercado,Carrera 52 con Ave. Bolםvar #65-98 Llano Largo,Barquisimeto,Lara,3508,Venezuela,1998,5,May,1998-05,7,30.0,15,0.05,Uncle Bob's Organic Dried Pears,3,7,12 - 1 lb pkgs.,15.0,15,0,10,0,Produce,15.0,30.0,427.5,225.0,202.5,0.47368421052631576,1998-05,0-5%
11071,LILAS,1,1998-05-05,1998-06-02,,1,0.93,LILA-Supermercado,Carrera 52 con Ave. Bolםvar #65-98 Llano Largo,Barquisimeto,Lara,3508,Venezuela,1998,5,May,1998-05,13,6.0,10,0.05,Konbu,6,8,2 kg box,3.0,24,0,5,0,Seafood,3.0,6.0,57.0,30.0,27.0,0.47368421052631576,1998-05,0-5%
11072,ERNSH,4,1998-05-05,1998-06-02,,2,258.64,Ernst Handel,Kirchgasse 6,Graz,,8010,Austria,1998,5,May,1998-05,2,19.0,8,0.0,Chang,1,1,24 - 12 oz bottles,9.5,17,40,25,0,Beverages,9.5,19.0,152.0,76.0,76.0,0.5,1998-05,0%
11072,ERNSH,4,1998-05-05,1998-06-02,,2,258.64,Ernst Handel,Kirchgasse 6,Graz,,8010,Austria,1998,5,May,1998-05,41,9.65,40,0.0,Jack's New England Clam Chowder,19,8,12 - 12 oz cans,4.825,85,0,10,0,Seafood,4.825,9.65,386.0,193.0,193.0,0.5,1998-05,0%
11072,ERNSH,4,1998-05-05,1998-06-02,,2,258.64,Ernst Handel,Kirchgasse 6,Graz,,8010,Austria,1998,5,May,1998-05,50,16.25,22,0.0,Valkoinen suklaa,23,3,12 - 100 g bars,8.125,65,0,30,0,Confections,8.125,16.25,357.5,178.75,178.75,0.5,1998-05,0%
11072,ERNSH,4,1998-05-05,1998-06-02,,2,258.64,Ernst Handel,Kirchgasse 6,Graz,,8010,Austria,1998,5,May,1998-05,64,33.25,130,0.0,Wimmers gute Semmelknצdel,12,5,20 bags x 4 pieces,16.625,22,80,30,0,Grains/Cereals,16.625,33.25,4322.5,2161.25,2161.25,0.5,1998-05,0%
11073,PERIC,2,1998-05-05,1998-06-02,,2,24.95,Pericles Comidas clבsicas,Calle Dr. Jorge Cash 321,Mיxico D.F.,,5033,Mexico,1998,5,May,1998-05,11,21.0,10,0.0,Queso Cabrales,5,4,1 kg pkg.,10.5,22,30,30,0,Dairy Products,10.5,21.0,210.0,105.0,105.0,0.5,1998-05,0%
11073,PERIC,2,1998-05-05,1998-06-02,,2,24.95,Pericles Comidas clבsicas,Calle Dr. Jorge Cash 321,Mיxico D.F.,,5033,Mexico,1998,5,May,1998-05,24,4.5,20,0.0,Guaranב Fantבstica,10,1,12 - 355 ml cans,2.25,20,0,0,1,Beverages,2.25,4.5,90.0,45.0,45.0,0.5,1998-05,0%
11074,SIMOB,7,1998-05-06,1998-06-03,,2,18.44,Simons bistro,Vinbזltet 34,Kobenhavn,,1734,Denmark,1998,5,May,1998-05,16,17.45,14,0.05,Pavlova,7,3,32 - 500 g boxes,8.725,29,0,10,0,Confections,8.725,17.45,232.08499999999998,122.14999999999999,109.93499999999999,0.47368421052631576,1998-05,0-5%
11075,RICSU,8,1998-05-06,1998-06-03,,2,6.19,Richter Supermarkt,Starenweg 5,Genטve,,1204,Switzerland,1998,5,May,1998-05,2,19.0,10,0.15,Chang,1,1,24 - 12 oz bottles,9.5,17,40,25,0,Beverages,9.5,19.0,161.5,95.0,66.5,0.4117647058823529,1998-05,10-20%
11075,RICSU,8,1998-05-06,1998-06-03,,2,6.19,Richter Supermarkt,Starenweg 5,Genטve,,1204,Switzerland,1998,5,May,1998-05,46,12.0,30,0.15,Spegesild,21,8,4 - 450 g glasses,6.0,95,0,0,0,Seafood,6.0,12.0,306.0,180.0,126.0,0.4117647058823529,1998-05,10-20%
11075,RICSU,8,1998-05-06,1998-06-03,,2,6.19,Richter Supermarkt,Starenweg 5,Genטve,,1204,Switzerland,1998,5,May,1998-05,76,18.0,2,0.15,Lakkalikצצri,23,1,500 ml,9.0,57,0,20,0,Beverages,9.0,18.0,30.599999999999998,18.0,12.599999999999998,0.4117647058823529,1998-05,10-20%
11076,BONAP,4,1998-05-06,1998-06-03,,2,38.28,Bon app',"12, rue des Bouchers",Marseille,,13008,France,1998,5,May,1998-05,6,25.0,20,0.25,Grandma's Boysenberry Spread,3,2,12 - 8 oz jars,12.5,120,0,25,0,Condiments,12.5,25.0,375.0,250.0,125.0,0.3333333333333333,1998-05,20%+
11076,BONAP,4,1998-05-06,1998-06-03,,2,38.28,Bon app',"12, rue des Bouchers",Marseille,,13008,France,1998,5,May,1998-05,14,23.25,20,0.25,Tofu,6,7,40 - 100 g pkgs.,11.625,35,0,0,0,Produce,11.625,23.25,348.75,232.5,116.25,0.3333333333333333,1998-05,20%+
11076,BONAP,4,1998-05-06,1998-06-03,,2,38.28,Bon app',"12, rue des Bouchers",Marseille,,13008,France,1998,5,May,1998-05,19,9.2,10,0.25,Teatime Chocolate Biscuits,8,3,10 boxes x 12 pieces,4.6,25,0,5,0,Confections,4.6,9.2,69.0,46.0,23.0,0.3333333333333333,1998-05,20%+
11077,RATTC,1,1998-05-06,1998-06-03,,2,8.53,Rattlesnake Canyon Grocery,2817 Milton Dr.,Albuquerque,NM,87110,USA,1998,5,May,1998-05,2,19.0,24,0.2,Chang,1,1,24 - 12 oz bottles,9.5,17,40,25,0,Beverages,9.5,19.0,364.8,228.0,136.8,0.375,1998-05,10-20%
11077,RATTC,1,1998-05-06,1998-06-03,,2,8.53,Rattlesnake Canyon Grocery,2817 Milton Dr.,Albuquerque,NM,87110,USA,1998,5,May,1998-05,3,10.0,4,0.0,Aniseed Syrup,1,2,12 - 550 ml bottles,5.0,13,70,25,0,Condiments,5.0,10.0,40.0,20.0,20.0,0.5,1998-05,0%
11077,RATTC,1,1998-05-06,1998-06-03,,2,8.53,Rattlesnake Canyon Grocery,2817 Milton Dr.,Albuquerque,NM,87110,USA,1998,5,May,1998-05,4,22.0,1,0.0,Chef Anton's Cajun Seasoning,2,2,48 - 6 oz jars,11.0,53,0,0,0,Condiments,11.0,22.0,22.0,11.0,11.0,0.5,1998-05,0%
11077,RATTC,1,1998-05-06,1998-06-03,,2,8.53,Rattlesnake Canyon Grocery,2817 Milton Dr.,Albuquerque,NM,87110,USA,1998,5,May,1998-05,6,25.0,1,0.02,Grandma's Boysenberry Spread,3,2,12 - 8 oz jars,12.5,120,0,25,0,Condiments,12.5,25.0,24.5,12.5,12.0,0.4897959183673469,1998-05,0-5%
11077,RATTC,1,1998-05-06,1998-06-03,,2,8.53,Rattlesnake Canyon Grocery,2817 Milton Dr.,Albuquerque,NM,87110,USA,1998,5,May,1998-05,7,30.0,1,0.05,Uncle Bob's Organic Dried Pears,3,7,12 - 1 lb pkgs.,15.0,15,0,10,0,Produce,15.0,30.0,28.5,15.0,13.5,0.47368421052631576,1998-05,0-5%
11077,RATTC,1,1998-05-06,1998-06-03,,2,8.53,Rattlesnake Canyon Grocery,2817 Milton Dr.,Albuquerque,NM,87110,USA,1998,5,May,1998-05,8,40.0,2,0.1,Northwoods Cranberry Sauce,3,2,12 - 12 oz jars,20.0,6,0,0,0,Condiments,20.0,40.0,72.0,40.0,32.0,0.4444444444444444,1998-05,5-10%
11077,RATTC,1,1998-05-06,1998-06-03,,2,8.53,Rattlesnake Canyon Grocery,2817 Milton Dr.,Albuquerque,NM,87110,USA,1998,5,May,1998-05,10,31.0,1,0.0,Ikura,4,8,12 - 200 ml jars,15.5,31,0,0,0,Seafood,15.5,31.0,31.0,15.5,15.5,0.5,1998-05,0%
11077,RATTC,1,1998-05-06,1998-06-03,,2,8.53,Rattlesnake Canyon Grocery,2817 Milton Dr.,Albuquerque,NM,87110,USA,1998,5,May,1998-05,12,38.0,2,0.05,Queso Manchego La Pastora,5,4,10 - 500 g pkgs.,19.0,86,0,0,0,Dairy Products,19.0,38.0,72.2,38.0,34.2,0.4736842105263158,1998-05,0-5%
11077,RATTC,1,1998-05-06,1998-06-03,,2,8.53,Rattlesnake Canyon Grocery,2817 Milton Dr.,Albuquerque,NM,87110,USA,1998,5,May,1998-05,13,6.0,4,0.0,Konbu,6,8,2 kg box,3.0,24,0,5,0,Seafood,3.0,6.0,24.0,12.0,12.0,0.5,1998-05,0%
11077,RATTC,1,1998-05-06,1998-06-03,,2,8.53,Rattlesnake Canyon Grocery,2817 Milton Dr.,Albuquerque,NM,87110,USA,1998,5,May,1998-05,14,23.25,1,0.03,Tofu,6,7,40 - 100 g pkgs.,11.625,35,0,0,0,Produce,11.625,23.25,22.5525,11.625,10.927499999999998,0.48453608247422675,1998-05,0-5%
11077,RATTC,1,1998-05-06,1998-06-03,,2,8.53,Rattlesnake Canyon Grocery,2817 Milton Dr.,Albuquerque,NM,87110,USA,1998,5,May,1998-05,16,17.45,2,0.03,Pavlova,7,3,32 - 500 g boxes,8.725,29,0,10,0,Confections,8.725,17.45,33.852999999999994,17.45,16.402999999999995,0.48453608247422675,1998-05,0-5%
11077,RATTC,1,1998-05-06,1998-06-03,,2,8.53,Rattlesnake Canyon Grocery,2817 Milton Dr.,Albuquerque,NM,87110,USA,1998,5,May,1998-05,20,81.0,1,0.04,Sir Rodney's Marmalade,8,3,30 gift boxes,40.5,40,0,0,0,Confections,40.5,81.0,77.75999999999999,40.5,37.25999999999999,0.47916666666666663,1998-05,0-5%
11077,RATTC,1,1998-05-06,1998-06-03,,2,8.53,Rattlesnake Canyon Grocery,2817 Milton Dr.,Albuquerque,NM,87110,USA,1998,5,May,1998-05,23,9.0,2,0.0,Tunnbrצd,9,5,12 - 250 g pkgs.,4.5,61,0,25,0,Grains/Cereals,4.5,9.0,18.0,9.0,9.0,0.5,1998-05,0%
11077,RATTC,1,1998-05-06,1998-06-03,,2,8.53,Rattlesnake Canyon Grocery,2817 Milton Dr.,Albuquerque,NM,87110,USA,1998,5,May,1998-05,32,32.0,1,0.0,Mascarpone Fabioli,14,4,24 - 200 g pkgs.,16.0,9,40,25,0,Dairy Products,16.0,32.0,32.0,16.0,16.0,0.5,1998-05,0%
11077,RATTC,1,1998-05-06,1998-06-03,,2,8.53,Rattlesnake Canyon Grocery,2817 Milton Dr.,Albuquerque,NM,87110,USA,1998,5,May,1998-05,39,18.0,2,0.05,Chartreuse verte,18,1,750 cc per bottle,9.0,69,0,5,0,Beverages,9.0,18.0,34.199999999999996,18.0,16.199999999999996,0.4736842105263157,1998-05,0-5%
11077,RATTC,1,1998-05-06,1998-06-03,,2,8.53,Rattlesnake Canyon Grocery,2817 Milton Dr.,Albuquerque,NM,87110,USA,1998,5,May,1998-05,41,9.65,3,0.0,Jack's New England Clam Chowder,19,8,12 - 12 oz cans,4.825,85,0,10,0,Seafood,4.825,9.65,28.950000000000003,14.475000000000001,14.475000000000001,0.5,1998-05,0%
11077,RATTC,1,1998-05-06,1998-06-03,,2,8.53,Rattlesnake Canyon Grocery,2817 Milton Dr.,Albuquerque,NM,87110,USA,1998,5,May,1998-05,46,12.0,3,0.02,Spegesild,21,8,4 - 450 g glasses,6.0,95,0,0,0,Seafood,6.0,12.0,35.28,18.0,17.28,0.489795918367347,1998-05,0-5%
11077,RATTC,1,1998-05-06,1998-06-03,,2,8.53,Rattlesnake Canyon Grocery,2817 Milton Dr.,Albuquerque,NM,87110,USA,1998,5,May,1998-05,52,7.0,2,0.0,Filo Mix,24,5,16 - 2 kg boxes,3.5,38,0,25,0,Grains/Cereals,3.5,7.0,14.0,7.0,7.0,0.5,1998-05,0%
11077,RATTC,1,1998-05-06,1998-06-03,,2,8.53,Rattlesnake Canyon Grocery,2817 Milton Dr.,Albuquerque,NM,87110,USA,1998,5,May,1998-05,55,24.0,2,0.0,Pגtי chinois,25,6,24 boxes x 2 pies,12.0,115,0,20,0,Meat/Poultry,12.0,24.0,48.0,24.0,24.0,0.5,1998-05,0%
11077,RATTC,1,1998-05-06,1998-06-03,,2,8.53,Rattlesnake Canyon Grocery,2817 Milton Dr.,Albuquerque,NM,87110,USA,1998,5,May,1998-05,60,34.0,2,0.06,Camembert Pierrot,28,4,15 - 300 g rounds,17.0,19,0,0,0,Dairy Products,17.0,34.0,63.919999999999995,34.0,29.919999999999995,0.4680851063829787,1998-05,5-10%
11077,RATTC,1,1998-05-06,1998-06-03,,2,8.53,Rattlesnake Canyon Grocery,2817 Milton Dr.,Albuquerque,NM,87110,USA,1998,5,May,1998-05,64,33.25,2,0.03,Wimmers gute Semmelknצdel,12,5,20 bags x 4 pieces,16.625,22,80,30,0,Grains/Cereals,16.625,33.25,64.505,33.25,31.254999999999995,0.48453608247422675,1998-05,0-5%
11077,RATTC,1,1998-05-06,1998-06-03,,2,8.53,Rattlesnake Canyon Grocery,2817 Milton Dr.,Albuquerque,NM,87110,USA,1998,5,May,1998-05,66,17.0,1,0.0,Louisiana Hot Spiced Okra,2,2,24 - 8 oz jars,8.5,4,100,20,0,Condiments,8.5,17.0,17.0,8.5,8.5,0.5,1998-05,0%
11077,RATTC,1,1998-05-06,1998-06-03,,2,8.53,Rattlesnake Canyon Grocery,2817 Milton Dr.,Albuquerque,NM,87110,USA,1998,5,May,1998-05,73,15.0,2,0.01,Rצd Kaviar,17,8,24 - 150 g jars,7.5,101,0,5,0,Seafood,7.5,15.0,29.7,15.0,14.7,0.4949494949494949,1998-05,0-5%
11077,RATTC,1,1998-05-06,1998-06-03,,2,8.53,Rattlesnake Canyon Grocery,2817 Milton Dr.,Albuquerque,NM,87110,USA,1998,5,May,1998-05,75,7.75,4,0.0,Rhצnbrהu Klosterbier,12,1,24 - 0.5 l bottles,3.875,125,0,25,0,Beverages,3.875,7.75,31.0,15.5,15.5,0.5,1998-05,0%
11077,RATTC,1,1998-05-06,1998-06-03,,2,8.53,Rattlesnake Canyon Grocery,2817 Milton Dr.,Albuquerque,NM,87110,USA,1998,5,May,1998-05,77,13.0,2,0.0,Original Frankfurter grne Soe,12,2,12 boxes,6.5,32,0,15,0,Condiments,6.5,13.0,26.0,13.0,13.0,0.5,1998-05,0%
